turbine_id,ts,vento_ms,potencia_kw,potencia_disponivel_kw,setpoint_kw,pitch_graus,rotor_rpm,temp_nacele_c,temp_mancal_gerador_c,temp_mancal_caixa_c,status,qualidade,is_simulated,fonte_ingestao
DEMO_NE_WTG01,2026-01-05T03:00:00Z,7.255524854229104,626.0140908592638,626.0140908592638,626.0140908592638,2.0,7.086713636197546,31.043356818098772,39.17342727239509,41.17342727239509,operando,ok,true,twin
DEMO_NE_WTG02,2026-01-05T03:00:00Z,7.255524854229104,609.9758881982051,609.9758881982051,609.9758881982051,2.0,7.033252960660684,31.01662648033034,39.066505921321365,41.066505921321365,operando,ok,true,twin
DEMO_NE_WTG03,2026-01-05T03:00:00Z,7.255524854229104,594.1942912613209,594.1942912613209,594.1942912613209,2.0,6.980647637537737,30.990323818768868,38.96129527507547,40.96129527507547,operando,ok,true,twin
DEMO_NE_WTG04,2026-01-05T03:00:00Z,7.255524854229104,578.6672306476094,578.6672306476094,578.6672306476094,2.0,6.928890768825364,30.96444538441268,38.85778153765073,40.85778153765073,operando,ok,true,twin
DEMO_NE_WTG05,2026-01-05T03:00:00Z,7.255524854229104,563.3926369560694,563.3926369560694,563.3926369560694,2.0,6.877975456520232,30.938987728260116,38.755950913040465,40.755950913040465,operando,ok,true,twin
DEMO_NE_WTG06,2026-01-05T03:00:00Z,7.255524854229104,548.3684407856996,548.3684407856996,548.3684407856996,2.0,6.8278948026189985,30.9139474013095,38.655789605238,40.655789605238,operando,ok,true,twin
DEMO_NE_WTG01,2026-01-05T03:10:00Z,6.807804316551981,508.8463100132463,508.8463100132463,508.8463100132463,2.0,6.696154366710821,30.84807718335541,38.39230873342164,40.39230873342164,operando,ok,true,twin
DEMO_NE_WTG02,2026-01-05T03:10:00Z,6.807804316551981,495.5976978684735,495.5976978684735,495.5976978684735,2.0,6.651992326228245,30.825996163114123,38.30398465245649,40.30398465245649,operando,ok,true,twin
DEMO_NE_WTG03,2026-01-05T03:10:00Z,6.807804316551981,482.56105895945313,482.56105895945313,482.56105895945313,2.0,6.608536863198177,30.804268431599088,38.21707372639635,40.21707372639635,operando,ok,true,twin
DEMO_NE_WTG04,2026-01-05T03:10:00Z,6.807804316551981,469.73468382460584,469.73468382460584,469.73468382460584,2.0,6.565782279415353,30.782891139707676,38.1315645588307,40.1315645588307,operando,ok,true,twin
DEMO_NE_WTG05,2026-01-05T03:10:00Z,6.807804316551981,457.1168630023537,457.1168630023537,457.1168630023537,2.0,6.523722876674512,30.761861438337256,38.047445753349024,40.047445753349024,operando,ok,true,twin
DEMO_NE_WTG06,2026-01-05T03:10:00Z,6.807804316551981,444.7058870311177,444.7058870311177,444.7058870311177,2.0,6.482352956770392,30.741176478385196,37.96470591354078,39.96470591354078,operando,ok,true,twin
DEMO_NE_WTG01,2026-01-05T03:20:00Z,6.968347342737631,549.1500306435195,549.1500306435195,549.1500306435195,2.0,6.8305001021450655,30.915250051072533,38.66100020429013,40.66100020429013,operando,ok,true,twin
DEMO_NE_WTG02,2026-01-05T03:20:00Z,6.968347342737631,534.9418468824762,534.9418468824762,534.9418468824762,2.0,6.783139489608254,30.891569744804126,38.566278979216506,40.566278979216506,operando,ok,true,twin
DEMO_NE_WTG03,2026-01-05T03:20:00Z,6.968347342737631,520.9609891728774,520.9609891728774,520.9609891728774,2.0,6.736536630576258,30.86826831528813,38.473073261152514,40.473073261152514,operando,ok,true,twin
DEMO_NE_WTG04,2026-01-05T03:20:00Z,6.968347342737631,507.2056242401146,507.2056242401146,507.2056242401146,2.0,6.690685414133715,30.84534270706686,38.38137082826743,40.38137082826743,operando,ok,true,twin
DEMO_NE_WTG05,2026-01-05T03:20:00Z,6.968347342737631,493.6739188095791,493.6739188095791,493.6739188095791,2.0,6.645579729365264,30.822789864682633,38.291159458730526,40.291159458730526,operando,ok,true,twin
DEMO_NE_WTG06,2026-01-05T03:20:00Z,6.968347342737631,480.36403960666286,480.36403960666286,480.36403960666286,2.0,6.601213465355543,30.80060673267777,38.202426930711084,40.202426930711084,operando,ok,true,twin
DEMO_NE_WTG01,2026-01-05T03:30:00Z,6.9207912523687,537.015117601778,537.015117601778,537.015117601778,2.0,6.790050392005926,30.895025196002962,38.580100784011854,40.580100784011854,operando,ok,true,twin
DEMO_NE_WTG02,2026-01-05T03:30:00Z,6.9207912523687,523.095848063508,523.095848063508,523.095848063508,2.0,6.74365282687836,30.87182641343918,38.48730565375672,40.48730565375672,operando,ok,true,twin
DEMO_NE_WTG03,2026-01-05T03:30:00Z,6.9207912523687,509.39928204852714,509.39928204852714,509.39928204852714,2.0,6.697997606828424,30.84899880341421,38.395995213656846,40.395995213656846,operando,ok,true,twin
DEMO_NE_WTG04,2026-01-05T03:30:00Z,6.9207912523687,495.92362356068014,495.92362356068014,495.92362356068014,2.0,6.653078745202267,30.826539372601133,38.30615749040454,40.30615749040454,operando,ok,true,twin
DEMO_NE_WTG05,2026-01-05T03:30:00Z,6.9207912523687,482.66707660381104,482.66707660381104,482.66707660381104,2.0,6.6088902553460365,30.80444512767302,38.21778051069207,40.21778051069207,operando,ok,true,twin
DEMO_NE_WTG06,2026-01-05T03:30:00Z,6.9207912523687,469.6278451817647,469.6278451817647,469.6278451817647,2.0,6.565426150605882,30.78271307530294,38.13085230121177,40.13085230121177,operando,ok,true,twin
DEMO_NE_WTG01,2026-01-05T03:40:00Z,7.271998863158842,630.6130640084311,630.6130640084311,630.6130640084311,2.0,7.10204354669477,31.051021773347387,39.20408709338954,41.20408709338954,operando,ok,true,twin
DEMO_NE_WTG02,2026-01-05T03:40:00Z,7.271998863158842,614.4653666399629,614.4653666399629,614.4653666399629,2.0,7.048217888799876,31.024108944399938,39.09643577759975,41.09643577759975,operando,ok,true,twin
DEMO_NE_WTG03,2026-01-05T03:40:00Z,7.271998863158842,598.5760268733129,598.5760268733129,598.5760268733129,2.0,6.995253422911043,30.99762671145552,38.99050684582208,40.99050684582208,operando,ok,true,twin
DEMO_NE_WTG04,2026-01-05T03:40:00Z,7.271998863158842,582.9429611794338,582.9429611794338,582.9429611794338,2.0,6.943143203931446,30.971571601965724,38.88628640786289,40.88628640786289,operando,ok,true,twin
DEMO_NE_WTG05,2026-01-05T03:40:00Z,7.271998863158842,567.5640860292789,567.5640860292789,567.5640860292789,2.0,6.891880286764263,30.94594014338213,38.783760573528525,40.783760573528525,operando,ok,true,twin
DEMO_NE_WTG06,2026-01-05T03:40:00Z,7.271998863158842,552.4373178938012,552.4373178938012,552.4373178938012,2.0,6.841457726312671,30.920728863156334,38.68291545262534,40.68291545262534,operando,ok,true,twin
DEMO_NE_WTG01,2026-01-05T03:50:00Z,7.225307664506881,617.6326252475799,617.6326252475799,617.6326252475799,2.0,7.058775417491933,31.029387708745965,39.11755083498387,41.11755083498387,operando,ok,true,twin
DEMO_NE_WTG02,2026-01-05T03:50:00Z,7.225307664506881,601.7939728111146,601.7939728111146,601.7939728111146,2.0,7.005979909370382,31.00298995468519,39.01195981874076,41.01195981874076,operando,ok,true,twin
DEMO_NE_WTG03,2026-01-05T03:50:00Z,7.225307664506881,586.2087333638912,586.2087333638912,586.2087333638912,2.0,6.954029111212971,30.977014555606484,38.90805822242594,40.90805822242594,operando,ok,true,twin
DEMO_NE_WTG04,2026-01-05T03:50:00Z,7.225307664506881,570.8748632527705,570.8748632527705,570.8748632527705,2.0,6.902916210842569,30.951458105421285,38.80583242168514,40.80583242168514,operando,ok,true,twin
DEMO_NE_WTG05,2026-01-05T03:50:00Z,7.225307664506881,555.7903188246135,555.7903188246135,555.7903188246135,2.0,6.852634396082045,30.926317198041023,38.70526879216409,40.70526879216409,operando,ok,true,twin
DEMO_NE_WTG06,2026-01-05T03:50:00Z,7.225307664506881,540.9530564262809,540.9530564262809,540.9530564262809,2.0,6.80317685475427,30.901588427377135,38.60635370950854,40.60635370950854,operando,ok,true,twin
DEMO_NE_WTG01,2026-01-05T04:00:00Z,7.374525697393392,659.7062989533708,659.7062989533708,659.7062989533708,2.0,7.199020996511236,31.09951049825562,39.398041993022474,41.398041993022474,operando,ok,true,twin
DEMO_NE_WTG02,2026-01-05T04:00:00Z,7.374525697393392,642.8659349515973,642.8659349515973,642.8659349515973,2.0,7.142886449838658,31.071443224919328,39.28577289967731,41.28577289967731,operando,ok,true,twin
DEMO_NE_WTG03,2026-01-05T04:00:00Z,7.374525697393392,626.2950109794427,626.2950109794427,626.2950109794427,2.0,7.087650036598143,31.04382501829907,39.17530007319628,41.17530007319628,operando,ok,true,twin
DEMO_NE_WTG04,2026-01-05T04:00:00Z,7.374525697393392,609.9913541334429,609.9913541334429,609.9913541334429,2.0,7.033304513778143,31.01665225688907,39.06660902755628,41.06660902755628,operando,ok,true,twin
DEMO_NE_WTG05,2026-01-05T04:00:00Z,7.374525697393392,593.9527915101327,593.9527915101327,593.9527915101327,2.0,6.979842638367109,30.989921319183555,38.95968527673422,40.95968527673422,operando,ok,true,twin
DEMO_NE_WTG06,2026-01-05T04:00:00Z,7.374525697393392,578.1771502060475,578.1771502060475,578.1771502060475,2.0,6.927257167353491,30.963628583676744,38.854514334706984,40.854514334706984,operando,ok,true,twin
DEMO_NE_WTG01,2026-01-05T04:10:00Z,6.812475206151434,509.9924821984667,509.9924821984667,509.9924821984667,2.0,6.699974940661556,30.849987470330777,38.39994988132311,40.39994988132311,operando,ok,true,twin
DEMO_NE_WTG02,2026-01-05T04:10:00Z,6.812475206151434,496.71658139946805,496.71658139946805,496.71658139946805,2.0,6.655721937998227,30.827860968999115,38.31144387599645,40.31144387599645,operando,ok,true,twin
DEMO_NE_WTG03,2026-01-05T04:10:00Z,6.812475206151434,483.6530904452998,483.6530904452998,483.6530904452998,2.0,6.612176968150999,30.8060884840755,38.224353936301995,40.224353936301995,operando,ok,true,twin
DEMO_NE_WTG04,2026-01-05T04:10:00Z,6.812475206151434,470.8002963533422,470.8002963533422,470.8002963533422,2.0,6.5693343211778075,30.784667160588903,38.13866864235561,40.13866864235561,operando,ok,true,twin
DEMO_NE_WTG05,2026-01-05T04:10:00Z,6.812475206151434,458.1564861409756,458.1564861409756,458.1564861409756,2.0,6.527188287136585,30.76359414356829,38.05437657427317,40.05437657427317,operando,ok,true,twin
DEMO_NE_WTG06,2026-01-05T04:10:00Z,6.812475206151434,445.7199468255806,445.7199468255806,445.7199468255806,2.0,6.485733156085269,30.742866578042634,37.971466312170534,39.971466312170534,operando,ok,true,twin
DEMO_NE_WTG01,2026-01-05T04:20:00Z,7.051814287023722,570.8522370837615,570.8522370837615,570.8522370837615,2.0,6.902840790279205,30.951420395139603,38.80568158055841,40.80568158055841,operando,ok,true,twin
DEMO_NE_WTG02,2026-01-05T04:20:00Z,7.051814287023722,556.1273560802593,556.1273560802593,556.1273560802593,2.0,6.8537578536008645,30.926878926800434,38.70751570720173,40.70751570720173,operando,ok,true,twin
DEMO_NE_WTG03,2026-01-05T04:20:00Z,7.051814287023722,541.6380681062964,541.6380681062964,541.6380681062964,2.0,6.805460227020988,30.902730113510493,38.610920454041974,40.610920454041974,operando,ok,true,twin
DEMO_NE_WTG04,2026-01-05T04:20:00Z,7.051814287023722,527.3824732180858,527.3824732180858,527.3824732180858,2.0,6.75794157739362,30.878970788696808,38.51588315478724,40.51588315478724,operando,ok,true,twin
DEMO_NE_WTG05,2026-01-05T04:20:00Z,7.051814287023722,513.3586714718417,513.3586714718417,513.3586714718417,2.0,6.711195571572806,30.855597785786404,38.42239114314561,40.42239114314561,operando,ok,true,twin
DEMO_NE_WTG06,2026-01-05T04:20:00Z,7.051814287023722,499.5647629237768,499.5647629237768,499.5647629237768,2.0,6.6652158764125895,30.832607938206294,38.33043175282518,40.33043175282518,operando,ok,true,twin
DEMO_NE_WTG01,2026-01-05T04:30:00Z,6.785401789271172,503.37086507043614,503.37086507043614,503.37086507043614,2.0,6.6779028835681205,30.83895144178406,38.35580576713624,40.35580576713624,operando,ok,true,twin
DEMO_NE_WTG02,2026-01-05T04:30:00Z,6.785401789271172,490.25261512228957,490.25261512228957,490.25261512228957,2.0,6.634175383740965,30.817087691870483,38.268350767481934,40.268350767481934,operando,ok,true,twin
DEMO_NE_WTG03,2026-01-05T04:30:00Z,6.785401789271172,477.34425265960414,477.34425265960414,477.34425265960414,2.0,6.591147508865347,30.795573754432674,38.182295017730695,40.182295017730695,operando,ok,true,twin
DEMO_NE_WTG04,2026-01-05T04:30:00Z,6.785401789271172,464.64408504136765,464.64408504136765,464.64408504136765,2.0,6.5488136168045585,30.77440680840228,38.09762723360912,40.09762723360912,operando,ok,true,twin
DEMO_NE_WTG05,2026-01-05T04:30:00Z,6.785401789271172,452.15041962656886,452.15041962656886,452.15041962656886,2.0,6.507168065421896,30.753584032710947,38.014336130843795,40.014336130843795,operando,ok,true,twin
DEMO_NE_WTG06,2026-01-05T04:30:00Z,6.785401789271172,439.86156377419536,439.86156377419536,439.86156377419536,2.0,6.466205212580651,30.733102606290327,37.9324104251613,39.9324104251613,operando,ok,true,twin
DEMO_NE_WTG01,2026-01-05T04:40:00Z,6.92887340224177,539.065730426223,539.065730426223,539.065730426223,2.0,6.79688576808741,30.898442884043703,38.59377153617482,40.59377153617482,operando,ok,true,twin
DEMO_NE_WTG02,2026-01-05T04:40:00Z,6.92887340224177,525.0976388479147,525.0976388479147,525.0976388479147,2.0,6.750325462826383,30.87516273141319,38.500650925652764,40.500650925652764,operando,ok,true,twin
DEMO_NE_WTG03,2026-01-05T04:40:00Z,6.92887340224177,511.3530319287377,511.3530319287377,511.3530319287377,2.0,6.704510106429126,30.852255053214563,38.40902021285825,40.40902021285825,operando,ok,true,twin
DEMO_NE_WTG04,2026-01-05T04:40:00Z,6.92887340224177,497.830107373054,497.830107373054,497.830107373054,2.0,6.659433691243513,30.829716845621757,38.31886738248703,40.31886738248703,operando,ok,true,twin
DEMO_NE_WTG05,2026-01-05T04:40:00Z,6.92887340224177,484.52706288522506,484.52706288522506,484.52706288522506,2.0,6.615090209617417,30.807545104808707,38.230180419234834,40.230180419234834,operando,ok,true,twin
DEMO_NE_WTG06,2026-01-05T04:40:00Z,6.92887340224177,471.44209616961274,471.44209616961274,471.44209616961274,2.0,6.5714736538987095,30.785736826949353,38.14294730779742,40.14294730779742,operando,ok,true,twin
DEMO_NE_WTG01,2026-01-05T04:50:00Z,7.144045489568468,595.4381074879,595.4381074879,595.4381074879,2.0,6.984793691626333,30.99239684581317,38.969587383252666,40.969587383252666,operando,ok,true,twin
DEMO_NE_WTG02,2026-01-05T04:50:00Z,7.144045489568468,580.1278734938502,580.1278734938502,580.1278734938502,2.0,6.933759578312834,30.966879789156415,38.86751915662567,40.86751915662567,operando,ok,true,twin
DEMO_NE_WTG03,2026-01-05T04:50:00Z,7.144045489568468,565.0625979757813,565.0625979757813,565.0625979757813,2.0,6.883541993252604,30.941770996626303,38.767083986505206,40.767083986505206,operando,ok,true,twin
DEMO_NE_WTG04,2026-01-05T04:50:00Z,7.144045489568468,550.2403054621122,550.2403054621122,550.2403054621122,2.0,6.834134351540374,30.917067175770185,38.66826870308075,40.66826870308075,operando,ok,true,twin
DEMO_NE_WTG05,2026-01-05T04:50:00Z,7.144045489568468,535.6590204812628,535.6590204812628,535.6590204812628,2.0,6.785530068270876,30.892765034135437,38.57106013654175,40.57106013654175,operando,ok,true,twin
DEMO_NE_WTG06,2026-01-05T04:50:00Z,7.144045489568468,521.3167675616526,521.3167675616526,521.3167675616526,2.0,6.737722558538842,30.86886127926942,38.47544511707768,40.47544511707768,operando,ok,true,twin
DEMO_NE_WTG01,2026-01-05T05:00:00Z,6.826501274087289,513.443743617768,513.443743617768,513.443743617768,2.0,6.71147914539256,30.85573957269628,38.42295829078512,40.42295829078512,operando,ok,true,twin
DEMO_NE_WTG02,2026-01-05T05:00:00Z,6.826501274087289,500.0856734198525,500.0856734198525,500.0856734198525,2.0,6.666952244732842,30.83347612236642,38.33390448946568,40.33390448946568,operando,ok,true,twin
DEMO_NE_WTG03,2026-01-05T05:00:00Z,6.826501274087289,486.9413277488776,486.9413277488776,486.9413277488776,2.0,6.623137759162925,30.81156887958146,38.24627551832585,40.24627551832585,operando,ok,true,twin
DEMO_NE_WTG04,2026-01-05T05:00:00Z,6.826501274087289,474.0089830199482,474.0089830199482,474.0089830199482,2.0,6.580029943399827,30.790014971699915,38.16005988679966,40.16005988679966,operando,ok,true,twin
DEMO_NE_WTG05,2026-01-05T05:00:00Z,6.826501274087289,461.2869156481697,461.2869156481697,461.2869156481697,2.0,6.537623052160566,30.768811526080285,38.07524610432113,40.07524610432113,operando,ok,true,twin
DEMO_NE_WTG06,2026-01-05T05:00:00Z,6.826501274087289,448.77340204864737,448.77340204864737,448.77340204864737,2.0,6.4959113401621575,30.74795567008108,37.99182268032432,39.99182268032432,operando,ok,true,twin
DEMO_NE_WTG01,2026-01-05T05:10:00Z,6.967867539208669,549.0267680473274,549.0267680473274,549.0267680473274,2.0,6.830089226824425,30.915044613412213,38.66017845364885,40.66017845364885,operando,ok,true,twin
DEMO_NE_WTG02,2026-01-05T05:10:00Z,6.967867539208669,534.8215189852848,534.8215189852848,534.8215189852848,2.0,6.782738396617616,30.89136919830881,38.565476793235234,40.565476793235234,operando,ok,true,twin
DEMO_NE_WTG03,2026-01-05T05:10:00Z,6.967867539208669,520.8435490205121,520.8435490205121,520.8435490205121,2.0,6.736145163401707,30.868072581700854,38.47229032680342,40.47229032680342,operando,ok,true,twin
DEMO_NE_WTG04,2026-01-05T05:10:00Z,6.967867539208669,507.0910252570642,507.0910252570642,507.0910252570642,2.0,6.690303417523547,30.845151708761772,38.3806068350471,40.3806068350471,operando,ok,true,twin
DEMO_NE_WTG05,2026-01-05T05:10:00Z,6.967867539208669,493.5621147989948,493.5621147989948,493.5621147989948,2.0,6.645207049329983,30.82260352466499,38.290414098659966,40.290414098659966,operando,ok,true,twin
DEMO_NE_WTG06,2026-01-05T05:10:00Z,6.967867539208669,480.25498475035835,480.25498475035835,480.25498475035835,2.0,6.600849949167861,30.80042497458393,38.20169989833572,40.20169989833572,operando,ok,true,twin
DEMO_NE_WTG01,2026-01-05T05:20:00Z,7.307441651109623,640.5783244390663,640.5783244390663,640.5783244390663,2.0,7.135261081463554,31.067630540731777,39.27052216292711,41.27052216292711,operando,ok,true,twin
DEMO_NE_WTG02,2026-01-05T05:20:00Z,7.307441651109623,624.1933690480521,624.1933690480521,624.1933690480521,2.0,7.080644563493507,31.040322281746754,39.161289126987015,41.161289126987015,operando,ok,true,twin
DEMO_NE_WTG03,2026-01-05T05:20:00Z,7.307441651109623,608.0705673055814,608.0705673055814,608.0705673055814,2.0,7.026901891018605,31.0134509455093,39.05380378203721,41.05380378203721,operando,ok,true,twin
DEMO_NE_WTG04,2026-01-05T05:20:00Z,7.307441651109623,592.2078050693272,592.2078050693272,592.2078050693272,2.0,6.974026016897757,30.98701300844888,38.94805203379551,40.94805203379551,operando,ok,true,twin
DEMO_NE_WTG05,2026-01-05T05:20:00Z,7.307441651109623,576.6029681969621,576.6029681969621,576.6029681969621,2.0,6.922009893989873,30.961004946994937,38.84401978797975,40.84401978797975,operando,ok,true,twin
DEMO_NE_WTG06,2026-01-05T05:20:00Z,7.307441651109623,561.2539425461596,561.2539425461596,561.2539425461596,2.0,6.870846475153865,30.935423237576934,38.74169295030773,40.74169295030773,operando,ok,true,twin
DEMO_NE_WTG01,2026-01-05T05:30:00Z,7.260863831153065,627.5022639393709,627.5022639393709,627.5022639393709,2.0,7.0916742131312365,31.045837106565617,39.18334842626247,41.18334842626247,operando,ok,true,twin
DEMO_NE_WTG02,2026-01-05T05:30:00Z,7.260863831153065,611.4286300916765,611.4286300916765,611.4286300916765,2.0,7.038095433638922,31.01904771681946,39.076190867277845,41.076190867277845,operando,ok,true,twin
DEMO_NE_WTG03,2026-01-05T05:30:00Z,7.260863831153065,595.6121688549514,595.6121688549514,595.6121688549514,2.0,6.985373896183171,30.992686948091585,38.97074779236634,40.97074779236634,operando,ok,true,twin
DEMO_NE_WTG04,2026-01-05T05:30:00Z,7.260863831153065,580.0508062565268,580.0508062565268,580.0508062565268,2.0,6.933502687521756,30.96675134376088,38.86700537504351,40.86700537504351,operando,ok,true,twin
DEMO_NE_WTG05,2026-01-05T05:30:00Z,7.260863831153065,564.742468323733,564.742468323733,564.742468323733,2.0,6.882474894412443,30.941237447206223,38.764949788824886,40.764949788824886,operando,ok,true,twin
DEMO_NE_WTG06,2026-01-05T05:30:00Z,7.260863831153065,549.6850810839011,549.6850810839011,549.6850810839011,2.0,6.8322836036130035,30.916141801806504,38.66456720722601,40.66456720722601,operando,ok,true,twin
DEMO_NE_WTG01,2026-01-05T05:40:00Z,7.063585197466184,573.9544721895465,573.9544721895465,573.9544721895465,2.0,6.913181573965155,30.956590786982577,38.82636314793031,40.82636314793031,operando,ok,true,twin
DEMO_NE_WTG02,2026-01-05T05:40:00Z,7.063585197466184,559.1557315843014,559.1557315843014,559.1557315843014,2.0,6.863852438614338,30.93192621930717,38.727704877228675,40.727704877228675,operando,ok,true,twin
DEMO_NE_WTG03,2026-01-05T05:40:00Z,7.063585197466184,544.5937657368098,544.5937657368098,544.5937657368098,2.0,6.8153125524560325,30.907656276228018,38.63062510491206,40.63062510491206,operando,ok,true,twin
DEMO_NE_WTG04,2026-01-05T05:40:00Z,7.063585197466184,530.266665173219,530.266665173219,530.266665173219,2.0,6.767555550577397,30.8837777752887,38.5351111011548,40.5351111011548,operando,ok,true,twin
DEMO_NE_WTG05,2026-01-05T05:40:00Z,7.063585197466184,516.1725204196763,516.1725204196763,516.1725204196763,2.0,6.720575068065588,30.860287534032793,38.44115013613118,40.44115013613118,operando,ok,true,twin
DEMO_NE_WTG06,2026-01-05T05:40:00Z,7.063585197466184,502.30942200232863,502.30942200232863,502.30942200232863,2.0,6.674364740007762,30.83718237000388,38.34872948001552,40.34872948001552,operando,ok,true,twin
DEMO_NE_WTG01,2026-01-05T05:50:00Z,7.3545675623101605,653.9789921003256,653.9789921003256,653.9789921003256,2.0,7.179929973667752,31.089964986833877,39.35985994733551,41.35985994733551,operando,ok,true,twin
DEMO_NE_WTG02,2026-01-05T05:50:00Z,7.3545675623101605,637.2749867524906,637.2749867524906,637.2749867524906,2.0,7.124249955841636,31.062124977920817,39.24849991168327,41.24849991168327,operando,ok,true,twin
DEMO_NE_WTG03,2026-01-05T05:50:00Z,7.3545675623101605,620.8382397427295,620.8382397427295,620.8382397427295,2.0,7.069460799142432,31.034730399571217,39.13892159828487,41.13892159828487,operando,ok,true,twin
DEMO_NE_WTG04,2026-01-05T05:50:00Z,7.3545675623101605,604.6665957618646,604.6665957618646,604.6665957618646,2.0,7.015555319206216,31.007777659603107,39.03111063841243,41.03111063841243,operando,ok,true,twin
DEMO_NE_WTG05,2026-01-05T05:50:00Z,7.3545675623101605,588.757899500718,588.757899500718,588.757899500718,2.0,6.962526331669061,30.98126316583453,38.92505266333812,40.92505266333812,operando,ok,true,twin
DEMO_NE_WTG06,2026-01-05T05:50:00Z,7.3545675623101605,573.1099956501116,573.1099956501116,573.1099956501116,2.0,6.910366652167039,30.95518332608352,38.82073330433408,40.82073330433408,operando,ok,true,twin
DEMO_NE_WTG01,2026-01-05T06:00:00Z,7.544358133240934,709.7086318431668,709.7086318431668,709.7086318431668,2.0,7.365695439477223,31.18284771973861,39.73139087895444,41.73139087895444,operando,ok,true,twin
DEMO_NE_WTG02,2026-01-05T06:00:00Z,7.544358133240934,691.6777866987585,691.6777866987585,691.6777866987585,2.0,7.305592622329195,31.152796311164597,39.61118524465839,41.61118524465839,operando,ok,true,twin
DEMO_NE_WTG03,2026-01-05T06:00:00Z,7.544358133240934,673.9354288726323,673.9354288726323,673.9354288726323,2.0,7.2464514295754405,31.123225714787722,39.49290285915088,41.49290285915088,operando,ok,true,twin
DEMO_NE_WTG04,2026-01-05T06:00:00Z,7.544358133240934,656.4792318541571,656.4792318541571,656.4792318541571,2.0,7.188264106180524,31.094132053090263,39.376528212361045,41.376528212361045,operando,ok,true,twin
DEMO_NE_WTG05,2026-01-05T06:00:00Z,7.544358133240934,639.3068691327014,639.3068691327014,639.3068691327014,2.0,7.131022897109005,31.065511448554503,39.26204579421801,41.26204579421801,operando,ok,true,twin
DEMO_NE_WTG06,2026-01-05T06:00:00Z,7.544358133240934,622.4160141976339,622.4160141976339,622.4160141976339,2.0,7.074720047325446,31.037360023662725,39.14944009465089,41.14944009465089,operando,ok,true,twin
DEMO_NE_WTG01,2026-01-05T06:10:00Z,7.020783673892738,562.7235982770392,562.7235982770392,562.7235982770392,2.0,6.87574532759013,30.937872663795066,38.75149065518026,40.75149065518026,operando,ok,true,twin
DEMO_NE_WTG02,2026-01-05T06:10:00Z,7.020783673892738,548.1922480681104,548.1922480681104,548.1922480681104,2.0,6.827307493560368,30.913653746780184,38.65461498712074,40.65461498712074,operando,ok,true,twin
DEMO_NE_WTG03,2026-01-05T06:10:00Z,7.020783673892738,533.8933944625974,533.8933944625974,533.8933944625974,2.0,6.7796446482086585,30.88982232410433,38.55928929641732,40.55928929641732,operando,ok,true,twin
DEMO_NE_WTG04,2026-01-05T06:10:00Z,7.020783673892738,519.8251624878925,519.8251624878925,519.8251624878925,2.0,6.7327505416263085,30.866375270813155,38.46550108325262,40.46550108325262,operando,ok,true,twin
DEMO_NE_WTG05,2026-01-05T06:10:00Z,7.020783673892738,505.9856771713868,505.9856771713868,505.9856771713868,2.0,6.686618923904622,30.843309461952312,38.37323784780924,40.37323784780924,operando,ok,true,twin
DEMO_NE_WTG06,2026-01-05T06:10:00Z,7.020783673892738,492.37306354047263,492.37306354047263,492.37306354047263,2.0,6.641243545134909,30.820621772567453,38.28248709026982,40.28248709026982,operando,ok,true,twin
DEMO_NE_WTG01,2026-01-05T06:20:00Z,7.62151500099168,733.182863039036,733.182863039036,733.182863039036,2.0,7.443942876796786,31.221971438398395,39.88788575359357,41.88788575359357,operando,ok,true,twin
DEMO_NE_WTG02,2026-01-05T06:20:00Z,7.62151500099168,714.5931313795099,714.5931313795099,714.5931313795099,2.0,7.381977104598366,31.19098855229918,39.76395420919673,41.76395420919673,operando,ok,true,twin
DEMO_NE_WTG03,2026-01-05T06:20:00Z,7.62151500099168,696.3008290302073,696.3008290302073,696.3008290302073,2.0,7.321002763434024,31.160501381717012,39.64200552686805,41.64200552686805,operando,ok,true,twin
DEMO_NE_WTG04,2026-01-05T06:20:00Z,7.62151500099168,678.3035573676581,678.3035573676581,678.3035573676581,2.0,7.2610118578921945,31.130505928946096,39.522023715784385,41.522023715784385,operando,ok,true,twin
DEMO_NE_WTG05,2026-01-05T06:20:00Z,7.62151500099168,660.5989177683932,660.5989177683932,660.5989177683932,2.0,7.201996392561311,31.100998196280656,39.40399278512262,41.40399278512262,operando,ok,true,twin
DEMO_NE_WTG06,2026-01-05T06:20:00Z,7.62151500099168,643.1845116089426,643.1845116089426,643.1845116089426,2.0,7.143948372029808,31.071974186014906,39.287896744059616,41.287896744059616,operando,ok,true,twin
DEMO_NE_WTG01,2026-01-05T06:30:00Z,7.58999689799666,723.5360544949971,723.5360544949971,723.5360544949971,2.0,7.411786848316657,31.20589342415833,39.82357369663331,41.82357369663331,operando,ok,true,twin
DEMO_NE_WTG02,2026-01-05T06:30:00Z,7.58999689799666,705.1759989924536,705.1759989924536,705.1759989924536,2.0,7.350586663308179,31.17529333165409,39.701173326616356,41.701173326616356,operando,ok,true,twin
DEMO_NE_WTG03,2026-01-05T06:30:00Z,7.58999689799666,687.1096980606483,687.1096980606483,687.1096980606483,2.0,7.290365660202161,31.14518283010108,39.580731320404325,41.580731320404325,operando,ok,true,twin
DEMO_NE_WTG04,2026-01-05T06:30:00Z,7.58999689799666,669.3347827111072,669.3347827111072,669.3347827111072,2.0,7.231115942370357,31.11555797118518,39.46223188474072,41.46223188474072,operando,ok,true,twin
DEMO_NE_WTG05,2026-01-05T06:30:00Z,7.58999689799666,651.848883955357,651.848883955357,651.848883955357,2.0,7.172829613184524,31.086414806592263,39.345659226369044,41.345659226369044,operando,ok,true,twin
DEMO_NE_WTG06,2026-01-05T06:30:00Z,7.58999689799666,634.6496328049238,634.6496328049238,634.6496328049238,2.0,7.115498776016413,31.057749388008205,39.230997552032825,41.230997552032825,operando,ok,true,twin
DEMO_NE_WTG01,2026-01-05T06:40:00Z,7.385899808260333,662.9841823628036,662.9841823628036,662.9841823628036,2.0,7.209947274542679,31.10497363727134,39.419894549085356,41.419894549085356,operando,ok,true,twin
DEMO_NE_WTG02,2026-01-05T06:40:00Z,7.385899808260333,646.0657768345418,646.0657768345418,646.0657768345418,2.0,7.153552589448473,31.076776294724237,39.30710517889695,41.30710517889695,operando,ok,true,twin
DEMO_NE_WTG03,2026-01-05T06:40:00Z,7.385899808260333,629.4180599734709,629.4180599734709,629.4180599734709,2.0,7.09806019991157,31.049030099955786,39.19612039982314,41.19612039982314,operando,ok,true,twin
DEMO_NE_WTG04,2026-01-05T06:40:00Z,7.385899808260333,613.0388488064677,613.0388488064677,613.0388488064677,2.0,7.043462829354892,31.021731414677447,39.08692565870979,41.08692565870979,operando,ok,true,twin
DEMO_NE_WTG05,2026-01-05T06:40:00Z,7.385899808260333,596.9259603604099,596.9259603604099,596.9259603604099,2.0,6.989753201201366,30.994876600600684,38.979506402402734,40.979506402402734,operando,ok,true,twin
DEMO_NE_WTG06,2026-01-05T06:40:00Z,7.385899808260333,581.0772116621754,581.0772116621754,581.0772116621754,2.0,6.936924038873918,30.96846201943696,38.87384807774784,40.87384807774784,operando,ok,true,twin
DEMO_NE_WTG01,2026-01-05T06:50:00Z,7.305464177291037,640.0197743563955,640.0197743563955,640.0197743563955,2.0,7.133399247854651,31.066699623927327,39.2667984957093,41.2667984957093,operando,ok,true,twin
DEMO_NE_WTG02,2026-01-05T06:50:00Z,7.305464177291037,623.6481172117271,623.6481172117271,623.6481172117271,2.0,7.078827057372424,31.03941352868621,39.15765411474485,41.15765411474485,operando,ok,true,twin
DEMO_NE_WTG03,2026-01-05T06:50:00Z,7.305464177291037,607.5384009482365,607.5384009482365,607.5384009482365,2.0,7.025128003160788,31.012564001580394,39.050256006321575,41.050256006321575,operando,ok,true,twin
DEMO_NE_WTG04,2026-01-05T06:50:00Z,7.305464177291037,591.688513139462,591.688513139462,591.688513139462,2.0,6.972295043798207,30.986147521899102,38.94459008759641,40.94459008759641,operando,ok,true,twin
DEMO_NE_WTG05,2026-01-05T06:50:00Z,7.305464177291037,576.0963413589428,576.0963413589428,576.0963413589428,2.0,6.920321137863143,30.96016056893157,38.84064227572628,40.84064227572628,operando,ok,true,twin
DEMO_NE_WTG06,2026-01-05T06:50:00Z,7.305464177291037,560.759773180218,560.759773180218,560.759773180218,2.0,6.86919924393406,30.93459962196703,38.73839848786812,40.73839848786812,operando,ok,true,twin
DEMO_NE_WTG01,2026-01-05T07:00:00Z,7.917967622527616,827.8848941213695,827.8848941213695,827.8848941213695,2.0,7.759616313737899,31.37980815686895,40.519232627475795,42.519232627475795,operando,ok,true,twin
DEMO_NE_WTG02,2026-01-05T07:00:00Z,7.917967622527616,807.0404480183955,807.0404480183955,807.0404480183955,2.0,7.690134826727984,31.345067413363992,40.38026965345597,42.38026965345597,operando,ok,true,twin
DEMO_NE_WTG03,2026-01-05T07:00:00Z,7.917967622527616,786.5295058809409,786.5295058809409,786.5295058809409,2.0,7.621765019603137,31.31088250980157,40.24353003920627,42.24353003920627,operando,ok,true,twin
DEMO_NE_WTG04,2026-01-05T07:00:00Z,7.917967622527616,766.3493781608963,766.3493781608963,766.3493781608963,2.0,7.554497927202988,31.277248963601494,40.108995854405975,42.108995854405975,operando,ok,true,twin
DEMO_NE_WTG05,2026-01-05T07:00:00Z,7.917967622527616,746.4973753101532,746.4973753101532,746.4973753101532,2.0,7.488324584367177,31.24416229218359,39.976649168734355,41.976649168734355,operando,ok,true,twin
DEMO_NE_WTG06,2026-01-05T07:00:00Z,7.917967622527616,726.9708077806018,726.9708077806018,726.9708077806018,2.0,7.42323602593534,31.21161801296767,39.84647205187068,41.84647205187068,operando,ok,true,twin
DEMO_NE_WTG01,2026-01-05T07:10:00Z,7.5371128286322175,707.5288035195639,707.5288035195639,707.5288035195639,2.0,7.358429345065213,31.179214672532606,39.71685869013042,41.71685869013042,operando,ok,true,twin
DEMO_NE_WTG02,2026-01-05T07:10:00Z,7.5371128286322175,689.5498568439561,689.5498568439561,689.5498568439561,2.0,7.298499522813188,31.149249761406594,39.596999045626376,41.596999045626376,operando,ok,true,twin
DEMO_NE_WTG03,2026-01-05T07:10:00Z,7.5371128286322175,671.8585671289868,671.8585671289868,671.8585671289868,2.0,7.239528557096623,31.11976427854831,39.479057114193246,41.479057114193246,operando,ok,true,twin
DEMO_NE_WTG04,2026-01-05T07:10:00Z,7.5371128286322175,654.4526145604574,654.4526145604574,654.4526145604574,2.0,7.181508715201524,31.090754357600762,39.36301743040305,41.36301743040305,operando,ok,true,twin
DEMO_NE_WTG05,2026-01-05T07:10:00Z,7.5371128286322175,637.329679324169,637.329679324169,637.329679324169,2.0,7.124432264413896,31.06221613220695,39.248864528827795,41.248864528827795,operando,ok,true,twin
DEMO_NE_WTG06,2026-01-05T07:10:00Z,7.5371128286322175,620.487441605923,620.487441605923,620.487441605923,2.0,7.068291472019743,31.034145736009872,39.13658294403949,41.13658294403949,operando,ok,true,twin
DEMO_NE_WTG01,2026-01-05T07:20:00Z,7.422183153898987,673.5082608256096,673.5082608256096,673.5082608256096,2.0,7.245027536085365,31.122513768042683,39.49005507217073,41.49005507217073,operando,ok,true,twin
DEMO_NE_WTG02,2026-01-05T07:20:00Z,7.422183153898987,656.3392926489772,656.3392926489772,656.3392926489772,2.0,7.1877976421632574,31.093898821081627,39.375595284326515,41.375595284326515,operando,ok,true,twin
DEMO_NE_WTG03,2026-01-05T07:20:00Z,7.422183153898987,639.4450220556961,639.4450220556961,639.4450220556961,2.0,7.13148340685232,31.06574170342616,39.262966813704644,41.262966813704644,operando,ok,true,twin
DEMO_NE_WTG04,2026-01-05T07:20:00Z,7.422183153898987,622.8232337426747,622.8232337426747,622.8232337426747,2.0,7.076077445808915,31.038038722904457,39.15215489161783,41.15215489161783,operando,ok,true,twin
DEMO_NE_WTG05,2026-01-05T07:20:00Z,7.422183153898987,606.4717124068211,606.4717124068211,606.4717124068211,2.0,7.021572374689404,31.010786187344703,39.043144749378804,41.043144749378804,operando,ok,true,twin
DEMO_NE_WTG06,2026-01-05T07:20:00Z,7.422183153898987,590.3882427450444,590.3882427450444,590.3882427450444,2.0,6.967960809150148,30.983980404575075,38.9359216183003,40.9359216183003,operando,ok,true,twin
DEMO_NE_WTG01,2026-01-05T07:30:00Z,7.482807034468601,691.3233385199361,691.3233385199361,691.3233385199361,2.0,7.304411128399787,31.152205564199893,39.60882225679958,41.60882225679958,operando,ok,true,twin
DEMO_NE_WTG02,2026-01-05T07:30:00Z,7.482807034468601,673.7302198522375,673.7302198522375,673.7302198522375,2.0,7.245767399507459,31.12288369975373,39.491534799014914,41.491534799014914,operando,ok,true,twin
DEMO_NE_WTG03,2026-01-05T07:30:00Z,7.482807034468601,656.4185850298059,656.4185850298059,656.4185850298059,2.0,7.188061950099353,31.094030975049677,39.37612390019871,41.37612390019871,operando,ok,true,twin
DEMO_NE_WTG04,2026-01-05T07:30:00Z,7.482807034468601,639.3861640216313,639.3861640216313,639.3861640216313,2.0,7.131287213405438,31.065643606702718,39.26257442681087,41.26257442681087,operando,ok,true,twin
DEMO_NE_WTG05,2026-01-05T07:30:00Z,7.482807034468601,622.6306867967036,622.6306867967036,622.6306867967036,2.0,7.075435622655679,31.037717811327838,39.15087124531136,41.15087124531136,operando,ok,true,twin
DEMO_NE_WTG06,2026-01-05T07:30:00Z,7.482807034468601,606.1498833240122,606.1498833240122,606.1498833240122,2.0,7.020499611080041,31.01024980554002,39.04099922216008,41.04099922216008,operando,ok,true,twin
DEMO_NE_WTG01,2026-01-05T07:40:00Z,8.068166114646445,878.6591351226763,878.6591351226763,878.6591351226763,2.0,7.928863783742255,31.464431891871126,40.85772756748451,42.85772756748451,operando,ok,true,twin
DEMO_NE_WTG02,2026-01-05T07:40:00Z,8.068166114646445,856.6058298935318,856.6058298935318,856.6058298935318,2.0,7.855352766311773,31.427676383155887,40.71070553262354,42.71070553262354,operando,ok,true,twin
DEMO_NE_WTG03,2026-01-05T07:40:00Z,8.068166114646445,834.9053699599824,834.9053699599824,834.9053699599824,2.0,7.783017899866609,31.391508949933304,40.566035799733214,42.566035799733214,operando,ok,true,twin
DEMO_NE_WTG04,2026-01-05T07:40:00Z,8.068166114646445,813.5549097954515,813.5549097954515,813.5549097954515,2.0,7.711849699318172,31.355924849659086,40.423699398636344,42.423699398636344,operando,ok,true,twin
DEMO_NE_WTG05,2026-01-05T07:40:00Z,8.068166114646445,792.551603873361,792.551603873361,792.551603873361,2.0,7.64183867957787,31.320919339788936,40.28367735915574,42.28367735915574,operando,ok,true,twin
DEMO_NE_WTG06,2026-01-05T07:40:00Z,8.068166114646445,771.8926066671341,771.8926066671341,771.8926066671341,2.0,7.572975355557114,31.286487677778556,40.145950711114224,42.145950711114224,operando,ok,true,twin
DEMO_NE_WTG01,2026-01-05T07:50:00Z,7.959198887767224,841.6332840681955,841.6332840681955,841.6332840681955,2.0,7.805444280227318,31.40272214011366,40.61088856045464,42.61088856045464,operando,ok,true,twin
DEMO_NE_WTG02,2026-01-05T07:50:00Z,7.959198887767224,820.4615092581918,820.4615092581918,820.4615092581918,2.0,7.734871697527305,31.36743584876365,40.469743395054614,42.469743395054614,operando,ok,true,twin
DEMO_NE_WTG03,2026-01-05T07:50:00Z,7.959198887767224,799.6284755603929,799.6284755603929,799.6284755603929,2.0,7.665428251867976,31.33271412593399,40.33085650373595,42.33085650373595,operando,ok,true,twin
DEMO_NE_WTG04,2026-01-05T07:50:00Z,7.959198887767224,779.1314511916362,779.1314511916362,779.1314511916362,2.0,7.597104837305453,31.298552418652726,40.19420967461091,42.19420967461091,operando,ok,true,twin
DEMO_NE_WTG05,2026-01-05T07:50:00Z,7.959198887767224,758.9677043687586,758.9677043687586,758.9677043687586,2.0,7.529892347895862,31.26494617394793,40.05978469579173,42.05978469579173,operando,ok,true,twin
DEMO_NE_WTG06,2026-01-05T07:50:00Z,7.959198887767224,739.134503308597,739.134503308597,739.134503308597,2.0,7.463781677695323,31.23189083884766,39.927563355390646,41.927563355390646,operando,ok,true,twin
DEMO_NE_WTG01,2026-01-05T08:00:00Z,8.164989791292067,912.4089071761314,912.4089071761314,912.4089071761314,2.0,8.041363023920438,31.52068151196022,41.08272604784088,43.08272604784088,operando,ok,true,twin
DEMO_NE_WTG02,2026-01-05T08:00:00Z,8.164989791292067,889.5520700940549,889.5520700940549,889.5520700940549,2.0,7.965173566980184,31.482586783490092,40.93034713396037,42.93034713396037,operando,ok,true,twin
DEMO_NE_WTG03,2026-01-05T08:00:00Z,8.164989791292067,867.0609345407427,867.0609345407427,867.0609345407427,2.0,7.890203115135808,31.445101557567906,40.780406230271616,42.780406230271616,operando,ok,true,twin
DEMO_NE_WTG04,2026-01-05T08:00:00Z,8.164989791292067,844.9325513103178,844.9325513103178,844.9325513103178,2.0,7.81644183770106,31.408220918850528,40.63288367540212,42.63288367540212,operando,ok,true,twin
DEMO_NE_WTG05,2026-01-05T08:00:00Z,8.164989791292067,823.1639711969024,823.1639711969024,823.1639711969024,2.0,7.743879903989674,31.371939951994836,40.48775980797935,42.48775980797935,operando,ok,true,twin
DEMO_NE_WTG06,2026-01-05T08:00:00Z,8.164989791292067,801.7522449946198,801.7522449946198,801.7522449946198,2.0,7.6725074833154,31.3362537416577,40.3450149666308,42.3450149666308,operando,ok,true,twin
DEMO_NE_WTG01,2026-01-05T08:10:00Z,8.175839608186116,916.2411133752944,916.2411133752944,916.2411133752944,2.0,8.054137044584314,31.527068522292158,41.10827408916863,43.10827408916863,operando,ok,true,twin
DEMO_NE_WTG02,2026-01-05T08:10:00Z,8.175839608186116,893.2930371659387,893.2930371659387,893.2930371659387,2.0,7.977643457219795,31.4888217286099,40.95528691443959,42.95528691443959,operando,ok,true,twin
DEMO_NE_WTG03,2026-01-05T08:10:00Z,8.175839608186116,870.7121222799901,870.7121222799901,870.7121222799901,2.0,7.902373740933301,31.45118687046665,40.8047474818666,42.8047474818666,operando,ok,true,twin
DEMO_NE_WTG04,2026-01-05T08:10:00Z,8.175839608186116,848.4954077390344,848.4954077390344,848.4954077390344,2.0,7.828318025796781,31.41415901289839,40.656636051593566,42.656636051593566,operando,ok,true,twin
DEMO_NE_WTG05,2026-01-05T08:10:00Z,8.175839608186116,826.6399325646565,826.6399325646565,826.6399325646565,2.0,7.755466441882188,31.377733220941096,40.510932883764376,42.510932883764376,operando,ok,true,twin
DEMO_NE_WTG06,2026-01-05T08:10:00Z,8.175839608186116,805.1427357784424,805.1427357784424,805.1427357784424,2.0,7.6838091192614755,31.341904559630738,40.36761823852295,42.36761823852295,operando,ok,true,twin
DEMO_NE_WTG01,2026-01-05T08:20:00Z,8.106908619059103,892.0669905366233,892.0669905366233,892.0669905366233,2.0,7.973556635122078,31.48677831756104,40.94711327024416,42.94711327024416,operando,ok,true,twin
DEMO_NE_WTG02,2026-01-05T08:20:00Z,8.106908619059103,869.6944642209617,869.6944642209617,869.6944642209617,2.0,7.898981547403205,31.4494907737016,40.79796309480641,42.79796309480641,operando,ok,true,twin
DEMO_NE_WTG03,2026-01-05T08:20:00Z,8.106908619059103,847.6798906284423,847.6798906284423,847.6798906284423,2.0,7.825599635428141,31.41279981771407,40.65119927085628,42.65119927085628,operando,ok,true,twin
DEMO_NE_WTG04,2026-01-05T08:20:00Z,8.106908619059103,826.0203830435563,826.0203830435563,826.0203830435563,2.0,7.753401276811854,31.37670063840593,40.50680255362371,42.50680255362371,operando,ok,true,twin
DEMO_NE_WTG05,2026-01-05T08:20:00Z,8.106908619059103,804.7130547507946,804.7130547507946,804.7130547507946,2.0,7.682376849169316,31.341188424584658,40.36475369833863,42.36475369833863,operando,ok,true,twin
DEMO_NE_WTG06,2026-01-05T08:20:00Z,8.106908619059103,783.7550190346478,783.7550190346478,783.7550190346478,2.0,7.612516730115493,31.306258365057747,40.22503346023099,42.22503346023099,operando,ok,true,twin
DEMO_NE_WTG01,2026-01-05T08:30:00Z,8.480619199764908,1028.1019091048838,1028.1019091048838,1028.1019091048838,2.0,8.427006363682946,31.713503181841475,41.85401272736589,43.85401272736589,operando,ok,true,twin
DEMO_NE_WTG02,2026-01-05T08:30:00Z,8.480619199764908,1002.4905937980706,1002.4905937980706,1002.4905937980706,2.0,8.341635312660236,31.67081765633012,41.68327062532047,43.68327062532047,operando,ok,true,twin
DEMO_NE_WTG03,2026-01-05T08:30:00Z,8.480619199764908,977.2890507238601,977.2890507238601,977.2890507238601,2.0,8.257630169079533,31.628815084539767,41.51526033815907,43.51526033815907,operando,ok,true,twin
DEMO_NE_WTG04,2026-01-05T08:30:00Z,8.480619199764908,952.4939752674738,952.4939752674738,952.4939752674738,2.0,8.174979917558247,31.587489958779123,41.34995983511649,43.34995983511649,operando,ok,true,twin
DEMO_NE_WTG05,2026-01-05T08:30:00Z,8.480619199764908,928.1020628141325,928.1020628141325,928.1020628141325,2.0,8.093673542713775,31.546836771356887,41.18734708542755,43.18734708542755,operando,ok,true,twin
DEMO_NE_WTG06,2026-01-05T08:30:00Z,8.480619199764908,904.1100087490562,904.1100087490562,904.1100087490562,2.0,8.013700029163521,31.50685001458176,41.02740005832704,43.02740005832704,operando,ok,true,twin
DEMO_NE_WTG01,2026-01-05T08:40:00Z,8.133539820392212,901.3580531261216,901.3580531261216,901.3580531261216,2.0,8.00452684375374,31.50226342187687,41.009053687507475,43.009053687507475,operando,ok,true,twin
DEMO_NE_WTG02,2026-01-05T08:40:00Z,8.133539820392212,878.7643204353053,878.7643204353053,878.7643204353053,2.0,7.929214401451018,31.46460720072551,40.85842880290203,42.85842880290203,operando,ok,true,twin
DEMO_NE_WTG03,2026-01-05T08:40:00Z,8.133539820392212,856.5320796935209,856.5320796935209,856.5320796935209,2.0,7.855106932311736,31.427553466155867,40.71021386462347,42.71021386462347,operando,ok,true,twin
DEMO_NE_WTG04,2026-01-05T08:40:00Z,8.133539820392212,834.6584156431163,834.6584156431163,834.6584156431163,2.0,7.782194718810388,31.391097359405194,40.564389437620775,42.564389437620775,operando,ok,true,twin
DEMO_NE_WTG05,2026-01-05T08:40:00Z,8.133539820392212,813.1404130264373,813.1404130264373,813.1404130264373,2.0,7.710468043421457,31.35523402171073,40.420936086842914,42.420936086842914,operando,ok,true,twin
DEMO_NE_WTG06,2026-01-05T08:40:00Z,8.133539820392212,791.9751565858304,791.9751565858304,791.9751565858304,2.0,7.639917188619435,31.319958594309718,40.27983437723887,42.27983437723887,operando,ok,true,twin
DEMO_NE_WTG01,2026-01-05T08:50:00Z,8.325228582733995,970.047364440368,970.047364440368,970.047364440368,2.0,8.233491214801226,31.616745607400613,41.46698242960245,43.46698242960245,operando,ok,true,twin
DEMO_NE_WTG02,2026-01-05T08:50:00Z,8.325228582733995,945.8182414568545,945.8182414568545,945.8182414568545,2.0,8.152727471522848,31.576363735761426,41.305454943045696,43.305454943045696,operando,ok,true,twin
DEMO_NE_WTG03,2026-01-05T08:50:00Z,8.325228582733995,921.976776104354,921.976776104354,921.976776104354,2.0,8.073255920347847,31.536627960173924,41.146511840695695,43.146511840695695,operando,ok,true,twin
DEMO_NE_WTG04,2026-01-05T08:50:00Z,8.325228582733995,898.5198421116484,898.5198421116484,898.5198421116484,2.0,7.9950661403721615,31.49753307018608,40.99013228074432,42.99013228074432,operando,ok,true,twin
DEMO_NE_WTG05,2026-01-05T08:50:00Z,8.325228582733995,875.4443132075203,875.4443132075203,875.4443132075203,2.0,7.918147710691734,31.459073855345867,40.83629542138347,42.83629542138347,operando,ok,true,twin
DEMO_NE_WTG06,2026-01-05T08:50:00Z,8.325228582733995,852.7470631207512,852.7470631207512,852.7470631207512,2.0,7.842490210402504,31.42124510520125,40.684980420805005,42.684980420805005,operando,ok,true,twin
DEMO_NE_WTG01,2026-01-05T09:00:00Z,8.590590888302811,1070.4948669723203,1070.4948669723203,1070.4948669723203,2.0,8.568316223241068,31.784158111620535,42.13663244648214,44.13663244648214,operando,ok,true,twin
DEMO_NE_WTG02,2026-01-05T09:00:00Z,8.590590888302811,1043.874238419405,1043.874238419405,1043.874238419405,2.0,8.47958079473135,31.739790397365674,41.959161589462695,43.959161589462695,operando,ok,true,twin
DEMO_NE_WTG03,2026-01-05T09:00:00Z,8.590590888302811,1017.6795307637469,1017.6795307637469,1017.6795307637469,2.0,8.392265102545823,31.69613255127291,41.78453020509165,43.78453020509165,operando,ok,true,twin
DEMO_NE_WTG04,2026-01-05T09:00:00Z,8.590590888302811,991.9073091594006,991.9073091594006,991.9073091594006,2.0,8.306357697198003,31.653178848599,41.612715394396005,43.612715394396005,operando,ok,true,twin
DEMO_NE_WTG05,2026-01-05T09:00:00Z,8.590590888302811,966.5541387604202,966.5541387604202,966.5541387604202,2.0,8.2218471292014,31.6109235646007,41.4436942584028,43.4436942584028,operando,ok,true,twin
DEMO_NE_WTG06,2026-01-05T09:00:00Z,8.590590888302811,941.6165847208608,941.6165847208608,941.6165847208608,2.0,8.138721949069536,31.569360974534767,41.27744389813907,43.27744389813907,operando,ok,true,twin
DEMO_NE_WTG01,2026-01-05T09:10:00Z,8.515016482960197,1041.244402441188,1041.244402441188,1041.244402441188,2.0,8.47081467480396,31.73540733740198,41.94162934960792,43.94162934960792,operando,ok,true,twin
DEMO_NE_WTG02,2026-01-05T09:10:00Z,8.515016482960197,1015.3201839240676,1015.3201839240676,1015.3201839240676,2.0,8.384400613080226,31.692200306540112,41.76880122616045,43.76880122616045,operando,ok,true,twin
DEMO_NE_WTG03,2026-01-05T09:10:00Z,8.515016482960197,989.8107439832517,989.8107439832517,989.8107439832517,2.0,8.29936914661084,31.649684573305418,41.59873829322168,43.59873829322168,operando,ok,true,twin
DEMO_NE_WTG04,2026-01-05T09:10:00Z,8.515016482960197,964.7127376302211,964.7127376302211,964.7127376302211,2.0,8.21570912543407,31.607854562717037,41.43141825086814,43.43141825086814,operando,ok,true,twin
DEMO_NE_WTG05,2026-01-05T09:10:00Z,8.515016482960197,940.0228198764585,940.0228198764585,940.0228198764585,2.0,8.133409399588196,31.566704699794098,41.26681879917639,43.26681879917639,operando,ok,true,twin
DEMO_NE_WTG06,2026-01-05T09:10:00Z,8.515016482960197,915.7376457334448,915.7376457334448,915.7376457334448,2.0,8.052458819111482,31.52622940955574,41.104917638222965,43.104917638222965,operando,ok,true,twin
DEMO_NE_WTG01,2026-01-05T09:20:00Z,8.757992928183763,1137.1418487372157,1137.1418487372157,1137.1418487372157,2.0,8.790472829124052,31.895236414562028,42.580945658248105,44.580945658248105,operando,ok,true,twin
DEMO_NE_WTG02,2026-01-05T09:20:00Z,8.757992928183763,1108.9344547191868,1108.9344547191868,1108.9344547191868,2.0,8.696448182397289,31.848224091198645,42.39289636479458,44.39289636479458,operando,ok,true,twin
DEMO_NE_WTG03,2026-01-05T09:20:00Z,8.757992928183763,1081.178369299885,1081.178369299885,1081.178369299885,2.0,8.603927897666283,31.80196394883314,42.20785579533256,44.20785579533256,operando,ok,true,twin
DEMO_NE_WTG04,2026-01-05T09:20:00Z,8.757992928183763,1053.8699528938369,1053.8699528938369,1053.8699528938369,2.0,8.512899842979456,31.75644992148973,42.025799685958916,44.025799685958916,operando,ok,true,twin
DEMO_NE_WTG05,2026-01-05T09:20:00Z,8.757992928183763,1027.0055659155694,1027.0055659155694,1027.0055659155694,2.0,8.423351886385232,31.711675943192617,41.84670377277046,43.84670377277046,operando,ok,true,twin
DEMO_NE_WTG06,2026-01-05T09:20:00Z,8.757992928183763,1000.5815687796073,1000.5815687796073,1000.5815687796073,2.0,8.335271895932024,31.667635947966012,41.67054379186405,43.67054379186405,operando,ok,true,twin
DEMO_NE_WTG01,2026-01-05T09:30:00Z,8.632251974905646,1086.841161621312,1086.841161621312,1086.841161621312,2.0,8.62280387207104,31.81140193603552,42.24560774414208,44.24560774414208,operando,ok,true,twin
DEMO_NE_WTG02,2026-01-05T09:30:00Z,8.632251974905646,1059.831352116091,1059.831352116091,1059.831352116091,2.0,8.532771173720302,31.766385586860153,42.065542347440605,44.065542347440605,operando,ok,true,twin
DEMO_NE_WTG03,2026-01-05T09:30:00Z,8.632251974905646,1033.2536902694542,1033.2536902694542,1033.2536902694542,2.0,8.444178967564847,31.722089483782423,41.8883579351297,43.8883579351297,operando,ok,true,twin
DEMO_NE_WTG04,2026-01-05T09:30:00Z,8.632251974905646,1007.1046910196409,1007.1046910196409,1007.1046910196409,2.0,8.357015636732136,31.678507818366068,41.71403127346427,43.71403127346427,operando,ok,true,twin
DEMO_NE_WTG05,2026-01-05T09:30:00Z,8.632251974905646,981.3808693048876,981.3808693048876,981.3808693048876,2.0,8.271269564349625,31.63563478217481,41.54253912869925,43.54253912869925,operando,ok,true,twin
DEMO_NE_WTG06,2026-01-05T09:30:00Z,8.632251974905646,956.0787400634309,956.0787400634309,956.0787400634309,2.0,8.18692913354477,31.593464566772386,41.37385826708954,43.37385826708954,operando,ok,true,twin
DEMO_NE_WTG01,2026-01-05T09:40:00Z,8.795035522679427,1152.2386299150894,1152.2386299150894,1152.2386299150894,2.0,8.840795433050298,31.920397716525148,42.68159086610059,44.68159086610059,operando,ok,true,twin
DEMO_NE_WTG02,2026-01-05T09:40:00Z,8.795035522679427,1123.6718040012258,1123.6718040012258,1123.6718040012258,2.0,8.745572680004086,31.872786340002044,42.491145360008176,44.491145360008176,operando,ok,true,twin
DEMO_NE_WTG03,2026-01-05T09:40:00Z,8.795035522679427,1095.5620374727496,1095.5620374727496,1095.5620374727496,2.0,8.651873458242498,31.82593672912125,42.303746916485,44.303746916485,operando,ok,true,twin
DEMO_NE_WTG04,2026-01-05T09:40:00Z,8.795035522679427,1067.9056443668762,1067.9056443668762,1067.9056443668762,2.0,8.559685481222921,31.77984274061146,42.11937096244584,44.11937096244584,operando,ok,true,twin
DEMO_NE_WTG05,2026-01-05T09:40:00Z,8.795035522679427,1040.6989387208191,1040.6989387208191,1040.6989387208191,2.0,8.46899646240273,31.734498231201364,41.937992924805464,43.937992924805464,operando,ok,true,twin
DEMO_NE_WTG06,2026-01-05T09:40:00Z,8.795035522679427,1013.9382345717944,1013.9382345717944,1013.9382345717944,2.0,8.379794115239315,31.689897057619657,41.75958823047863,43.75958823047863,operando,ok,true,twin
DEMO_NE_WTG01,2026-01-05T09:50:00Z,8.407924110037893,1000.675411740193,1000.675411740193,1000.675411740193,2.0,8.335584705800644,31.66779235290032,41.671169411601284,43.671169411601284,operando,ok,true,twin
DEMO_NE_WTG02,2026-01-05T09:50:00Z,8.407924110037893,975.7170805250048,975.7170805250048,975.7170805250048,2.0,8.252390268416683,31.62619513420834,41.504780536833366,43.504780536833366,operando,ok,true,twin
DEMO_NE_WTG03,2026-01-05T09:50:00Z,8.407924110037893,951.1580740216318,951.1580740216318,951.1580740216318,2.0,8.170526913405439,31.58526345670272,41.34105382681088,43.34105382681088,operando,ok,true,twin
DEMO_NE_WTG04,2026-01-05T09:50:00Z,8.407924110037893,926.9951718694945,926.9951718694945,926.9951718694945,2.0,8.089983906231648,31.544991953115826,41.179967812463296,43.179967812463296,operando,ok,true,twin
DEMO_NE_WTG05,2026-01-05T09:50:00Z,8.407924110037893,903.2251537080133,903.2251537080133,903.2251537080133,2.0,8.010750512360044,31.505375256180024,41.02150102472009,43.02150102472009,operando,ok,true,twin
DEMO_NE_WTG06,2026-01-05T09:50:00Z,8.407924110037893,879.8447991766097,879.8447991766097,879.8447991766097,2.0,7.932815997255366,31.466407998627684,40.865631994510736,42.865631994510736,operando,ok,true,twin
DEMO_NE_WTG01,2026-01-05T10:00:00Z,8.609528792956084,1077.9058060528862,1077.9058060528862,1077.9058060528862,2.0,8.59301935350962,31.79650967675481,42.18603870701924,44.18603870701924,operando,ok,true,twin
DEMO_NE_WTG02,2026-01-05T10:00:00Z,8.609528792956084,1051.1087340679394,1051.1087340679394,1051.1087340679394,2.0,8.503695780226465,31.751847890113233,42.00739156045293,44.00739156045293,operando,ok,true,twin
DEMO_NE_WTG03,2026-01-05T10:00:00Z,8.609528792956084,1024.7404060144527,1024.7404060144527,1024.7404060144527,2.0,8.415801353381509,31.707900676690755,41.83160270676302,43.83160270676302,operando,ok,true,twin
DEMO_NE_WTG04,2026-01-05T10:00:00Z,8.609528792956084,998.7973642800746,998.7973642800746,998.7973642800746,2.0,8.32932454760025,31.664662273800126,41.658649095200495,43.658649095200495,operando,ok,true,twin
DEMO_NE_WTG05,2026-01-05T10:00:00Z,8.609528792956084,973.2761512524557,973.2761512524557,973.2761512524557,2.0,8.244253837508186,31.62212691875409,41.48850767501637,43.48850767501637,operando,ok,true,twin
DEMO_NE_WTG06,2026-01-05T10:00:00Z,8.609528792956084,948.1733093192441,948.1733093192441,948.1733093192441,2.0,8.160577697730814,31.580288848865408,41.32115539546163,43.32115539546163,operando,ok,true,twin
DEMO_NE_WTG01,2026-01-05T10:10:00Z,8.726724533042548,1124.497353513302,1124.497353513302,1124.497353513302,2.0,8.748324511711006,31.874162255855502,42.496649023422016,44.496649023422016,operando,ok,true,twin
DEMO_NE_WTG02,2026-01-05T10:10:00Z,8.726724533042548,1096.5910061115458,1096.5910061115458,1096.5910061115458,2.0,8.655303353705152,31.827651676852575,42.31060670741031,44.31060670741031,operando,ok,true,twin
DEMO_NE_WTG03,2026-01-05T10:10:00Z,8.726724533042548,1069.1311506662396,1069.1311506662396,1069.1311506662396,2.0,8.563770502220798,31.7818852511104,42.127541004441596,44.127541004441596,operando,ok,true,twin
DEMO_NE_WTG04,2026-01-05T10:10:00Z,8.726724533042548,1042.1141864358003,1042.1141864358003,1042.1141864358003,2.0,8.473713954786001,31.736856977393,41.947427909572,43.947427909572,operando,ok,true,twin
DEMO_NE_WTG05,2026-01-05T10:10:00Z,8.726724533042548,1015.5365126786422,1015.5365126786422,1015.5365126786422,2.0,8.385121708928807,31.692560854464404,41.770243417857614,43.770243417857614,operando,ok,true,twin
DEMO_NE_WTG06,2026-01-05T10:10:00Z,8.726724533042548,989.3945286531826,989.3945286531826,989.3945286531826,2.0,8.297981762177276,31.648990881088636,41.59596352435455,43.59596352435455,operando,ok,true,twin
DEMO_NE_WTG01,2026-01-05T10:20:00Z,8.654019146517559,1095.4448183777488,1095.4448183777488,1095.4448183777488,2.0,8.65148272792583,31.825741363962916,42.302965455851655,44.302965455851655,operando,ok,true,twin
DEMO_NE_WTG02,2026-01-05T10:20:00Z,8.654019146517559,1068.2301686073977,1068.2301686073977,1068.2301686073977,2.0,8.560767228691326,31.780383614345663,42.12153445738265,44.12153445738265,operando,ok,true,twin
DEMO_NE_WTG03,2026-01-05T10:20:00Z,8.654019146517559,1041.450943869393,1041.450943869393,1041.450943869393,2.0,8.47150314623131,31.735751573115657,41.94300629246262,43.94300629246262,operando,ok,true,twin
DEMO_NE_WTG04,2026-01-05T10:20:00Z,8.654019146517559,1015.1036326715383,1015.1036326715383,1015.1036326715383,2.0,8.383678775571795,31.691839387785897,41.76735755114359,43.76735755114359,operando,ok,true,twin
DEMO_NE_WTG05,2026-01-05T10:20:00Z,8.654019146517559,989.1847235216374,989.1847235216374,989.1847235216374,2.0,8.297282411738792,31.648641205869396,41.59456482347758,43.59456482347758,operando,ok,true,twin
DEMO_NE_WTG06,2026-01-05T10:20:00Z,8.654019146517559,963.6907049274943,963.6907049274943,963.6907049274943,2.0,8.212302349758314,31.60615117487916,41.42460469951663,43.42460469951663,operando,ok,true,twin
DEMO_NE_WTG01,2026-01-05T10:30:00Z,8.83484814722681,1168.6067440351515,1168.6067440351515,1168.6067440351515,2.0,8.895355813450506,31.947677906725254,42.79071162690101,44.79071162690101,operando,ok,true,twin
DEMO_NE_WTG02,2026-01-05T10:30:00Z,8.83484814722681,1139.6502176798426,1139.6502176798426,1139.6502176798426,2.0,8.798834058932808,31.899417029466406,42.59766811786562,44.59766811786562,operando,ok,true,twin
DEMO_NE_WTG03,2026-01-05T10:30:00Z,8.83484814722681,1111.156985782898,1111.156985782898,1111.156985782898,2.0,8.703856619276326,31.85192830963816,42.40771323855265,44.40771323855265,operando,ok,true,twin
DEMO_NE_WTG04,2026-01-05T10:30:00Z,8.83484814722681,1083.1233120986835,1083.1233120986835,1083.1233120986835,2.0,8.610411040328945,31.805205520164474,42.22082208065789,44.22082208065789,operando,ok,true,twin
DEMO_NE_WTG05,2026-01-05T10:30:00Z,8.83484814722681,1055.5454603815692,1055.5454603815692,1055.5454603815692,2.0,8.518484867938565,31.759242433969284,42.03696973587713,44.03696973587713,operando,ok,true,twin
DEMO_NE_WTG06,2026-01-05T10:30:00Z,8.83484814722681,1028.419694385922,1028.419694385922,1028.419694385922,2.0,8.428065647953073,31.714032823976538,41.856131295906145,43.856131295906145,operando,ok,true,twin
DEMO_NE_WTG01,2026-01-05T10:40:00Z,8.815902902620593,1160.7993703346162,1160.7993703346162,1160.7993703346162,2.0,8.86933123444872,31.93466561722436,42.738662468897445,44.738662468897445,operando,ok,true,twin
DEMO_NE_WTG02,2026-01-05T10:40:00Z,8.815902902620593,1132.0287259297452,1132.0287259297452,1132.0287259297452,2.0,8.773429086432484,31.886714543216243,42.546858172864965,44.546858172864965,operando,ok,true,twin
DEMO_NE_WTG03,2026-01-05T10:40:00Z,8.815902902620593,1103.718401935989,1103.718401935989,1103.718401935989,2.0,8.67906133978663,31.839530669893314,42.35812267957326,44.35812267957326,operando,ok,true,twin
DEMO_NE_WTG04,2026-01-05T10:40:00Z,8.815902902620593,1075.8646860919664,1075.8646860919664,1075.8646860919664,2.0,8.586215620306556,31.793107810153277,42.17243124061311,44.17243124061311,operando,ok,true,twin
DEMO_NE_WTG05,2026-01-05T10:40:00Z,8.815902902620593,1048.463866136299,1048.463866136299,1048.463866136299,2.0,8.494879553787664,31.74743977689383,41.989759107575324,43.989759107575324,operando,ok,true,twin
DEMO_NE_WTG06,2026-01-05T10:40:00Z,8.815902902620593,1021.512229807605,1021.512229807605,1021.512229807605,2.0,8.40504076602535,31.702520383012676,41.8100815320507,43.8100815320507,operando,ok,true,twin
DEMO_NE_WTG01,2026-01-05T10:50:00Z,9.01252886587184,1243.472230388898,1243.472230388898,1243.472230388898,2.0,9.144907434629658,32.07245371731483,43.28981486925932,45.28981486925932,operando,ok,true,twin
DEMO_NE_WTG02,2026-01-05T10:50:00Z,9.01252886587184,1212.7332682033505,1212.7332682033505,1212.7332682033505,2.0,9.0424442273445,32.02122211367225,43.084888454689,45.084888454689,operando,ok,true,twin
DEMO_NE_WTG03,2026-01-05T10:50:00Z,9.01252886587184,1182.4861188361515,1182.4861188361515,1182.4861188361515,2.0,8.941620396120506,31.970810198060253,42.88324079224101,44.88324079224101,operando,ok,true,twin
DEMO_NE_WTG04,2026-01-05T10:50:00Z,9.01252886587184,1152.726816054896,1152.726816054896,1152.726816054896,2.0,8.842422720182986,31.921211360091494,42.684845440365976,44.684845440365976,operando,ok,true,twin
DEMO_NE_WTG05,2026-01-05T10:50:00Z,9.01252886587184,1123.4513936271778,1123.4513936271778,1123.4513936271778,2.0,8.744837978757259,31.87241898937863,42.48967595751452,44.48967595751452,operando,ok,true,twin
DEMO_NE_WTG06,2026-01-05T10:50:00Z,9.01252886587184,1094.6558853205904,1094.6558853205904,1094.6558853205904,2.0,8.648852951068635,31.824426475534317,42.29770590213727,44.29770590213727,operando,ok,true,twin
DEMO_NE_WTG01,2026-01-05T11:00:00Z,9.334971487659365,1387.063873917739,1387.063873917739,1387.063873917739,2.0,9.623546246392465,32.31177312319623,44.24709249278493,46.24709249278493,operando,ok,true,twin
DEMO_NE_WTG02,2026-01-05T11:00:00Z,9.334971487659365,1352.9062083641352,1352.9062083641352,1352.9062083641352,2.0,9.509687361213786,32.25484368060689,44.01937472242757,46.01937472242757,operando,ok,true,twin
DEMO_NE_WTG03,2026-01-05T11:00:00Z,9.334971487659365,1319.2950537064667,1319.2950537064667,1319.2950537064667,2.0,9.397650179021557,32.19882508951078,43.795300358043114,45.795300358043114,operando,ok,true,twin
DEMO_NE_WTG04,2026-01-05T11:00:00Z,9.334971487659365,1286.2260025987985,1286.2260025987985,1286.2260025987985,2.0,9.28742000866266,32.14371000433133,43.57484001732532,45.57484001732532,operando,ok,true,twin
DEMO_NE_WTG05,2026-01-05T11:00:00Z,9.334971487659365,1253.6946476951953,1253.6946476951953,1253.6946476951953,2.0,9.178982158983985,32.08949107949199,43.35796431796797,45.35796431796797,operando,ok,true,twin
DEMO_NE_WTG06,2026-01-05T11:00:00Z,9.334971487659365,1221.6965816497225,1221.6965816497225,1221.6965816497225,2.0,9.07232193883241,32.0361609694162,43.14464387766482,45.14464387766482,operando,ok,true,twin
DEMO_NE_WTG01,2026-01-05T11:10:00Z,9.216582384436323,1333.1678887811136,1333.1678887811136,1333.1678887811136,2.0,9.443892962603712,32.221946481301856,43.887785925207424,45.887785925207424,operando,ok,true,twin
DEMO_NE_WTG02,2026-01-05T11:10:00Z,9.216582384436323,1300.2934064363872,1300.2934064363872,1300.2934064363872,2.0,9.334311354787957,32.16715567739398,43.668622709575914,45.668622709575914,operando,ok,true,twin
DEMO_NE_WTG03,2026-01-05T11:10:00Z,9.216582384436323,1267.9449044977698,1267.9449044977698,1267.9449044977698,2.0,9.226483014992567,32.113241507496284,43.452966029985134,45.452966029985134,operando,ok,true,twin
DEMO_NE_WTG04,2026-01-05T11:10:00Z,9.216582384436323,1236.1181411877926,1236.1181411877926,1236.1181411877926,2.0,9.12039380395931,32.06019690197965,43.24078760791862,45.24078760791862,operando,ok,true,twin
DEMO_NE_WTG05,2026-01-05T11:10:00Z,9.216582384436323,1204.8088747289873,1204.8088747289873,1204.8088747289873,2.0,9.016029582429958,32.008014791214976,43.032059164859916,45.032059164859916,operando,ok,true,twin
DEMO_NE_WTG06,2026-01-05T11:10:00Z,9.216582384436323,1174.012863343885,1174.012863343885,1174.012863343885,2.0,8.913376211146284,31.956688105573143,42.826752422292564,44.826752422292564,operando,ok,true,twin
DEMO_NE_WTG01,2026-01-05T11:20:00Z,9.290560920635457,1366.6848801072538,1366.6848801072538,1366.6848801072538,2.0,9.55561626702418,32.27780813351209,44.111232534048355,46.111232534048355,operando,ok,true,twin
DEMO_NE_WTG02,2026-01-05T11:20:00Z,9.290560920635457,1333.0124080723347,1333.0124080723347,1333.0124080723347,2.0,9.443374693574448,32.22168734678723,43.886749387148896,45.886749387148896,operando,ok,true,twin
DEMO_NE_WTG03,2026-01-05T11:20:00Z,9.290560920635457,1299.8786840039966,1299.8786840039966,1299.8786840039966,2.0,9.332928946679989,32.16646447333999,43.66585789335998,45.66585789335998,operando,ok,true,twin
DEMO_NE_WTG04,2026-01-05T11:20:00Z,9.290560920635457,1267.2793631605743,1267.2793631605743,1267.2793631605743,2.0,9.224264543868582,32.11213227193429,43.448529087737164,45.448529087737164,operando,ok,true,twin
DEMO_NE_WTG05,2026-01-05T11:20:00Z,9.290560920635457,1235.2101008004001,1235.2101008004001,1235.2101008004001,2.0,9.117367002668,32.058683501334,43.234734005336,45.234734005336,operando,ok,true,twin
DEMO_NE_WTG06,2026-01-05T11:20:00Z,9.290560920635457,1203.666552181809,1203.666552181809,1203.666552181809,2.0,9.012221840606031,32.006110920303016,43.02444368121206,45.02444368121206,operando,ok,true,twin
DEMO_NE_WTG01,2026-01-05T11:30:00Z,9.247216756560695,1346.9822154178755,1346.9822154178755,1346.9822154178755,2.0,9.489940718059586,32.24497035902979,43.97988143611917,45.97988143611917,operando,ok,true,twin
DEMO_NE_WTG02,2026-01-05T11:30:00Z,9.247216756560695,1313.7788345116458,1313.7788345116458,1313.7788345116458,2.0,9.379262781705485,32.189631390852746,43.75852556341097,45.75852556341097,operando,ok,true,twin
DEMO_NE_WTG03,2026-01-05T11:30:00Z,9.247216756560695,1281.1066962753418,1281.1066962753418,1281.1066962753418,2.0,9.27035565425114,32.13517782712557,43.54071130850228,45.54071130850228,operando,ok,true,twin
DEMO_NE_WTG04,2026-01-05T11:30:00Z,9.247216756560695,1248.9615164938843,1248.9615164938843,1248.9615164938843,2.0,9.163205054979613,32.08160252748981,43.32641010995923,45.32641010995923,operando,ok,true,twin
DEMO_NE_WTG05,2026-01-05T11:30:00Z,9.247216756560695,1217.339010952193,1217.339010952193,1217.339010952193,2.0,9.057796703173977,32.02889835158699,43.115593406347955,45.115593406347955,operando,ok,true,twin
DEMO_NE_WTG06,2026-01-05T11:30:00Z,9.247216756560695,1186.2348954351871,1186.2348954351871,1186.2348954351871,2.0,8.95411631811729,31.977058159058647,42.90823263623458,44.90823263623458,operando,ok,true,twin
DEMO_NE_WTG01,2026-01-05T11:40:00Z,9.355335520393568,1396.4735577916754,1396.4735577916754,1396.4735577916754,2.0,9.654911859305585,32.32745592965279,44.30982371861117,46.30982371861117,operando,ok,true,twin
DEMO_NE_WTG02,2026-01-05T11:40:00Z,9.355335520393568,1362.0918616666431,1362.0918616666431,1362.0918616666431,2.0,9.540306205555478,32.27015310277774,44.080612411110955,46.080612411110955,operando,ok,true,twin
DEMO_NE_WTG03,2026-01-05T11:40:00Z,9.355335520393568,1328.260260849604,1328.260260849604,1328.260260849604,2.0,9.427534202832014,32.21376710141601,43.85506840566403,45.85506840566403,operando,ok,true,twin
DEMO_NE_WTG04,2026-01-05T11:40:00Z,9.355335520393568,1294.974319088076,1294.974319088076,1294.974319088076,2.0,9.31658106362692,32.15829053181346,43.63316212725384,45.63316212725384,operando,ok,true,twin
DEMO_NE_WTG05,2026-01-05T11:40:00Z,9.355335520393568,1262.229600129573,1262.229600129573,1262.229600129573,2.0,9.207432000431911,32.103716000215954,43.41486400086382,45.41486400086382,operando,ok,true,twin
DEMO_NE_WTG06,2026-01-05T11:40:00Z,9.355335520393568,1230.0216677216138,1230.0216677216138,1230.0216677216138,2.0,9.100072225738714,32.05003611286936,43.20014445147743,45.20014445147743,operando,ok,true,twin
DEMO_NE_WTG01,2026-01-05T11:50:00Z,9.890630853898305,1658.8126917847924,1658.8126917847924,1658.8126917847924,2.0,10.529375639282641,32.764687819641324,46.05875127856528,48.05875127856528,operando,ok,true,twin
DEMO_NE_WTG02,2026-01-05T11:50:00Z,9.890630853898305,1618.1850912400143,1618.1850912400143,1618.1850912400143,2.0,10.39395030413338,32.69697515206669,45.78790060826676,47.78790060826676,operando,ok,true,twin
DEMO_NE_WTG03,2026-01-05T11:50:00Z,9.890630853898305,1578.2075183248653,1578.2075183248653,1578.2075183248653,2.0,10.260691727749553,32.63034586387477,45.521383455499105,47.521383455499105,operando,ok,true,twin
DEMO_NE_WTG04,2026-01-05T11:50:00Z,9.890630853898305,1538.8747308810396,1538.8747308810396,1538.8747308810396,2.0,10.12958243627013,32.56479121813506,45.25916487254026,47.25916487254026,operando,ok,true,twin
DEMO_NE_WTG05,2026-01-05T11:50:00Z,9.890630853898305,1500.1814867502355,1500.1814867502355,1500.1814867502355,2.0,10.000604955834117,32.50030247791706,45.001209911668234,47.001209911668234,operando,ok,true,twin
DEMO_NE_WTG06,2026-01-05T11:50:00Z,9.890630853898305,1462.1225437741477,1462.1225437741477,1462.1225437741477,2.0,9.873741812580494,32.436870906290245,44.74748362516099,46.74748362516099,operando,ok,true,twin
DEMO_NE_WTG01,2026-01-05T12:00:00Z,9.753624769672616,1588.8774221570966,1588.8774221570966,1588.8774221570966,2.0,10.29625807385699,32.648129036928495,45.59251614771398,47.59251614771398,operando,ok,true,twin
DEMO_NE_WTG02,2026-01-05T12:00:00Z,9.753624769672616,1549.914876318474,1549.914876318474,1549.914876318474,2.0,10.16638292106158,32.58319146053079,45.33276584212316,47.33276584212316,operando,ok,true,twin
DEMO_NE_WTG03,2026-01-05T12:00:00Z,9.753624769672616,1511.5757178070894,1511.5757178070894,1511.5757178070894,2.0,10.03858572602363,32.51929286301181,45.07717145204726,47.07717145204726,operando,ok,true,twin
DEMO_NE_WTG04,2026-01-05T12:00:00Z,9.753624769672616,1473.854919305789,1473.854919305789,1473.854919305789,2.0,9.912849731019296,32.456424865509646,44.82569946203859,46.82569946203859,operando,ok,true,twin
DEMO_NE_WTG05,2026-01-05T12:00:00Z,9.753624769672616,1436.7474534974174,1436.7474534974174,1436.7474534974174,2.0,9.789158178324726,32.39457908916236,44.57831635664945,46.57831635664945,operando,ok,true,twin
DEMO_NE_WTG06,2026-01-05T12:00:00Z,9.753624769672616,1400.2482930648193,1400.2482930648193,1400.2482930648193,2.0,9.667494310216064,32.33374715510803,44.33498862043213,46.33498862043213,operando,ok,true,twin
DEMO_NE_WTG01,2026-01-05T12:10:00Z,9.789801038156492,1607.1543777886268,1607.1543777886268,1607.1543777886268,2.0,10.357181259295423,32.678590629647715,45.714362518590846,47.714362518590846,operando,ok,true,twin
DEMO_NE_WTG02,2026-01-05T12:10:00Z,9.789801038156492,1567.756684832527,1567.756684832527,1567.756684832527,2.0,10.225855616108422,32.61292780805421,45.451711232216844,47.451711232216844,operando,ok,true,twin
DEMO_NE_WTG03,2026-01-05T12:10:00Z,9.789801038156492,1528.9893414078208,1528.9893414078208,1528.9893414078208,2.0,10.09663113802607,32.548315569013035,45.19326227605214,47.19326227605214,operando,ok,true,twin
DEMO_NE_WTG04,2026-01-05T12:10:00Z,9.789801038156492,1490.8472640505454,1490.8472640505454,1490.8472640505454,2.0,9.969490880168486,32.48474544008424,44.93898176033697,46.93898176033697,operando,ok,true,twin
DEMO_NE_WTG05,2026-01-05T12:10:00Z,9.789801038156492,1453.3253692967382,1453.3253692967382,1453.3253692967382,2.0,9.844417897655795,32.422208948827894,44.68883579531159,46.68883579531159,operando,ok,true,twin
DEMO_NE_WTG06,2026-01-05T12:10:00Z,9.789801038156492,1416.418573682436,1416.418573682436,1416.418573682436,2.0,9.721395245608122,32.36069762280406,44.44279049121624,46.44279049121624,operando,ok,true,twin
DEMO_NE_WTG01,2026-01-05T12:20:00Z,9.544876995535446,1486.0369212447388,1486.0369212447388,1486.0369212447388,2.0,9.95345640414913,32.47672820207457,44.90691280829826,46.90691280829826,operando,ok,true,twin
DEMO_NE_WTG02,2026-01-05T12:20:00Z,9.544876995535446,1449.5228547061733,1449.5228547061733,1449.5228547061733,2.0,9.831742849020578,32.415871424510286,44.66348569804116,46.66348569804116,operando,ok,true,twin
DEMO_NE_WTG03,2026-01-05T12:20:00Z,9.544876995535446,1413.593000668516,1413.593000668516,1413.593000668516,2.0,9.711976668895055,32.355988334447524,44.42395333779011,46.42395333779011,operando,ok,true,twin
DEMO_NE_WTG04,2026-01-05T12:20:00Z,9.544876995535446,1378.2426477406293,1378.2426477406293,1378.2426477406293,2.0,9.59414215913543,32.297071079567715,44.18828431827086,46.18828431827086,operando,ok,true,twin
DEMO_NE_WTG05,2026-01-05T12:20:00Z,9.544876995535446,1343.467084531377,1343.467084531377,1343.467084531377,2.0,9.47822361510459,32.2391118075523,43.95644723020918,45.95644723020918,operando,ok,true,twin
DEMO_NE_WTG06,2026-01-05T12:20:00Z,9.544876995535446,1309.2615996496238,1309.2615996496238,1309.2615996496238,2.0,9.364205332165412,32.182102666082706,43.72841066433082,45.72841066433082,operando,ok,true,twin
DEMO_NE_WTG01,2026-01-05T12:30:00Z,9.99528318788007,1713.5548919022522,1713.5548919022522,1713.5548919022522,2.0,10.711849639674174,32.855924819837085,46.42369927934835,48.42369927934835,operando,ok,true,twin
DEMO_NE_WTG02,2026-01-05T12:30:00Z,9.99528318788007,1671.6239610290722,1671.6239610290722,1671.6239610290722,2.0,10.572079870096907,32.78603993504845,46.144159740193814,48.144159740193814,operando,ok,true,twin
DEMO_NE_WTG03,2026-01-05T12:30:00Z,9.99528318788007,1630.3639106223254,1630.3639106223254,1630.3639106223254,2.0,10.434546368741085,32.71727318437054,45.86909273748217,47.86909273748217,operando,ok,true,twin
DEMO_NE_WTG04,2026-01-05T12:30:00Z,9.99528318788007,1589.7693303556712,1589.7693303556712,1589.7693303556712,2.0,10.29923110118557,32.649615550592785,45.59846220237114,47.59846220237114,operando,ok,true,twin
DEMO_NE_WTG05,2026-01-05T12:30:00Z,9.99528318788007,1549.8348099027664,1549.8348099027664,1549.8348099027664,2.0,10.16611603300922,32.58305801650461,45.33223206601844,47.33223206601844,operando,ok,true,twin
DEMO_NE_WTG06,2026-01-05T12:30:00Z,9.99528318788007,1510.5549389372684,1510.5549389372684,1510.5549389372684,2.0,10.035183129790894,32.51759156489545,45.07036625958179,47.07036625958179,operando,ok,true,twin
DEMO_NE_WTG01,2026-01-05T12:40:00Z,9.657120682100466,1540.7810941831356,1540.7810941831356,1540.7810941831356,2.0,10.135936980610452,32.567968490305226,45.271873961220905,47.271873961220905,operando,ok,true,twin
DEMO_NE_WTG02,2026-01-05T12:40:00Z,9.657120682100466,1502.9636503462361,1502.9636503462361,1502.9636503462361,2.0,10.009878834487452,32.504939417243726,45.019757668974904,47.019757668974904,operando,ok,true,twin
DEMO_NE_WTG03,2026-01-05T12:40:00Z,9.657120682100466,1465.751272598554,1465.751272598554,1465.751272598554,2.0,9.885837575328512,32.442918787664254,44.771675150657025,46.771675150657025,operando,ok,true,twin
DEMO_NE_WTG04,2026-01-05T12:40:00Z,9.657120682100466,1429.139081374852,1429.139081374852,1429.139081374852,2.0,9.763796937916172,32.381898468958084,44.527593875832345,46.527593875832345,operando,ok,true,twin
DEMO_NE_WTG05,2026-01-05T12:40:00Z,9.657120682100466,1393.1221971098958,1393.1221971098958,1393.1221971098958,2.0,9.643740657032986,32.321870328516496,44.28748131406597,46.28748131406597,operando,ok,true,twin
DEMO_NE_WTG06,2026-01-05T12:40:00Z,9.657120682100466,1357.6957402384485,1357.6957402384485,1357.6957402384485,2.0,9.525652467461494,32.26282623373075,44.05130493492299,46.05130493492299,operando,ok,true,twin
DEMO_NE_WTG01,2026-01-05T12:50:00Z,9.864122162176978,1645.1287893719311,1645.1287893719311,1645.1287893719311,2.0,10.48376263123977,32.741881315619885,45.96752526247954,47.96752526247954,operando,ok,true,twin
DEMO_NE_WTG02,2026-01-05T12:50:00Z,9.864122162176978,1604.8269821819576,1604.8269821819576,1604.8269821819576,2.0,10.349423273939859,32.67471163696993,45.69884654787972,47.69884654787972,operando,ok,true,twin
DEMO_NE_WTG03,2026-01-05T12:50:00Z,9.864122162176978,1565.1699900400324,1565.1699900400324,1565.1699900400324,2.0,10.21723330013344,32.60861665006672,45.43446660026688,47.43446660026688,operando,ok,true,twin
DEMO_NE_WTG04,2026-01-05T12:50:00Z,9.864122162176978,1526.1526128248022,1526.1526128248022,1526.1526128248022,2.0,10.087175376082673,32.543587688041335,45.174350752165346,47.174350752165346,operando,ok,true,twin
DEMO_NE_WTG05,2026-01-05T12:50:00Z,9.864122162176978,1487.7696504149112,1487.7696504149112,1487.7696504149112,2.0,9.959232168049704,32.479616084024855,44.918464336099404,46.918464336099404,operando,ok,true,twin
DEMO_NE_WTG06,2026-01-05T12:50:00Z,9.864122162176978,1450.0159026890026,1450.0159026890026,1450.0159026890026,2.0,9.833386342296674,32.41669317114834,44.66677268459335,46.66677268459335,operando,ok,true,twin
DEMO_NE_WTG01,2026-01-05T13:00:00Z,10.344747873462747,0.0,1904.816346718219,0.0,90.0,0.0,30.0,35.0,37.0,parada_manutencao,ok,true,twin
DEMO_NE_WTG02,2026-01-05T13:00:00Z,10.344747873462747,1385.6089637415582,1858.331765202915,1385.6089637415582,8.35950493761456,9.618696545805193,32.3093482729026,44.237393091610386,46.237393091610386,limitada,ok,true,twin
DEMO_NE_WTG03,2026-01-05T13:00:00Z,10.344747873462747,1351.5036845191476,1812.590920997506,1351.5036845191476,8.35950493761456,9.50501228173049,32.25250614086524,44.01002456346098,46.01002456346098,limitada,ok,true,twin
DEMO_NE_WTG04,2026-01-05T13:00:00Z,10.344747873462747,1317.9484784236051,1767.587816220459,1317.9484784236051,8.35950493761456,9.39316159474535,32.196580797372675,43.7863231894907,45.7863231894907,limitada,ok,true,twin
DEMO_NE_WTG05,2026-01-05T13:00:00Z,10.344747873462747,1284.9388733156895,1723.316452990244,1284.9388733156895,8.35950493761456,9.283129577718965,32.14156478885948,43.56625915543793,45.56625915543793,limitada,ok,true,twin
DEMO_NE_WTG06,2026-01-05T13:00:00Z,10.344747873462747,0.0,1679.770833425328,0.0,90.0,0.0,30.0,35.0,37.0,parada_manutencao,ok,true,twin
DEMO_NE_WTG01,2026-01-05T13:10:00Z,10.151371304475077,0.0,1797.3584795571826,0.0,90.0,0.0,30.0,35.0,37.0,parada_manutencao,ok,true,twin
DEMO_NE_WTG02,2026-01-05T13:10:00Z,10.151371304475077,1385.6874809258886,1753.4323099616768,1385.6874809258886,7.2432139374092195,9.618958269752962,32.30947913487648,44.237916539505925,46.237916539505925,limitada,ok,true,twin
DEMO_NE_WTG03,2026-01-05T13:10:00Z,10.151371304475077,1351.5292891303413,1710.208943965644,1351.5292891303413,7.2432139374092195,9.50509763043447,32.25254881521724,44.01019526086894,46.01019526086894,limitada,ok,true,twin
DEMO_NE_WTG04,2026-01-05T13:10:00Z,10.151371304475077,1317.9220238716096,1667.6827137981186,1317.9220238716096,7.2432139374092195,9.393073412905366,32.19653670645268,43.78614682581073,45.78614682581073,limitada,ok,true,twin
DEMO_NE_WTG05,2026-01-05T13:10:00Z,10.151371304475077,1284.8612060721603,1625.8479516881396,1284.8612060721603,7.2432139374092195,9.282870686907202,32.1414353434536,43.565741373814404,45.565741373814404,limitada,ok,true,twin
DEMO_NE_WTG06,2026-01-05T13:10:00Z,10.151371304475077,0.0,1584.6989898647416,0.0,90.0,0.0,30.0,35.0,37.0,parada_manutencao,ok,true,twin
DEMO_NE_WTG01,2026-01-05T13:20:00Z,10.142140373944516,0.0,1792.3299833305202,0.0,90.0,0.0,30.0,35.0,37.0,parada_manutencao,ok,true,twin
DEMO_NE_WTG02,2026-01-05T13:20:00Z,10.142140373944516,1385.691386116448,1748.5235347477687,1385.691386116448,7.187693236906599,9.618971287054826,32.30948564352741,44.23794257410965,46.23794257410965,limitada,ok,true,twin
DEMO_NE_WTG03,2026-01-05T13:20:00Z,10.142140373944516,1351.5305626208099,1705.4179742694791,1351.5305626208099,7.187693236906599,9.5051018754027,32.25255093770135,44.0102037508054,46.0102037508054,limitada,ok,true,twin
DEMO_NE_WTG04,2026-01-05T13:20:00Z,10.142140373944516,1317.9207081078373,1663.0076495722287,1317.9207081078373,7.187693236906599,9.393069027026124,32.196534513513065,43.786138054052245,45.786138054052245,limitada,ok,true,twin
DEMO_NE_WTG05,2026-01-05T13:20:00Z,10.142140373944516,1284.8573431549046,1621.2869083325927,1284.8573431549046,7.187693236906599,9.282857810516347,32.141428905258174,43.565715621032695,45.565715621032695,limitada,ok,true,twin
DEMO_NE_WTG06,2026-01-05T13:20:00Z,10.142140373944516,0.0,1580.2500982271492,0.0,90.0,0.0,30.0,35.0,37.0,parada_manutencao,ok,true,twin
DEMO_NE_WTG01,2026-01-05T13:30:00Z,10.277930654188012,0.0,1867.2275636517988,0.0,90.0,0.0,30.0,35.0,37.0,parada_manutencao,ok,true,twin
DEMO_NE_WTG02,2026-01-05T13:30:00Z,10.277930654188012,1385.6353997201243,1821.6379151291972,1385.6353997201243,7.983660525892026,9.618784665733749,32.30939233286687,44.2375693314675,46.2375693314675,limitada,ok,true,twin
DEMO_NE_WTG03,2026-01-05T13:30:00Z,10.277930654188012,1351.5123053447471,1776.7776852965342,1351.5123053447471,7.983660525892026,9.505041017815824,32.252520508907914,44.01008203563165,46.01008203563165,limitada,ok,true,twin
DEMO_NE_WTG04,2026-01-05T13:30:00Z,10.277930654188012,1317.9395714311358,1732.6409917450194,1317.9395714311358,7.983660525892026,9.393131904770453,32.19656595238523,43.786263809540905,45.786263809540905,limitada,ok,true,twin
DEMO_NE_WTG05,2026-01-05T13:30:00Z,10.277930654188012,1284.9127235039919,1689.221952065863,1284.9127235039919,7.983660525892026,9.283042411679972,32.141521205839986,43.566084823359944,45.566084823359944,limitada,ok,true,twin
DEMO_NE_WTG06,2026-01-05T13:30:00Z,10.277930654188012,0.0,1646.5146838502756,0.0,90.0,0.0,30.0,35.0,37.0,parada_manutencao,ok,true,twin
DEMO_NE_WTG01,2026-01-05T13:40:00Z,10.432554819424155,0.0,1954.9567699760676,0.0,90.0,0.0,30.0,35.0,37.0,parada_manutencao,ok,true,twin
DEMO_NE_WTG02,2026-01-05T13:40:00Z,10.432554819424155,1385.575285125157,1907.2784195919446,1385.575285125157,8.838319055935262,9.618584283750522,32.30929214187526,44.237168567501044,46.237168567501044,limitada,ok,true,twin
DEMO_NE_WTG03,2026-01-05T13:40:00Z,10.432554819424155,1351.492701854832,1860.3629064088664,1351.492701854832,8.838319055935262,9.50497567284944,32.25248783642472,44.00995134569888,46.00995134569888,limitada,ok,true,twin
DEMO_NE_WTG04,2026-01-05T13:40:00Z,10.432554819424155,1317.9598256556324,1814.2040785139213,1317.9598256556324,8.838319055935262,9.39319941885211,32.19659970942605,43.78639883770422,45.78639883770422,limitada,ok,true,twin
DEMO_NE_WTG05,2026-01-05T13:40:00Z,10.432554819424155,1284.9721873643784,1768.7957839941976,1284.9721873643784,8.838319055935262,9.283240624547929,32.141620312273965,43.56648124909586,45.56648124909586,limitada,ok,true,twin
DEMO_NE_WTG06,2026-01-05T13:40:00Z,10.432554819424155,0.0,1724.1318709367838,0.0,90.0,0.0,30.0,35.0,37.0,parada_manutencao,ok,true,twin
DEMO_NE_WTG01,2026-01-05T13:50:00Z,10.426965395964277,0.0,1951.739749252888,0.0,90.0,0.0,30.0,35.0,37.0,parada_manutencao,ok,true,twin
DEMO_NE_WTG02,2026-01-05T13:50:00Z,10.426965395964277,1385.57739392345,1904.1379913452565,1385.57739392345,8.808337943189823,9.618591313078166,32.309295656539085,44.23718262615633,46.23718262615633,limitada,ok,true,twin
DEMO_NE_WTG03,2026-01-05T13:50:00Z,10.426965395964277,1351.493389538182,1857.2978451854003,1351.493389538182,8.808337943189823,9.504977965127274,32.252488982563634,44.00995593025455,46.00995593025455,limitada,ok,true,twin
DEMO_NE_WTG04,2026-01-05T13:50:00Z,10.426965395964277,1317.959115144748,1811.2131687430956,1317.959115144748,8.808337943189823,9.393197050482494,32.19659852524125,43.78639410096498,45.78639410096498,limitada,ok,true,twin
DEMO_NE_WTG05,2026-01-05T13:50:00Z,10.426965395964277,1284.9701013936196,1765.8778199881167,1284.9701013936196,8.808337943189823,9.283233671312065,32.14161683565603,43.56646734262413,45.56646734262413,limitada,ok,true,twin
DEMO_NE_WTG06,2026-01-05T13:50:00Z,10.426965395964277,0.0,1721.2856568902407,0.0,90.0,0.0,30.0,35.0,37.0,parada_manutencao,ok,true,twin
DEMO_NE_WTG01,2026-01-05T14:00:00Z,10.08257683680842,1411.2711747117296,1760.102614017359,1411.2711747117296,6.954703159457227,9.7042372490391,32.35211862451955,44.4084744980782,46.4084744980782,limitada,ok,true,twin
DEMO_NE_WTG02,2026-01-05T14:00:00Z,10.08257683680842,0.0,1717.0634511436288,0.0,90.0,0.0,30.0,35.0,37.0,parada_manutencao,ok,true,twin
DEMO_NE_WTG03,2026-01-05T14:00:00Z,10.08257683680842,1342.8046881811879,1674.7129000670218,1342.8046881811879,6.954703159457227,9.476015627270627,32.23800781363531,43.952031254541254,45.952031254541254,limitada,ok,true,twin
DEMO_NE_WTG04,2026-01-05T14:00:00Z,10.08257683680842,1309.3951978701214,1633.0454074665954,1309.3951978701214,6.954703159457227,9.364650659567072,32.18232532978354,43.729301319134144,45.729301319134144,limitada,ok,true,twin
DEMO_NE_WTG05,2026-01-05T14:00:00Z,10.08257683680842,1276.528939236961,1592.0554200214028,1276.528939236961,6.954703159457227,9.255096464123202,32.1275482320616,43.510192928246404,45.510192928246404,limitada,ok,true,twin
DEMO_NE_WTG06,2026-01-05T14:00:00Z,10.08257683680842,0.0,1551.7373844105002,0.0,90.0,0.0,30.0,35.0,37.0,parada_manutencao,ok,true,twin
DEMO_NE_WTG01,2026-01-05T14:10:00Z,9.980388587135803,1411.33892823081,1705.693310094321,1411.33892823081,6.314292319163074,9.7044630941027,32.35223154705135,44.4089261882054,46.4089261882054,limitada,ok,true,twin
DEMO_NE_WTG02,2026-01-05T14:10:00Z,9.980388587135803,0.0,1663.9495517859534,0.0,90.0,0.0,30.0,35.0,37.0,parada_manutencao,ok,true,twin
DEMO_NE_WTG03,2026-01-05T14:10:00Z,9.980388587135803,1342.8116212734296,1622.8736792473862,1342.8116212734296,6.314292319163074,9.476038737578097,32.23801936878905,43.952077475156194,45.952077475156194,limitada,ok,true,twin
DEMO_NE_WTG04,2026-01-05T14:10:00Z,9.980388587135803,1309.3724525085051,1582.4603063030536,1309.3724525085051,6.314292319163074,9.364574841695017,32.18228742084751,43.729149683390034,45.729149683390034,limitada,ok,true,twin
DEMO_NE_WTG05,2026-01-05T14:10:00Z,9.980388587135803,1276.476997987255,1542.7040467773954,1276.476997987255,6.314292319163074,9.254923326624183,32.12746166331209,43.50984665324837,45.50984665324837,limitada,ok,true,twin
DEMO_NE_WTG06,2026-01-05T14:10:00Z,9.980388587135803,0.0,1503.5995144948467,0.0,90.0,0.0,30.0,35.0,37.0,parada_manutencao,ok,true,twin
DEMO_NE_WTG01,2026-01-05T14:20:00Z,10.211540371603665,1411.18965389657,1830.3598900093352,1411.18965389657,7.725243412521285,9.703965512988567,32.35198275649428,44.407931025977135,46.407931025977135,limitada,ok,true,twin
DEMO_NE_WTG02,2026-01-05T14:20:00Z,10.211540371603665,0.0,1785.6480059370626,0.0,90.0,0.0,30.0,35.0,37.0,parada_manutencao,ok,true,twin
DEMO_NE_WTG03,2026-01-05T14:20:00Z,10.211540371603665,1342.796346307014,1741.651496625543,1342.796346307014,7.725243412521285,9.47598782102338,32.23799391051169,43.95197564204676,45.95197564204676,limitada,ok,true,twin
DEMO_NE_WTG04,2026-01-05T14:20:00Z,10.211540371603665,1309.422565015698,1698.36459292348,1309.422565015698,7.725243412521285,9.364741883385658,32.18237094169283,43.72948376677132,45.72948376677132,limitada,ok,true,twin
DEMO_NE_WTG05,2026-01-05T14:20:00Z,10.211540371603665,1276.591434780719,1655.7815256795768,1276.591434780719,7.725243412521285,9.255304782602398,32.1276523913012,43.510609565204796,45.510609565204796,limitada,ok,true,twin
DEMO_NE_WTG06,2026-01-05T14:20:00Z,10.211540371603665,0.0,1613.8965257425375,0.0,90.0,0.0,30.0,35.0,37.0,parada_manutencao,ok,true,twin
DEMO_NE_WTG01,2026-01-05T14:30:00Z,10.20801381845218,1411.1918262835065,1828.4148830710922,1411.1918262835065,7.70470986440996,9.703972754278354,32.35198637713918,44.40794550855671,46.40794550855671,limitada,ok,true,twin
DEMO_NE_WTG02,2026-01-05T14:30:00Z,10.20801381845218,0.0,1783.749306719849,0.0,90.0,0.0,30.0,35.0,37.0,parada_manutencao,ok,true,twin
DEMO_NE_WTG03,2026-01-05T14:30:00Z,10.20801381845218,1342.7965686033494,1739.7983642217557,1342.7965686033494,7.70470986440996,9.475988562011164,32.237994281005584,43.95197712402233,45.95197712402233,limitada,ok,true,twin
DEMO_NE_WTG04,2026-01-05T14:30:00Z,10.20801381845218,1309.421835729203,1696.5562924005771,1309.421835729203,7.70470986440996,9.364739452430676,32.18236972621534,43.72947890486135,45.72947890486135,limitada,ok,true,twin
DEMO_NE_WTG05,2026-01-05T14:30:00Z,10.20801381845218,1276.5897693839408,1654.0173280800777,1276.5897693839408,7.70470986440996,9.255299231279803,32.1276496156399,43.51059846255961,45.51059846255961,limitada,ok,true,twin
DEMO_NE_WTG06,2026-01-05T14:30:00Z,10.20801381845218,0.0,1612.1757080840239,0.0,90.0,0.0,30.0,35.0,37.0,parada_manutencao,ok,true,twin
DEMO_NE_WTG01,2026-01-05T14:40:00Z,10.195165445846474,1411.1997674936943,1821.3399542429772,1411.1997674936943,7.6296490091515325,9.70399922497898,32.35199961248949,44.40799844995796,46.40799844995796,limitada,ok,true,twin
DEMO_NE_WTG02,2026-01-05T14:40:00Z,10.195165445846474,0.0,1776.842821419637,0.0,90.0,0.0,30.0,35.0,37.0,parada_manutencao,ok,true,twin
DEMO_NE_WTG03,2026-01-05T14:40:00Z,10.195165445846474,1342.7973812126936,1733.0576274109578,1342.7973812126936,7.6296490091515325,9.475991270708978,32.23799563535449,43.951982541417955,45.951982541417955,limitada,ok,true,twin
DEMO_NE_WTG04,2026-01-05T14:40:00Z,10.195165445846474,1309.4191698057232,1689.9786307748875,1309.4191698057232,7.6296490091515325,9.364730566019077,32.18236528300954,43.72946113203815,45.72946113203815,limitada,ok,true,twin
DEMO_NE_WTG05,2026-01-05T14:40:00Z,10.195165445846474,1276.5836814878894,1647.6000900693698,1276.5836814878894,7.6296490091515325,9.255278938292964,32.12763946914648,43.51055787658593,45.51055787658593,limitada,ok,true,twin
DEMO_NE_WTG06,2026-01-05T14:40:00Z,10.195165445846474,0.0,1605.9162638523521,0.0,90.0,0.0,30.0,35.0,37.0,parada_manutencao,ok,true,twin
DEMO_NE_WTG01,2026-01-05T14:50:00Z,10.731355616306525,1410.9007830254632,2132.0005366276614,1410.9007830254632,10.455670404553622,9.703002610084877,32.35150130504244,44.40600522016975,46.40600522016975,limitada,ok,true,twin
DEMO_NE_WTG02,2026-01-05T14:50:00Z,10.731355616306525,0.0,2080.1070376006887,0.0,90.0,0.0,30.0,35.0,37.0,parada_manutencao,ok,true,twin
DEMO_NE_WTG03,2026-01-05T14:50:00Z,10.731355616306525,1342.7667866852803,2029.0438167027035,1342.7667866852803,10.455670404553622,9.475889288950935,32.23794464447547,43.95177857790187,45.95177857790187,limitada,ok,true,twin
DEMO_NE_WTG04,2026-01-05T14:50:00Z,10.731355616306525,1309.519541121333,1978.804178142344,1309.519541121333,10.455670404553622,9.36506513707111,32.18253256853556,43.73013027414222,45.73013027414222,limitada,ok,true,twin
DEMO_NE_WTG05,2026-01-05T14:50:00Z,10.731355616306525,1276.8128891679232,1929.381426128246,1276.8128891679232,10.455670404553622,9.256042963893076,32.12802148194654,43.51208592778615,45.51208592778615,limitada,ok,true,twin
DEMO_NE_WTG06,2026-01-05T14:50:00Z,10.731355616306525,0.0,1880.7688648690487,0.0,90.0,0.0,30.0,35.0,37.0,parada_manutencao,ok,true,twin
DEMO_NE_WTG01,2026-01-05T15:00:00Z,10.705531243222286,1428.2691928455536,2116.3029953564387,1428.2691928455536,10.127779954247561,9.760897309485177,32.38044865474259,44.521794618970354,46.521794618970354,limitada,ok,true,twin
DEMO_NE_WTG02,2026-01-05T15:00:00Z,10.705531243222286,0.0,2064.7832314291927,0.0,90.0,0.0,30.0,35.0,37.0,parada_manutencao,ok,true,twin
DEMO_NE_WTG03,2026-01-05T15:00:00Z,10.705531243222286,1359.2852791750026,2014.0877659979326,1359.2852791750026,10.127779954247561,9.530950930583343,32.26547546529167,44.06190186116669,46.06190186116669,limitada,ok,true,twin
DEMO_NE_WTG04,2026-01-05T15:00:00Z,10.705531243222286,0.0,1964.2099514941435,0.0,90.0,0.0,30.0,35.0,37.0,parada_manutencao,ok,true,twin
DEMO_NE_WTG05,2026-01-05T15:00:00Z,10.705531243222286,1292.5086593234746,1915.1431403493077,1292.5086593234746,10.127779954247561,9.308362197744916,32.154181098872456,43.61672439548983,45.61672439548983,limitada,ok,true,twin
DEMO_NE_WTG06,2026-01-05T15:00:00Z,10.705531243222286,1259.936868655968,1866.880684994912,1259.936868655968,10.127779954247561,9.19978956218656,32.09989478109328,43.39957912437312,45.39957912437312,limitada,ok,true,twin
DEMO_NE_WTG01,2026-01-05T15:10:00Z,10.329977728662822,1428.5237825593465,1896.4652687225678,1428.5237825593465,8.168600789594478,9.761745941864488,32.380872970932245,44.52349188372898,46.52349188372898,limitada,ok,true,twin
DEMO_NE_WTG02,2026-01-05T15:10:00Z,10.329977728662822,0.0,1850.1795139479373,0.0,90.0,0.0,30.0,35.0,37.0,parada_manutencao,ok,true,twin
DEMO_NE_WTG03,2026-01-05T15:10:00Z,10.329977728662822,1359.3515688263433,1804.634315323761,1359.3515688263433,8.168600789594478,9.531171896087812,32.265585948043906,44.062343792175625,46.062343792175625,limitada,ok,true,twin
DEMO_NE_WTG04,2026-01-05T15:10:00Z,10.329977728662822,0.0,1759.8237006230213,0.0,90.0,0.0,30.0,35.0,37.0,parada_manutencao,ok,true,twin
DEMO_NE_WTG05,2026-01-05T15:10:00Z,10.329977728662822,1292.3926739918618,1715.7416976186962,1292.3926739918618,8.168600789594478,9.307975579972872,32.15398778998644,43.615951159945745,45.615951159945745,limitada,ok,true,twin
DEMO_NE_WTG06,2026-01-05T15:10:00Z,10.329977728662822,1259.7319746224484,1672.382334083768,1259.7319746224484,8.168600789594478,9.19910658207483,32.09955329103742,43.39821316414966,45.39821316414966,limitada,ok,true,twin
DEMO_NE_WTG01,2026-01-05T15:20:00Z,10.582980245827171,1428.3481673673577,2042.8363102361495,1428.3481673673577,9.520036478078826,9.761160557891191,32.380580278945594,44.52232111578238,46.52232111578238,limitada,ok,true,twin
DEMO_NE_WTG02,2026-01-05T15:20:00Z,10.582980245827171,0.0,1993.0656787631892,0.0,90.0,0.0,30.0,35.0,37.0,parada_manutencao,ok,true,twin
DEMO_NE_WTG03,2026-01-05T15:20:00Z,10.582980245827171,1359.3058424312208,1944.0913602687872,1359.3058424312208,9.520036478078826,9.531019474770737,32.265509737385365,44.062038949541474,46.062038949541474,limitada,ok,true,twin
DEMO_NE_WTG04,2026-01-05T15:20:00Z,10.582980245827171,0.0,1895.906932874082,0.0,90.0,0.0,30.0,35.0,37.0,parada_manutencao,ok,true,twin
DEMO_NE_WTG05,2026-01-05T15:20:00Z,10.582980245827171,1292.4726803125247,1848.5059747002163,1292.4726803125247,9.520036478078826,9.308242267708415,32.15412113385421,43.61648453541683,45.61648453541683,limitada,ok,true,twin
DEMO_NE_WTG06,2026-01-05T15:20:00Z,10.582980245827171,1259.8733098888965,1801.8820638683283,1259.8733098888965,9.520036478078826,9.199577699629655,32.09978884981483,43.399155399259314,45.399155399259314,limitada,ok,true,twin
DEMO_NE_WTG01,2026-01-05T15:30:00Z,10.412398595077944,1428.4646189515636,1943.3719475517748,1428.4646189515636,8.623890620229473,9.761548729838545,32.380774364919276,44.52309745967709,46.52309745967709,limitada,ok,true,twin
DEMO_NE_WTG02,2026-01-05T15:30:00Z,10.412398595077944,0.0,1895.9694145513586,0.0,90.0,0.0,30.0,35.0,37.0,parada_manutencao,ok,true,twin
DEMO_NE_WTG03,2026-01-05T15:30:00Z,10.412398595077944,1359.336163903365,1849.3253057687502,1359.336163903365,8.623890620229473,9.53112054634455,32.26556027317228,44.0622410926891,46.0622410926891,limitada,ok,true,twin
DEMO_NE_WTG04,2026-01-05T15:30:00Z,10.412398595077944,0.0,1803.433504879614,0.0,90.0,0.0,30.0,35.0,37.0,parada_manutencao,ok,true,twin
DEMO_NE_WTG05,2026-01-05T15:30:00Z,10.412398595077944,1292.4196275971979,1758.2878955596107,1292.4196275971979,8.623890620229473,9.308065425323992,32.154032712661994,43.616130850647984,45.616130850647984,limitada,ok,true,twin
DEMO_NE_WTG06,2026-01-05T15:30:00Z,10.412398595077944,1259.7795895478732,1713.8823614844046,1259.7795895478732,8.623890620229473,9.19926529849291,32.09963264924646,43.39853059698582,45.39853059698582,limitada,ok,true,twin
DEMO_NE_WTG01,2026-01-05T15:40:00Z,10.783714299574347,1428.220735766872,2164.0597824453953,1428.220735766872,10.500678362117872,9.760735785889572,32.38036789294479,44.521471571779145,46.521471571779145,limitada,ok,true,twin
DEMO_NE_WTG02,2026-01-05T15:40:00Z,10.783714299574347,0.0,2111.4030004796596,0.0,90.0,0.0,30.0,35.0,37.0,parada_manutencao,ok,true,twin
DEMO_NE_WTG03,2026-01-05T15:40:00Z,10.783714299574347,1359.2726620004794,2059.5887089073035,1359.2726620004794,10.500678362117872,9.53090887333493,32.26545443666747,44.06181774666986,46.06181774666986,limitada,ok,true,twin
DEMO_NE_WTG04,2026-01-05T15:40:00Z,10.783714299574347,0.0,2008.6101134509597,0.0,90.0,0.0,30.0,35.0,37.0,parada_manutencao,ok,true,twin
DEMO_NE_WTG05,2026-01-05T15:40:00Z,10.783714299574347,1292.5307352756267,1958.4604198332627,1292.5307352756267,10.500678362117872,9.30843578425209,32.15421789212604,43.61687156850418,45.61687156850418,limitada,ok,true,twin
DEMO_NE_WTG06,2026-01-05T15:40:00Z,10.783714299574347,1259.9758669570222,1909.1328337768468,1259.9758669570222,10.500678362117872,9.199919556523408,32.099959778261706,43.399839113046816,45.399839113046816,limitada,ok,true,twin
DEMO_NE_WTG01,2026-01-05T15:50:00Z,10.469578273500337,1428.4247041069634,1976.3529779029186,1428.4247041069634,8.931052801829896,9.761415680356546,32.380707840178275,44.52283136071309,46.52283136071309,limitada,ok,true,twin
DEMO_NE_WTG02,2026-01-05T15:50:00Z,10.469578273500337,0.0,1928.1652156456146,0.0,90.0,0.0,30.0,35.0,37.0,parada_manutencao,ok,true,twin
DEMO_NE_WTG03,2026-01-05T15:50:00Z,10.469578273500337,1359.3257709417155,1880.7484410040481,1359.3257709417155,8.931052801829896,9.53108590313905,32.26554295156953,44.0621718062781,46.0621718062781,limitada,ok,true,twin
DEMO_NE_WTG04,2026-01-05T15:50:00Z,10.469578273500337,0.0,1834.096436336158,0.0,90.0,0.0,30.0,35.0,37.0,parada_manutencao,ok,true,twin
DEMO_NE_WTG05,2026-01-05T15:50:00Z,10.469578273500337,1292.4378119001622,1788.2029839998804,1292.4378119001622,8.931052801829896,9.308126039667208,32.1540630198336,43.616252079334416,45.616252079334416,limitada,ok,true,twin
DEMO_NE_WTG06,2026-01-05T15:50:00Z,10.469578273500337,1259.8117130511591,1743.061866353154,1259.8117130511591,8.931052801829896,9.199372376837196,32.0996861884186,43.39874475367439,45.39874475367439,limitada,ok,true,twin
DEMO_NE_WTG01,2026-01-05T16:00:00Z,10.335416116548636,1419.4011654881153,1899.5373716877211,1419.4011654881153,8.319120294182593,9.731337218293717,32.36566860914686,44.462674436587434,46.462674436587434,limitada,ok,true,twin
DEMO_NE_WTG02,2026-01-05T16:00:00Z,10.335416116548636,1384.7601663807845,1853.178474712779,1384.7601663807845,8.319120294182593,9.615867221269282,32.30793361063464,44.23173444253857,46.23173444253857,limitada,ok,true,twin
DEMO_NE_WTG03,2026-01-05T16:00:00Z,10.335416116548636,0.0,1807.56130413833,0.0,90.0,0.0,30.0,35.0,37.0,parada_manutencao,ok,true,twin
DEMO_NE_WTG04,2026-01-05T16:00:00Z,10.335416116548636,0.0,1762.6798782998555,0.0,90.0,0.0,30.0,35.0,37.0,parada_manutencao,ok,true,twin
DEMO_NE_WTG05,2026-01-05T16:00:00Z,10.335416116548636,1284.1447546168765,1718.5282155328334,1284.1447546168765,8.319120294182593,9.28048251538959,32.1402412576948,43.56096503077918,45.56096503077918,limitada,ok,true,twin
DEMO_NE_WTG06,2026-01-05T16:00:00Z,10.335416116548636,1251.693913514224,1675.1003341727455,1251.693913514224,8.319120294182593,9.172313045047414,32.08615652252371,43.34462609009483,45.34462609009483,limitada,ok,true,twin
DEMO_NE_WTG01,2026-01-05T16:10:00Z,10.321021232074946,1419.4105923261604,1891.4128594189206,1419.4105923261604,8.238752485242284,9.731368641087201,32.3656843205436,44.4627372821744,46.4627372821744,limitada,ok,true,twin
DEMO_NE_WTG02,2026-01-05T16:10:00Z,10.321021232074946,1384.7657241361405,1845.2473949918242,1384.7657241361405,8.238752485242284,9.615885747120469,32.307942873560236,44.23177149424094,46.23177149424094,limitada,ok,true,twin
DEMO_NE_WTG03,2026-01-05T16:10:00Z,10.321021232074946,0.0,1799.8205621110124,0.0,90.0,0.0,30.0,35.0,37.0,parada_manutencao,ok,true,twin
DEMO_NE_WTG04,2026-01-05T16:10:00Z,10.321021232074946,0.0,1755.126404070466,0.0,90.0,0.0,30.0,35.0,37.0,parada_manutencao,ok,true,twin
DEMO_NE_WTG05,2026-01-05T16:10:00Z,10.321021232074946,1284.1390745512142,1711.1589641641665,1284.1390745512142,8.238752485242284,9.280463581837381,32.14023179091869,43.56092716367476,45.56092716367476,limitada,ok,true,twin
DEMO_NE_WTG06,2026-01-05T16:10:00Z,10.321021232074946,1251.6846089864853,1667.9122856860959,1251.6846089864853,8.238752485242284,9.17228202995495,32.08614101497748,43.3445640599099,45.3445640599099,limitada,ok,true,twin
DEMO_NE_WTG01,2026-01-05T16:20:00Z,10.536488680670173,1419.2750061163883,2015.4067364440834,1419.2750061163883,9.394682665637633,9.730916687054627,32.365458343527315,44.461833374109254,46.461833374109254,limitada,ok,true,twin
DEMO_NE_WTG02,2026-01-05T16:20:00Z,10.536488680670173,1384.68578694193,1966.2891623079067,1384.68578694193,9.394682665637633,9.615619289806432,32.307809644903216,44.231238579612864,46.231238579612864,limitada,ok,true,twin
DEMO_NE_WTG03,2026-01-05T16:20:00Z,10.536488680670173,0.0,1917.9574524576024,0.0,90.0,0.0,30.0,35.0,37.0,parada_manutencao,ok,true,twin
DEMO_NE_WTG04,2026-01-05T16:20:00Z,10.536488680670173,0.0,1870.4052692779599,0.0,90.0,0.0,30.0,35.0,37.0,parada_manutencao,ok,true,twin
DEMO_NE_WTG05,2026-01-05T16:20:00Z,10.536488680670173,1284.2207709345355,1823.6262751537724,1284.2207709345355,9.394682665637633,9.280735903115119,32.14036795155756,43.56147180623024,45.56147180623024,limitada,ok,true,twin
DEMO_NE_WTG06,2026-01-05T16:20:00Z,10.536488680670173,1251.8184360071457,1777.614132469831,1251.8184360071457,9.394682665637633,9.17272812002382,32.08636406001191,43.34545624004764,45.34545624004764,limitada,ok,true,twin
DEMO_NE_WTG01,2026-01-05T16:30:00Z,10.319375390301534,1419.4116736327348,1890.4853840962196,1419.4116736327348,8.229533886196773,9.73137224544245,32.36568612272122,44.4627444908849,46.4627444908849,limitada,ok,true,twin
DEMO_NE_WTG02,2026-01-05T16:30:00Z,10.319375390301534,1384.766361639127,1844.3420014764738,1384.766361639127,8.229533886196773,9.615887872130422,32.307943936065215,44.231775744260844,46.231775744260844,limitada,ok,true,twin
DEMO_NE_WTG03,2026-01-05T16:30:00Z,10.319375390301534,0.0,1798.9368971016918,0.0,90.0,0.0,30.0,35.0,37.0,parada_manutencao,ok,true,twin
DEMO_NE_WTG04,2026-01-05T16:30:00Z,10.319375390301534,0.0,1754.2641171150603,0.0,90.0,0.0,30.0,35.0,37.0,parada_manutencao,ok,true,twin
DEMO_NE_WTG05,2026-01-05T16:30:00Z,10.319375390301534,1284.1384230186093,1710.317707659765,1284.1384230186093,8.229533886196773,9.280461410062031,32.140230705031016,43.56092282012406,45.56092282012406,limitada,ok,true,twin
DEMO_NE_WTG06,2026-01-05T16:30:00Z,10.319375390301534,1251.683541709529,1667.0917148789918,1251.683541709529,8.229533886196773,9.172278472365097,32.08613923618255,43.34455694473019,45.34455694473019,limitada,ok,true,twin
DEMO_NE_WTG01,2026-01-05T16:40:00Z,10.533383373277232,1419.2768789436382,2013.5832329423104,1419.2768789436382,9.378716015754827,9.730922929812127,32.36546146490606,44.461845859624255,46.461845859624255,limitada,ok,true,twin
DEMO_NE_WTG02,2026-01-05T16:40:00Z,10.533383373277232,1384.6868910996157,1964.5090737111377,1384.6868910996157,9.378716015754827,9.615622970332051,32.30781148516603,44.2312459406641,46.2312459406641,limitada,ok,true,twin
DEMO_NE_WTG03,2026-01-05T16:40:00Z,10.533383373277232,0.0,1916.220084142295,0.0,90.0,0.0,30.0,35.0,37.0,parada_manutencao,ok,true,twin
DEMO_NE_WTG04,2026-01-05T16:40:00Z,10.533383373277232,0.0,1868.709932222376,0.0,90.0,0.0,30.0,35.0,37.0,parada_manutencao,ok,true,twin
DEMO_NE_WTG05,2026-01-05T16:40:00Z,10.533383373277232,1284.219642477496,1821.9722859379747,1284.219642477496,9.378716015754827,9.280732141591653,32.14036607079583,43.561464283183305,45.561464283183305,limitada,ok,true,twin
DEMO_NE_WTG06,2026-01-05T16:40:00Z,10.533383373277232,1251.8165874792494,1776.0008132756852,1251.8165874792494,9.378716015754827,9.172721958264164,32.08636097913208,43.345443916528325,45.345443916528325,limitada,ok,true,twin
DEMO_NE_WTG01,2026-01-05T16:50:00Z,10.738179230625622,1419.1581119789832,2136.16096415746,1419.1581119789832,10.391254968715284,9.730527039929946,32.36526351996497,44.46105407985989,46.46105407985989,limitada,ok,true,twin
DEMO_NE_WTG02,2026-01-05T16:50:00Z,10.738179230625622,1384.6168699821633,2084.168411541719,1384.6168699821633,10.391254968715284,9.61538956660721,32.3076947833036,44.23077913321442,46.23077913321442,limitada,ok,true,twin
DEMO_NE_WTG03,2026-01-05T16:50:00Z,10.738179230625622,0.0,2033.0077218783042,0.0,90.0,0.0,30.0,35.0,37.0,parada_manutencao,ok,true,twin
DEMO_NE_WTG04,2026-01-05T16:50:00Z,10.738179230625622,0.0,1982.6721865950176,0.0,90.0,0.0,30.0,35.0,37.0,parada_manutencao,ok,true,twin
DEMO_NE_WTG05,2026-01-05T16:50:00Z,10.738179230625622,1284.2912045595597,1933.1550971196666,1284.2912045595597,10.391254968715284,9.280970681865199,32.1404853409326,43.5619413637304,45.5619413637304,limitada,ok,true,twin
DEMO_NE_WTG06,2026-01-05T16:50:00Z,10.738179230625622,1251.9338134792927,1884.4497448800523,1251.9338134792927,10.391254968715284,9.173112711597643,32.08655635579882,43.346225423195285,45.346225423195285,limitada,ok,true,twin
DEMO_NE_WTG01,2026-01-05T17:00:00Z,10.371654258289695,1127.2857810626485,1920.090687061824,1127.2857810626485,12.322492986156128,8.75761927020883,31.878809635104414,42.515238540417656,44.515238540417656,limitada,ok,true,twin
DEMO_NE_WTG02,2026-01-05T17:00:00Z,10.371654258289695,1099.7811657275147,1873.2424462311576,1099.7811657275147,12.322492986156128,8.665937219091715,31.83296860954586,42.33187443818343,44.33187443818343,limitada,ok,true,twin
DEMO_NE_WTG03,2026-01-05T17:00:00Z,10.371654258289695,1072.7166147739927,1827.143761134304,1072.7166147739927,12.322492986156128,8.575722049246641,31.78786102462332,42.151444098493286,44.151444098493286,limitada,ok,true,twin
DEMO_NE_WTG04,2026-01-05T17:00:00Z,10.371654258289695,1046.0885792957793,1781.7885869669576,1046.0885792957793,12.322492986156128,8.486961930985931,31.743480965492964,41.97392386197186,43.97392386197186,limitada,ok,true,twin
DEMO_NE_WTG05,2026-01-05T17:00:00Z,10.371654258289695,0.0,1737.1708789248132,0.0,90.0,0.0,30.0,35.0,37.0,parada_manutencao,ok,true,twin
DEMO_NE_WTG06,2026-01-05T17:00:00Z,10.371654258289695,994.1278591400647,1693.2845922035674,994.1278591400647,12.322492986156128,8.313759530466882,31.65687976523344,41.627519060933764,43.627519060933764,limitada,ok,true,twin
DEMO_NE_WTG01,2026-01-05T17:10:00Z,10.224843347682084,682.8857982947113,1837.7090072037417,682.8857982947113,17.710093442190413,7.276285994315705,31.138142997157853,39.552571988631406,41.552571988631406,limitada,ok,true,twin
DEMO_NE_WTG02,2026-01-05T17:10:00Z,10.224843347682084,666.2060105204096,1792.8221515865569,666.2060105204096,17.710093442190413,7.220686701734699,31.11034335086735,39.4413734034694,41.4413734034694,limitada,ok,true,twin
DEMO_NE_WTG03,2026-01-05T17:10:00Z,10.224843347682084,649.7930936113383,1748.6534702146387,649.7930936113383,17.710093442190413,7.16597697870446,31.082988489352232,39.33195395740892,41.33195395740892,limitada,ok,true,twin
DEMO_NE_WTG04,2026-01-05T17:10:00Z,10.224843347682084,633.6448953831009,1705.197171360205,633.6448953831009,17.710093442190413,7.112149651277003,31.0560748256385,39.22429930255401,41.22429930255401,limitada,ok,true,twin
DEMO_NE_WTG05,2026-01-05T17:10:00Z,10.224843347682084,0.0,1662.4474632954693,0.0,90.0,0.0,30.0,35.0,37.0,parada_manutencao,ok,true,twin
DEMO_NE_WTG06,2026-01-05T17:10:00Z,10.224843347682084,602.1340462315372,1620.398554292647,602.1340462315372,17.710093442190413,7.007113487438458,31.00355674371923,39.01422697487691,41.01422697487691,limitada,ok,true,twin
DEMO_NE_WTG01,2026-01-05T17:20:00Z,10.745753779882621,493.9107608788322,2140.7854408578846,493.9107608788322,21.23213144750151,6.646369202929441,30.82318460146472,38.292738405858884,40.292738405858884,limitada,ok,true,twin
DEMO_NE_WTG02,2026-01-05T17:20:00Z,10.745753779882621,481.8899103774307,2088.6827863331273,481.8899103774307,21.23213144750151,6.606299701258102,30.80314985062905,38.212599402516204,40.212599402516204,limitada,ok,true,twin
DEMO_NE_WTG03,2026-01-05T17:20:00Z,10.745753779882621,470.06138934793404,2037.4137563533577,470.06138934793404,21.23213144750151,6.566871297826447,30.783435648913223,38.13374259565289,40.13374259565289,limitada,ok,true,twin
DEMO_NE_WTG04,2026-01-05T17:20:00Z,10.745753779882621,458.42364674621354,1986.9716281399844,458.42364674621354,21.23213144750151,6.5280788224873785,30.76403941124369,38.05615764497476,40.05615764497476,limitada,ok,true,twin
DEMO_NE_WTG05,2026-01-05T17:20:00Z,10.745753779882621,0.0,1937.349678914422,0.0,90.0,0.0,30.0,35.0,37.0,parada_manutencao,ok,true,twin
DEMO_NE_WTG06,2026-01-05T17:20:00Z,10.745753779882621,435.7142926495893,1888.5411858980792,435.7142926495893,21.23213144750151,6.452380975498631,30.726190487749314,37.90476195099726,39.90476195099726,limitada,ok,true,twin
DEMO_NE_WTG01,2026-01-05T17:30:00Z,10.377263610842713,493.9780603276635,1923.2850323221248,493.9780603276635,20.578980078017256,6.646593534425545,30.823296767212774,38.29318706885109,40.29318706885109,limitada,ok,true,twin
DEMO_NE_WTG02,2026-01-05T17:30:00Z,10.377263610842713,481.92598740801606,1876.3607388839966,481.92598740801606,20.578980078017256,6.60641995802672,30.80320997901336,38.21283991605344,40.21283991605344,limitada,ok,true,twin
DEMO_NE_WTG03,2026-01-05T17:30:00Z,10.377263610842713,470.06674350822243,1830.1872179952322,470.06674350822243,20.578980078017256,6.566889145027408,30.783444572513705,38.13377829005481,40.13377829005481,limitada,ok,true,twin
DEMO_NE_WTG04,2026-01-05T17:30:00Z,10.377263610842713,458.39877355554154,1784.7584150384976,458.39877355554154,20.578980078017256,6.527995911851805,30.763997955925902,38.05599182370361,40.05599182370361,limitada,ok,true,twin
DEMO_NE_WTG05,2026-01-05T17:30:00Z,10.377263610842713,0.0,1740.0682753964597,0.0,90.0,0.0,30.0,35.0,37.0,parada_manutencao,ok,true,twin
DEMO_NE_WTG06,2026-01-05T17:30:00Z,10.377263610842713,435.63043520055595,1696.110744451786,435.63043520055595,20.578980078017256,6.45210145066852,30.72605072533426,37.90420290133704,39.90420290133704,limitada,ok,true,twin
DEMO_NE_WTG01,2026-01-05T17:40:00Z,10.054359826483962,494.04576974754025,1744.9678276896527,494.04576974754025,19.92184987728886,6.646819232491801,30.8234096162459,38.2936384649836,40.2936384649836,limitada,ok,true,twin
DEMO_NE_WTG02,2026-01-05T17:40:00Z,10.054359826483962,481.96228421065325,1702.2890015578234,481.96228421065325,19.92184987728886,6.606540947368845,30.80327047368442,38.21308189473769,40.21308189473769,limitada,ok,true,twin
DEMO_NE_WTG03,2026-01-05T17:40:00Z,10.054359826483962,470.0721302846872,1660.293021959231,470.0721302846872,19.92184987728886,6.566907100948957,30.78345355047448,38.13381420189791,40.13381420189791,limitada,ok,true,twin
DEMO_NE_WTG04,2026-01-05T17:40:00Z,10.054359826483962,458.37374884374793,1618.974382066996,458.37374884374793,19.92184987728886,6.527912496145826,30.763956248072912,38.055824992291654,40.055824992291654,limitada,ok,true,twin
DEMO_NE_WTG05,2026-01-05T17:40:00Z,10.054359826483962,0.0,1578.3275750542361,0.0,90.0,0.0,30.0,35.0,37.0,parada_manutencao,ok,true,twin
DEMO_NE_WTG06,2026-01-05T17:40:00Z,10.054359826483962,435.546066913371,1538.347094094071,435.546066913371,19.92184987728886,6.45182022304457,30.725910111522285,37.90364044608914,39.90364044608914,limitada,ok,true,twin
DEMO_NE_WTG01,2026-01-05T17:50:00Z,9.990899879200292,494.0601664746984,1711.2388842547505,494.0601664746984,19.782127454258628,6.646867221582328,30.823433610791163,38.29373444316465,40.29373444316465,limitada,ok,true,twin
DEMO_NE_WTG02,2026-01-05T17:50:00Z,9.990899879200292,481.97000182461665,1669.3630940774387,481.97000182461665,19.782127454258628,6.6065666727487224,30.80328333637436,38.21313334549745,40.21313334549745,limitada,ok,true,twin
DEMO_NE_WTG03,2026-01-05T17:50:00Z,9.990899879200292,470.0732756489685,1628.1573021343982,470.0732756489685,19.782127454258628,6.566910918829895,30.78345545941495,38.13382183765979,40.13382183765979,limitada,ok,true,twin
DEMO_NE_WTG04,2026-01-05T17:50:00Z,9.990899879200292,458.36842796005783,1587.616105214065,458.36842796005783,19.782127454258628,6.527894759866859,30.76394737993343,38.05578951973372,40.05578951973372,limitada,ok,true,twin
DEMO_NE_WTG05,2026-01-05T17:50:00Z,9.990899879200292,0.0,1547.7341001048703,0.0,90.0,0.0,30.0,35.0,37.0,parada_manutencao,ok,true,twin
DEMO_NE_WTG06,2026-01-05T17:50:00Z,9.990899879200292,435.5281280916591,1508.5058835952489,435.5281280916591,19.782127454258628,6.451760426972197,30.7258802134861,37.90352085394439,39.90352085394439,limitada,ok,true,twin
DEMO_NE_WTG01,2026-01-05T18:00:00Z,9.998997577679006,1715.5190537005467,1715.5190537005467,1715.5190537005467,2.0,10.71839684566849,32.85919842283425,46.43679369133698,48.43679369133698,operando,ok,true,twin
DEMO_NE_WTG02,2026-01-05T18:00:00Z,9.998997577679006,1673.541359057621,1673.541359057621,1673.541359057621,2.0,10.578471196858736,32.78923559842937,46.15694239371747,48.15694239371747,operando,ok,true,twin
DEMO_NE_WTG03,2026-01-05T18:00:00Z,9.998997577679006,1632.2352930853565,1632.2352930853565,1632.2352930853565,2.0,10.44078431028452,32.720392155142264,45.88156862056904,47.88156862056904,operando,ok,true,twin
DEMO_NE_WTG04,2026-01-05T18:00:00Z,9.998997577679006,1591.5954394235034,1591.5954394235034,1591.5954394235034,2.0,10.305318131411678,32.65265906570584,45.610636262823355,47.610636262823355,operando,ok,true,twin
DEMO_NE_WTG05,2026-01-05T18:00:00Z,9.998997577679006,1551.6163817118147,1551.6163817118147,1551.6163817118147,2.0,10.172054605706048,32.586027302853026,45.344109211412096,47.344109211412096,operando,ok,true,twin
DEMO_NE_WTG06,2026-01-05T18:00:00Z,9.998997577679006,1512.292703590044,1512.292703590044,1512.292703590044,2.0,10.04097567863348,32.52048783931674,45.08195135726696,47.08195135726696,operando,ok,true,twin
DEMO_NE_WTG01,2026-01-05T18:10:00Z,10.32297768707407,1892.5157583712155,1892.5157583712155,1892.5157583712155,2.0,11.308385861237387,33.15419293061869,47.61677172247477,49.61677172247477,operando,ok,true,twin
DEMO_NE_WTG02,2026-01-05T18:10:00Z,10.32297768707407,1846.324035561178,1846.324035561178,1846.324035561178,2.0,11.154413451870592,33.0772067259353,47.308826903741185,49.308826903741185,operando,ok,true,twin
DEMO_NE_WTG03,2026-01-05T18:10:00Z,10.32297768707407,1800.8713644225177,1800.8713644225177,1800.8713644225177,2.0,11.002904548075058,33.00145227403753,47.00580909615012,49.00580909615012,operando,ok,true,twin
DEMO_NE_WTG04,2026-01-05T18:10:00Z,10.32297768707407,1756.15178486111,1756.15178486111,1756.15178486111,2.0,10.853839282870368,32.926919641435184,46.707678565740736,48.707678565740736,operando,ok,true,twin
DEMO_NE_WTG05,2026-01-05T18:10:00Z,10.32297768707407,1712.1593367828293,1712.1593367828293,1712.1593367828293,2.0,10.707197789276098,32.85359889463805,46.414395578552195,48.414395578552195,operando,ok,true,twin
DEMO_NE_WTG06,2026-01-05T18:10:00Z,10.32297768707407,1668.8880600935536,1668.8880600935536,1668.8880600935536,2.0,10.562960200311846,32.781480100155925,46.12592040062369,48.12592040062369,operando,ok,true,twin
DEMO_NE_WTG01,2026-01-05T18:20:00Z,10.397014030345362,1934.5597719920656,1934.5597719920656,1934.5597719920656,2.0,11.448532573306885,33.224266286653446,47.89706514661377,49.89706514661377,operando,ok,true,twin
DEMO_NE_WTG02,2026-01-05T18:20:00Z,10.397014030345362,1887.3670437792089,1887.3670437792089,1887.3670437792089,2.0,11.29122347926403,33.14561173963202,47.58244695852806,49.58244695852806,operando,ok,true,twin
DEMO_NE_WTG03,2026-01-05T18:20:00Z,10.397014030345362,1840.929382979749,1840.929382979749,1840.929382979749,2.0,11.136431276599165,33.068215638299584,47.27286255319833,49.27286255319833,operando,ok,true,twin
DEMO_NE_WTG04,2026-01-05T18:20:00Z,10.397014030345362,1795.2407003403507,1795.2407003403507,1795.2407003403507,2.0,10.98413566780117,32.992067833900585,46.96827133560234,48.96827133560234,operando,ok,true,twin
DEMO_NE_WTG05,2026-01-05T18:20:00Z,10.397014030345362,1750.2949066076828,1750.2949066076828,1750.2949066076828,2.0,10.834316355358943,32.91715817767947,46.66863271071789,48.66863271071789,operando,ok,true,twin
DEMO_NE_WTG06,2026-01-05T18:20:00Z,10.397014030345362,1706.0859125284105,1706.0859125284105,1706.0859125284105,2.0,10.686953041761367,32.843476520880685,46.37390608352273,48.37390608352273,operando,ok,true,twin
DEMO_NE_WTG01,2026-01-05T18:30:00Z,10.094212655254879,1766.3684542197473,1766.3684542197473,1766.3684542197473,2.0,10.887894847399156,32.943947423699576,46.77578969479831,48.77578969479831,operando,ok,true,twin
DEMO_NE_WTG02,2026-01-05T18:30:00Z,10.094212655254879,1723.1801110143685,1723.1801110143685,1723.1801110143685,2.0,10.743933703381227,32.871966851690615,46.487867406762454,48.487867406762454,operando,ok,true,twin
DEMO_NE_WTG03,2026-01-05T18:30:00Z,10.094212655254879,1680.6827664400892,1680.6827664400892,1680.6827664400892,2.0,10.60227588813363,32.80113794406682,46.20455177626726,48.20455177626726,operando,ok,true,twin
DEMO_NE_WTG04,2026-01-05T18:30:00Z,10.094212655254879,1638.8708479273062,1638.8708479273062,1638.8708479273062,2.0,10.462902826424354,32.73145141321218,45.92580565284871,47.92580565284871,operando,ok,true,twin
DEMO_NE_WTG05,2026-01-05T18:30:00Z,10.094212655254879,1597.7387829064114,1597.7387829064114,1597.7387829064114,2.0,10.325795943021372,32.66289797151069,45.651591886042745,47.651591886042745,operando,ok,true,twin
DEMO_NE_WTG06,2026-01-05T18:30:00Z,10.094212655254879,1557.2809988078004,1557.2809988078004,1557.2809988078004,2.0,10.190936662692668,32.59546833134633,45.381873325385335,47.381873325385335,operando,ok,true,twin
DEMO_NE_WTG01,2026-01-05T18:40:00Z,9.796744947608634,1610.6780701486305,1610.6780701486305,1610.6780701486305,2.0,10.368926900495435,32.68446345024772,45.73785380099087,47.73785380099087,operando,ok,true,twin
DEMO_NE_WTG02,2026-01-05T18:40:00Z,9.796744947608634,1571.1964833206932,1571.1964833206932,1571.1964833206932,2.0,10.237321611068978,32.61866080553449,45.474643222137956,47.474643222137956,operando,ok,true,twin
DEMO_NE_WTG03,2026-01-05T18:40:00Z,9.796744947608634,1532.3465882972337,1532.3465882972337,1532.3465882972337,2.0,10.10782196099078,32.55391098049539,45.21564392198156,47.21564392198156,operando,ok,true,twin
DEMO_NE_WTG04,2026-01-05T18:40:00Z,9.796744947608634,1494.1232907895044,1494.1232907895044,1494.1232907895044,2.0,9.980410969298347,32.490205484649174,44.960821938596695,46.960821938596695,operando,ok,true,twin
DEMO_NE_WTG05,2026-01-05T18:40:00Z,9.796744947608634,1456.5214965087607,1456.5214965087607,1456.5214965087607,2.0,9.855071655029203,32.4275358275146,44.710143310058406,46.710143310058406,operando,ok,true,twin
DEMO_NE_WTG06,2026-01-05T18:40:00Z,9.796744947608634,1419.536111166257,1419.536111166257,1419.536111166257,2.0,9.731787037220858,32.36589351861043,44.463574074441716,46.463574074441716,operando,ok,true,twin
DEMO_NE_WTG01,2026-01-05T18:50:00Z,9.970504973131787,1700.4895325898433,1700.4895325898433,1700.4895325898433,2.0,10.668298441966144,32.83414922098307,46.33659688393229,48.33659688393229,operando,ok,true,twin
DEMO_NE_WTG02,2026-01-05T18:50:00Z,9.970504973131787,1658.869668480637,1658.869668480637,1658.869668480637,2.0,10.529565561602123,32.76478278080106,46.059131123204246,48.059131123204246,operando,ok,true,twin
DEMO_NE_WTG03,2026-01-05T18:50:00Z,9.970504973131787,1617.9157078766723,1617.9157078766723,1617.9157078766723,2.0,10.393052359588907,32.69652617979445,45.786104719177814,47.786104719177814,operando,ok,true,twin
DEMO_NE_WTG04,2026-01-05T18:50:00Z,9.970504973131787,1577.6222805883915,1577.6222805883915,1577.6222805883915,2.0,10.25874093529464,32.62937046764732,45.51748187058928,47.51748187058928,operando,ok,true,twin
DEMO_NE_WTG05,2026-01-05T18:50:00Z,9.970504973131787,1537.9840164262353,1537.9840164262353,1537.9840164262353,2.0,10.126613388087451,32.563306694043725,45.2532267761749,47.2532267761749,operando,ok,true,twin
DEMO_NE_WTG06,2026-01-05T18:50:00Z,9.970504973131787,1498.9955452006457,1498.9955452006457,1498.9955452006457,2.0,9.996651817335486,32.498325908667745,44.99330363467097,46.99330363467097,operando,ok,true,twin
DEMO_NE_WTG01,2026-01-05T19:00:00Z,10.3493664941852,1907.432626598047,1907.432626598047,1907.432626598047,2.0,11.358108755326821,33.17905437766341,47.71621751065364,49.71621751065364,operando,ok,true,twin
DEMO_NE_WTG02,2026-01-05T19:00:00Z,10.3493664941852,1860.8857553518287,1860.8857553518287,1860.8857553518287,2.0,11.202952517839428,33.10147625891972,47.405905035678856,49.405905035678856,operando,ok,true,twin
DEMO_NE_WTG03,2026-01-05T19:00:00Z,10.3493664941852,1815.0836180297676,1815.0836180297676,1815.0836180297676,2.0,11.050278726765892,33.02513936338295,47.100557453531785,49.100557453531785,operando,ok,true,twin
DEMO_NE_WTG04,2026-01-05T19:00:00Z,10.3493664941852,1770.020208713118,1770.020208713118,1770.020208713118,2.0,10.900067362377062,32.95003368118853,46.80013472475412,48.80013472475412,operando,ok,true,twin
DEMO_NE_WTG05,2026-01-05T19:00:00Z,10.3493664941852,1725.6895214831393,1725.6895214831393,1725.6895214831393,2.0,10.752298404943797,32.8761492024719,46.504596809887595,48.504596809887595,operando,ok,true,twin
DEMO_NE_WTG06,2026-01-05T19:00:00Z,10.3493664941852,1682.0855504210872,1682.0855504210872,1682.0855504210872,2.0,10.606951834736957,32.80347591736848,46.213903669473915,48.213903669473915,operando,ok,true,twin
DEMO_NE_WTG01,2026-01-05T19:10:00Z,9.96888339451602,1699.6367469496856,1699.6367469496856,1699.6367469496856,2.0,10.665455823165619,32.83272791158281,46.33091164633124,48.33091164633124,operando,ok,true,twin
DEMO_NE_WTG02,2026-01-05T19:10:00Z,9.96888339451602,1658.0371863976263,1658.0371863976263,1658.0371863976263,2.0,10.526790621325421,32.76339531066271,46.05358124265084,48.05358124265084,operando,ok,true,twin
DEMO_NE_WTG03,2026-01-05T19:10:00Z,9.96888339451602,1617.1032045008799,1617.1032045008799,1617.1032045008799,2.0,10.390344015002935,32.69517200750147,45.78068803000587,47.78068803000587,operando,ok,true,twin
DEMO_NE_WTG04,2026-01-05T19:10:00Z,9.96888339451602,1576.8294336896472,1576.8294336896472,1576.8294336896472,2.0,10.256098112298822,32.628049056149415,45.512196224597645,47.512196224597645,operando,ok,true,twin
DEMO_NE_WTG05,2026-01-05T19:10:00Z,9.96888339451602,1537.2105063941258,1537.2105063941258,1537.2105063941258,2.0,10.124035021313752,32.56201751065688,45.2480700426275,47.2480700426275,operando,ok,true,twin
DEMO_NE_WTG06,2026-01-05T19:10:00Z,9.96888339451602,1498.2410550445145,1498.2410550445145,1498.2410550445145,2.0,9.994136850148383,32.49706842507419,44.988273700296766,46.988273700296766,operando,ok,true,twin
DEMO_NE_WTG01,2026-01-05T19:20:00Z,10.222493800796652,1836.4096282199941,1836.4096282199941,1836.4096282199941,2.0,11.12136542739998,33.06068271369999,47.24273085479996,49.24273085479996,operando,ok,true,twin
DEMO_NE_WTG02,2026-01-05T19:20:00Z,10.222493800796652,1791.5537088829358,1791.5537088829358,1791.5537088829358,2.0,10.971845696276453,32.98592284813823,46.94369139255291,48.94369139255291,operando,ok,true,twin
DEMO_NE_WTG03,2026-01-05T19:20:00Z,10.222493800796652,1747.415468821308,1747.415468821308,1747.415468821308,2.0,10.824718229404361,32.91235911470218,46.64943645880872,48.64943645880872,operando,ok,true,twin
DEMO_NE_WTG04,2026-01-05T19:20:00Z,10.222493800796652,1703.9891202990182,1703.9891202990182,1703.9891202990182,2.0,10.679963734330059,32.83998186716503,46.35992746866012,48.35992746866012,operando,ok,true,twin
DEMO_NE_WTG05,2026-01-05T19:20:00Z,10.222493800796652,1661.2688755799736,1661.2688755799736,1661.2688755799736,2.0,10.537562918599914,32.76878145929996,46.07512583719983,48.07512583719983,operando,ok,true,twin
DEMO_NE_WTG06,2026-01-05T19:20:00Z,10.222493800796652,1619.2489469280824,1619.2489469280824,1619.2489469280824,2.0,10.397496489760275,32.698748244880136,45.79499297952055,47.79499297952055,operando,ok,true,twin
DEMO_NE_WTG01,2026-01-05T19:30:00Z,10.087440220878975,1762.719768219179,1762.719768219179,1762.719768219179,2.0,10.875732560730597,32.9378662803653,46.751465121461194,48.751465121461194,operando,ok,true,twin
DEMO_NE_WTG02,2026-01-05T19:30:00Z,10.087440220878975,1719.6182947982286,1719.6182947982286,1719.6182947982286,2.0,10.732060982660762,32.86603049133038,46.464121965321524,48.464121965321524,operando,ok,true,twin
DEMO_NE_WTG03,2026-01-05T19:30:00Z,10.087440220878975,1677.2064301217188,1677.2064301217188,1677.2064301217188,2.0,10.590688100405728,32.795344050202864,46.18137620081146,48.18137620081146,operando,ok,true,twin
DEMO_NE_WTG04,2026-01-05T19:30:00Z,10.087440220878975,1635.4786128288051,1635.4786128288051,1635.4786128288051,2.0,10.451595376096016,32.72579768804801,45.90319075219203,47.90319075219203,operando,ok,true,twin
DEMO_NE_WTG05,2026-01-05T19:30:00Z,10.087440220878975,1594.4292815586466,1594.4292815586466,1594.4292815586466,2.0,10.314764271862156,32.65738213593108,45.62952854372431,47.62952854372431,operando,ok,true,twin
DEMO_NE_WTG06,2026-01-05T19:30:00Z,10.087440220878975,1554.052874950401,1554.052874950401,1554.052874950401,2.0,10.18017624983467,32.59008812491734,45.36035249966934,47.36035249966934,operando,ok,true,twin
DEMO_NE_WTG01,2026-01-05T19:40:00Z,9.433116657156752,1432.7928167630523,1432.7928167630523,1432.7928167630523,2.0,9.775976055876843,32.38798802793842,44.551952111753685,46.551952111753685,operando,ok,true,twin
DEMO_NE_WTG02,2026-01-05T19:40:00Z,9.433116657156752,1397.5464131249682,1397.5464131249682,1397.5464131249682,2.0,9.658488043749895,32.32924402187495,44.31697608749979,46.31697608749979,operando,ok,true,twin
DEMO_NE_WTG03,2026-01-05T19:40:00Z,9.433116657156752,1362.8639398175603,1362.8639398175603,1362.8639398175603,2.0,9.54287979939187,32.271439899695935,44.08575959878374,46.08575959878374,operando,ok,true,twin
DEMO_NE_WTG04,2026-01-05T19:40:00Z,9.433116657156752,1328.74084901558,1328.74084901558,1328.74084901558,2.0,9.429136163385266,32.21456808169263,43.85827232677053,45.85827232677053,operando,ok,true,twin
DEMO_NE_WTG05,2026-01-05T19:40:00Z,9.433116657156752,1295.1725928937806,1295.1725928937806,1295.1725928937806,2.0,9.317241976312602,32.1586209881563,43.6344839526252,45.6344839526252,operando,ok,true,twin
DEMO_NE_WTG06,2026-01-05T19:40:00Z,9.433116657156752,1262.1546236269135,1262.1546236269135,1262.1546236269135,2.0,9.207182078756379,32.10359103937819,43.41436415751276,45.41436415751276,operando,ok,true,twin
DEMO_NE_WTG01,2026-01-05T19:50:00Z,9.867914607741737,1647.0819654558188,1647.0819654558188,1647.0819654558188,2.0,10.490273218186061,32.74513660909303,45.98054643637212,47.98054643637212,operando,ok,true,twin
DEMO_NE_WTG02,2026-01-05T19:50:00Z,9.867914607741737,1606.7336560496135,1606.7336560496135,1606.7336560496135,2.0,10.355778853498713,32.67788942674935,45.711557706997425,47.711557706997425,operando,ok,true,twin
DEMO_NE_WTG03,2026-01-05T19:50:00Z,9.867914607741737,1567.0309057109173,1567.0309057109173,1567.0309057109173,2.0,10.223436352369724,32.611718176184866,45.44687270473945,47.44687270473945,operando,ok,true,twin
DEMO_NE_WTG04,2026-01-05T19:50:00Z,9.867914607741737,1527.968508318217,1527.968508318217,1527.968508318217,2.0,10.093228361060724,32.54661418053036,45.18645672212145,47.18645672212145,operando,ok,true,twin
DEMO_NE_WTG05,2026-01-05T19:50:00Z,9.867914607741737,1489.5412577500013,1489.5412577500013,1489.5412577500013,2.0,9.965137525833338,32.48256876291667,44.930275051666676,46.930275051666676,operando,ok,true,twin
DEMO_NE_WTG06,2026-01-05T19:50:00Z,9.867914607741737,1451.743947884757,1451.743947884757,1451.743947884757,2.0,9.83914649294919,32.4195732464746,44.67829298589838,46.67829298589838,operando,ok,true,twin
DEMO_NE_WTG01,2026-01-05T20:00:00Z,9.777197258318603,1600.7713389452495,1600.7713389452495,1600.7713389452495,2.0,10.335904463150833,32.66795223157541,45.671808926301665,47.671808926301665,operando,ok,true,twin
DEMO_NE_WTG02,2026-01-05T20:00:00Z,9.777197258318603,1561.5256166460483,1561.5256166460483,1561.5256166460483,2.0,10.205085388820162,32.60254269441008,45.410170777640325,47.410170777640325,operando,ok,true,twin
DEMO_NE_WTG03,2026-01-05T20:00:00Z,9.777197258318603,1522.9078124000214,1522.9078124000214,1522.9078124000214,2.0,10.076359374666737,32.53817968733337,45.152718749333474,47.152718749333474,operando,ok,true,twin
DEMO_NE_WTG04,2026-01-05T20:00:00Z,9.777197258318603,1484.9128623518989,1484.9128623518989,1484.9128623518989,2.0,9.949709541172997,32.4748547705865,44.89941908234599,46.89941908234599,operando,ok,true,twin
DEMO_NE_WTG05,2026-01-05T20:00:00Z,9.777197258318603,1447.5357026464155,1447.5357026464155,1447.5357026464155,2.0,9.825119008821385,32.412559504410694,44.65023801764277,46.65023801764277,operando,ok,true,twin
DEMO_NE_WTG06,2026-01-05T20:00:00Z,9.777197258318603,1410.7712694283018,1410.7712694283018,1410.7712694283018,2.0,9.70257089809434,32.35128544904717,44.40514179618868,46.40514179618868,operando,ok,true,twin
DEMO_NE_WTG01,2026-01-05T20:10:00Z,9.610851873785714,1518.0594689971208,1518.0594689971208,1518.0594689971208,2.0,10.060198229990402,32.5300991149952,45.1203964599808,47.1203964599808,operando,ok,true,twin
DEMO_NE_WTG02,2026-01-05T20:10:00Z,9.610851873785714,1480.782993246123,1480.782993246123,1480.782993246123,2.0,9.93594331082041,32.4679716554102,44.87188662164082,46.87188662164082,operando,ok,true,twin
DEMO_NE_WTG03,2026-01-05T20:10:00Z,9.610851873785714,1444.1029282811016,1444.1029282811016,1444.1029282811016,2.0,9.81367642760367,32.406838213801834,44.62735285520734,46.62735285520734,operando,ok,true,twin
DEMO_NE_WTG04,2026-01-05T20:10:00Z,9.610851873785714,1408.014464337656,1408.014464337656,1408.014464337656,2.0,9.693381547792185,32.34669077389609,44.38676309558437,46.38676309558437,operando,ok,true,twin
DEMO_NE_WTG05,2026-01-05T20:10:00Z,9.610851873785714,1372.5127916513804,1372.5127916513804,1372.5127916513804,2.0,9.575042638837935,32.287521319418964,44.15008527767587,46.15008527767587,operando,ok,true,twin
DEMO_NE_WTG06,2026-01-05T20:10:00Z,9.610851873785714,1337.5931004578745,1337.5931004578745,1337.5931004578745,2.0,9.458643668192916,32.22932183409646,43.91728733638583,45.91728733638583,operando,ok,true,twin
DEMO_NE_WTG01,2026-01-05T20:20:00Z,9.355228677925968,1396.4240816435445,1396.4240816435445,1396.4240816435445,2.0,9.654746938811815,32.327373469405906,44.30949387762363,46.30949387762363,operando,ok,true,twin
DEMO_NE_WTG02,2026-01-05T20:20:00Z,9.355228677925968,1362.0435634719786,1362.0435634719786,1362.0435634719786,2.0,9.540145211573261,32.27007260578663,44.08029042314652,46.08029042314652,operando,ok,true,twin
DEMO_NE_WTG03,2026-01-05T20:20:00Z,9.355228677925968,1328.2131217615563,1328.2131217615563,1328.2131217615563,2.0,9.42737707253852,32.21368853626926,43.85475414507704,45.85475414507704,operando,ok,true,twin
DEMO_NE_WTG04,2026-01-05T20:20:00Z,9.355228677925968,1294.9283204117842,1294.9283204117842,1294.9283204117842,2.0,9.316427734705947,32.15821386735297,43.63285546941189,45.63285546941189,operando,ok,true,twin
DEMO_NE_WTG05,2026-01-05T20:20:00Z,9.355228677925968,1262.1847233221702,1262.1847233221702,1262.1847233221702,2.0,9.207282411073901,32.10364120553695,43.4145648221478,45.4145648221478,operando,ok,true,twin
DEMO_NE_WTG06,2026-01-05T20:20:00Z,9.355228677925968,1229.9778943922206,1229.9778943922206,1229.9778943922206,2.0,9.099926314640737,32.04996315732037,43.19985262928147,45.19985262928147,operando,ok,true,twin
DEMO_NE_WTG01,2026-01-05T20:30:00Z,9.54923509402652,1488.1386380087974,1488.1386380087974,1488.1386380087974,2.0,9.96046212669599,32.48023106334799,44.92092425339198,46.92092425339198,operando,ok,true,twin
DEMO_NE_WTG02,2026-01-05T20:30:00Z,9.54923509402652,1451.574532721435,1451.574532721435,1451.574532721435,2.0,9.838581775738117,32.41929088786906,44.677163551476234,46.677163551476234,operando,ok,true,twin
DEMO_NE_WTG03,2026-01-05T20:30:00Z,9.54923509402652,1415.5954405377431,1415.5954405377431,1415.5954405377431,2.0,9.718651468459143,32.35932573422957,44.437302936918286,46.437302936918286,operando,ok,true,twin
DEMO_NE_WTG04,2026-01-05T20:30:00Z,9.54923509402652,1380.1966436101118,1380.1966436101118,1380.1966436101118,2.0,9.600655478700372,32.30032773935019,44.20131095740074,46.20131095740074,operando,ok,true,twin
DEMO_NE_WTG05,2026-01-05T20:30:00Z,9.54923509402652,1345.3734240909298,1345.3734240909298,1345.3734240909298,2.0,9.484578080303098,32.24228904015155,43.9691561606062,45.9691561606062,operando,ok,true,twin
DEMO_NE_WTG06,2026-01-05T20:30:00Z,9.54923509402652,1311.1210641325895,1311.1210641325895,1311.1210641325895,2.0,9.37040354710863,32.18520177355432,43.74080709421726,45.74080709421726,operando,ok,true,twin
DEMO_NE_WTG01,2026-01-05T20:40:00Z,9.10952076517075,1285.6062066349991,1285.6062066349991,1285.6062066349991,2.0,9.285354022116664,32.14267701105833,43.57070804423333,45.57070804423333,operando,ok,true,twin
DEMO_NE_WTG02,2026-01-05T20:40:00Z,9.10952076517075,1253.8640971703883,1253.8640971703883,1253.8640971703883,2.0,9.17954699056796,32.08977349528398,43.35909398113592,45.35909398113592,operando,ok,true,twin
DEMO_NE_WTG03,2026-01-05T20:40:00Z,9.10952076517075,1222.62985053543,1222.62985053543,1222.62985053543,2.0,9.0754328351181,32.037716417559054,43.1508656702362,45.1508656702362,operando,ok,true,twin
DEMO_NE_WTG04,2026-01-05T20:40:00Z,9.10952076517075,1191.899371062144,1191.899371062144,1191.899371062144,2.0,8.97299790354048,31.98649895177024,42.94599580708096,44.94599580708096,operando,ok,true,twin
DEMO_NE_WTG05,2026-01-05T20:40:00Z,9.10952076517075,1161.6685630825477,1161.6685630825477,1161.6685630825477,2.0,8.872228543608493,31.936114271804247,42.744457087216986,44.744457087216986,operando,ok,true,twin
DEMO_NE_WTG06,2026-01-05T20:40:00Z,9.10952076517075,1131.9333309286606,1131.9333309286606,1131.9333309286606,2.0,8.773111103095536,31.88655555154777,42.54622220619107,44.54622220619107,operando,ok,true,twin
DEMO_NE_WTG01,2026-01-05T20:50:00Z,9.26553553462564,1355.2867792503812,1355.2867792503812,1355.2867792503812,2.0,9.51762259750127,32.258811298750636,44.03524519500254,46.03524519500254,operando,ok,true,twin
DEMO_NE_WTG02,2026-01-05T20:50:00Z,9.26553553462564,1321.8856790364903,1321.8856790364903,1321.8856790364903,2.0,9.406285596788301,32.203142798394154,43.8125711935766,45.8125711935766,operando,ok,true,twin
DEMO_NE_WTG03,2026-01-05T20:50:00Z,9.26553553462564,1289.0189849334176,1289.0189849334176,1289.0189849334176,2.0,9.296729949778058,32.14836497488903,43.593459899556116,45.593459899556116,operando,ok,true,twin
DEMO_NE_WTG04,2026-01-05T20:50:00Z,9.26553553462564,1256.6823872144623,1256.6823872144623,1256.6823872144623,2.0,9.188941290714876,32.09447064535744,43.37788258142975,45.37788258142975,operando,ok,true,twin
DEMO_NE_WTG05,2026-01-05T20:50:00Z,9.26553553462564,1224.8715761529234,1224.8715761529234,1224.8715761529234,2.0,9.082905253843077,32.04145262692154,43.16581050768615,45.16581050768615,operando,ok,true,twin
DEMO_NE_WTG06,2026-01-05T20:50:00Z,9.26553553462564,1193.582242022103,1193.582242022103,1193.582242022103,2.0,8.97860747340701,31.989303736703505,42.95721494681402,44.95721494681402,operando,ok,true,twin
DEMO_NE_WTG01,2026-01-05T21:00:00Z,9.207598971104732,1329.134259128921,1329.134259128921,1329.134259128921,2.0,9.430447530429737,32.215223765214866,43.86089506085948,45.86089506085948,operando,ok,true,twin
DEMO_NE_WTG02,2026-01-05T21:00:00Z,9.207598971104732,1296.3558115041726,1296.3558115041726,1296.3558115041726,2.0,9.321186038347243,32.16059301917362,43.642372076694485,45.642372076694485,operando,ok,true,twin
DEMO_NE_WTG03,2026-01-05T21:00:00Z,9.207598971104732,1264.101807763056,1264.101807763056,1264.101807763056,2.0,9.213672692543522,32.10683634627176,43.427345385087044,45.427345385087044,operando,ok,true,twin
DEMO_NE_WTG04,2026-01-05T21:00:00Z,9.207598971104732,1232.3680185194153,1232.3680185194153,1232.3680185194153,2.0,9.107893395064718,32.05394669753236,43.215786790129435,45.215786790129435,operando,ok,true,twin
DEMO_NE_WTG05,2026-01-05T21:00:00Z,9.207598971104732,1201.1502143870903,1201.1502143870903,1201.1502143870903,2.0,9.003834047956968,32.001917023978486,43.007668095913935,45.007668095913935,operando,ok,true,twin
DEMO_NE_WTG06,2026-01-05T21:00:00Z,9.207598971104732,1170.4441659799234,1170.4441659799234,1170.4441659799234,2.0,8.901480553266412,31.950740276633205,42.80296110653282,44.80296110653282,operando,ok,true,twin
DEMO_NE_WTG01,2026-01-05T21:10:00Z,9.48561849295953,1457.6492038536571,1457.6492038536571,1457.6492038536571,2.0,9.858830679512192,32.4294153397561,44.71766135902438,46.71766135902438,operando,ok,true,twin
DEMO_NE_WTG02,2026-01-05T21:10:00Z,9.48561849295953,1421.81100662525,1421.81100662525,1421.81100662525,2.0,9.739370022084167,32.36968501104208,44.47874004416833,46.47874004416833,operando,ok,true,twin
DEMO_NE_WTG03,2026-01-05T21:10:00Z,9.48561849295953,1386.5462082213398,1386.5462082213398,1386.5462082213398,2.0,9.621820694071133,32.310910347035566,44.243641388142265,46.243641388142265,operando,ok,true,twin
DEMO_NE_WTG04,2026-01-05T21:10:00Z,9.48561849295953,1351.8501844578586,1351.8501844578586,1351.8501844578586,2.0,9.506167281526196,32.253083640763094,44.01233456305239,46.01233456305239,operando,ok,true,twin
DEMO_NE_WTG05,2026-01-05T21:10:00Z,9.48561849295953,1317.718311150737,1317.718311150737,1317.718311150737,2.0,9.392394370502458,32.19619718525123,43.78478874100492,45.78478874100492,operando,ok,true,twin
DEMO_NE_WTG06,2026-01-05T21:10:00Z,9.48561849295953,1284.1459641159074,1284.1459641159074,1284.1459641159074,2.0,9.280486547053025,32.140243273526515,43.560973094106046,45.560973094106046,operando,ok,true,twin
DEMO_NE_WTG01,2026-01-05T21:20:00Z,9.358298960298518,1397.8463051535764,1397.8463051535764,1397.8463051535764,2.0,9.659487683845255,32.32974384192263,44.31897536769051,46.31897536769051,operando,ok,true,twin
DEMO_NE_WTG02,2026-01-05T21:20:00Z,9.358298960298518,1363.431925956505,1363.431925956505,1363.431925956505,2.0,9.544773086521683,32.27238654326084,44.08954617304337,46.08954617304337,operando,ok,true,twin
DEMO_NE_WTG03,2026-01-05T21:20:00Z,9.358298960298518,1329.5681649853348,1329.5681649853348,1329.5681649853348,2.0,9.431893883284449,32.21594694164222,43.8637877665689,45.8637877665689,operando,ok,true,twin
DEMO_NE_WTG04,2026-01-05T21:20:00Z,9.358298960298518,1296.250581770502,1296.250581770502,1296.250581770502,2.0,9.320835272568342,32.16041763628417,43.641670545136684,45.641670545136684,operando,ok,true,twin
DEMO_NE_WTG05,2026-01-05T21:20:00Z,9.358298960298518,1263.4747358424415,1263.4747358424415,1263.4747358424415,2.0,9.211582452808138,32.10579122640407,43.423164905616275,45.423164905616275,operando,ok,true,twin
DEMO_NE_WTG06,2026-01-05T21:20:00Z,9.358298960298518,1231.2361867315922,1231.2361867315922,1231.2361867315922,2.0,9.10412062243864,32.05206031121932,43.20824124487728,45.20824124487728,operando,ok,true,twin
DEMO_NE_WTG01,2026-01-05T21:30:00Z,8.856266862299853,1177.4738570135141,1177.4738570135141,1177.4738570135141,2.0,8.924912856711714,31.962456428355857,42.84982571342343,44.84982571342343,operando,ok,true,twin
DEMO_NE_WTG02,2026-01-05T21:30:00Z,8.856266862299853,1148.3062178924552,1148.3062178924552,1148.3062178924552,2.0,8.82768739297485,31.913843696487426,42.655374785949704,44.655374785949704,operando,ok,true,twin
DEMO_NE_WTG03,2026-01-05T21:30:00Z,8.856266862299853,1119.6052509613712,1119.6052509613712,1119.6052509613712,2.0,8.73201750320457,31.866008751602287,42.46403500640914,44.46403500640914,operando,ok,true,twin
DEMO_NE_WTG04,2026-01-05T21:30:00Z,8.856266862299853,1091.367192734861,1091.367192734861,1091.367192734861,2.0,8.637890642449536,31.818945321224767,42.275781284899075,44.275781284899075,operando,ok,true,twin
DEMO_NE_WTG05,2026-01-05T21:30:00Z,8.856266862299853,1063.5882797275208,1063.5882797275208,1063.5882797275208,2.0,8.545294265758402,31.7726471328792,42.0905885315168,44.0905885315168,operando,ok,true,twin
DEMO_NE_WTG06,2026-01-05T21:30:00Z,8.856266862299853,1036.2647484539461,1036.2647484539461,1036.2647484539461,2.0,8.454215828179821,31.72710791408991,41.90843165635964,43.90843165635964,operando,ok,true,twin
DEMO_NE_WTG01,2026-01-05T21:40:00Z,8.94857504180623,1216.181660273438,1216.181660273438,1216.181660273438,2.0,9.053938867578125,32.02696943378906,43.10787773515625,45.10787773515625,operando,ok,true,twin
DEMO_NE_WTG02,2026-01-05T21:40:00Z,8.94857504180623,1186.0924459539715,1186.0924459539715,1186.0924459539715,2.0,8.953641486513238,31.976820743256617,42.907282973026476,44.907282973026476,operando,ok,true,twin
DEMO_NE_WTG03,2026-01-05T21:40:00Z,8.94857504180623,1156.4846487105606,1156.4846487105606,1156.4846487105606,2.0,8.854948829035202,31.9274744145176,42.7098976580704,44.7098976580704,operando,ok,true,twin
DEMO_NE_WTG04,2026-01-05T21:40:00Z,8.94857504180623,1127.3543861474316,1127.3543861474316,1127.3543861474316,2.0,8.757847953824772,31.878923976912386,42.515695907649544,44.515695907649544,operando,ok,true,twin
DEMO_NE_WTG05,2026-01-05T21:40:00Z,8.94857504180623,1098.6977758688088,1098.6977758688088,1098.6977758688088,2.0,8.662325919562695,31.83116295978135,42.324651839125394,44.324651839125394,operando,ok,true,twin
DEMO_NE_WTG06,2026-01-05T21:40:00Z,8.94857504180623,1070.5109354789186,1070.5109354789186,1070.5109354789186,2.0,8.568369784929729,31.784184892464864,42.13673956985946,44.13673956985946,operando,ok,true,twin
DEMO_NE_WTG01,2026-01-05T21:50:00Z,8.649209274892165,1093.5399455670217,1093.5399455670217,1093.5399455670217,2.0,8.645133151890073,31.822566575945036,42.29026630378014,44.29026630378014,operando,ok,true,twin
DEMO_NE_WTG02,2026-01-05T21:50:00Z,8.649209274892165,1066.3706479838434,1066.3706479838434,1066.3706479838434,2.0,8.554568826612812,31.777284413306404,42.10913765322562,44.10913765322562,operando,ok,true,twin
DEMO_NE_WTG03,2026-01-05T21:50:00Z,8.649209274892165,1039.6360498136212,1039.6360498136212,1039.6360498136212,2.0,8.465453499378738,31.73272674968937,41.93090699875748,43.93090699875748,operando,ok,true,twin
DEMO_NE_WTG04,2026-01-05T21:50:00Z,8.649209274892165,1013.332645415929,1013.332645415929,1013.332645415929,2.0,8.377775484719763,31.68888774235988,41.755550969439525,43.755550969439525,operando,ok,true,twin
DEMO_NE_WTG05,2026-01-05T21:50:00Z,8.649209274892165,987.4569291503382,987.4569291503382,987.4569291503382,2.0,8.291523097167794,31.6457615485839,41.58304619433559,43.58304619433559,operando,ok,true,twin
DEMO_NE_WTG06,2026-01-05T21:50:00Z,8.649209274892165,962.0053953764227,962.0053953764227,962.0053953764227,2.0,8.206684651254742,31.60334232562737,41.41336930250949,43.41336930250949,operando,ok,true,twin
DEMO_NE_WTG01,2026-01-05T22:00:00Z,9.088839487541374,1276.546371969894,1276.546371969894,1276.546371969894,2.0,9.255154573232979,32.12757728661649,43.51030914646596,45.51030914646596,operando,ok,true,twin
DEMO_NE_WTG02,2026-01-05T22:00:00Z,9.088839487541374,1245.0199636876252,1245.0199636876252,1245.0199636876252,2.0,9.150066545625418,32.07503327281271,43.300133091250835,45.300133091250835,operando,ok,true,twin
DEMO_NE_WTG03,2026-01-05T22:00:00Z,9.088839487541374,1213.9979670903108,1213.9979670903108,1213.9979670903108,2.0,9.046659890301036,32.023329945150515,43.09331978060207,45.09331978060207,operando,ok,true,twin
DEMO_NE_WTG04,2026-01-05T22:00:00Z,9.088839487541374,1183.4763143417795,1183.4763143417795,1183.4763143417795,2.0,8.944921047805932,31.972460523902967,42.88984209561186,44.88984209561186,operando,ok,true,twin
DEMO_NE_WTG05,2026-01-05T22:00:00Z,9.088839487541374,1153.450937605864,1153.450937605864,1153.450937605864,2.0,8.844836458686213,31.92241822934311,42.68967291737243,44.68967291737243,operando,ok,true,twin
DEMO_NE_WTG06,2026-01-05T22:00:00Z,9.088839487541374,1123.9177690463941,1123.9177690463941,1123.9177690463941,2.0,8.74639256348798,31.87319628174399,42.49278512697596,44.49278512697596,operando,ok,true,twin
DEMO_NE_WTG01,2026-01-05T22:10:00Z,8.985210040364665,1231.7670945888487,1231.7670945888487,1231.7670945888487,2.0,9.105890315296161,32.05294515764808,43.21178063059232,45.21178063059232,operando,ok,true,twin
DEMO_NE_WTG02,2026-01-05T22:10:00Z,8.985210040364665,1201.3068142694583,1201.3068142694583,1201.3068142694583,2.0,9.004356047564862,32.00217802378243,43.008712095129724,45.008712095129724,operando,ok,true,twin
DEMO_NE_WTG03,2026-01-05T22:10:00Z,8.985210040364665,1171.3338879544467,1171.3338879544467,1171.3338879544467,2.0,8.90444629318149,31.952223146590743,42.80889258636298,44.80889258636298,operando,ok,true,twin
DEMO_NE_WTG04,2026-01-05T22:10:00Z,8.985210040364665,1141.8443853695853,1141.8443853695853,1141.8443853695853,2.0,8.806147951231951,31.903073975615975,42.612295902463906,44.612295902463906,operando,ok,true,twin
DEMO_NE_WTG05,2026-01-05T22:10:00Z,8.985210040364665,1112.8343762406455,1112.8343762406455,1112.8343762406455,2.0,8.709447920802152,31.854723960401074,42.418895841604304,44.418895841604304,operando,ok,true,twin
DEMO_NE_WTG06,2026-01-05T22:10:00Z,8.985210040364665,1084.2999302933977,1084.2999302933977,1084.2999302933977,2.0,8.614333100977992,31.807166550488997,42.22866620195598,44.22866620195598,operando,ok,true,twin
DEMO_NE_WTG01,2026-01-05T22:20:00Z,8.510746591343025,1039.6071779364486,1039.6071779364486,1039.6071779364486,2.0,8.465357259788162,31.73267862989408,41.93071451957633,43.93071451957633,operando,ok,true,twin
DEMO_NE_WTG02,2026-01-05T22:20:00Z,8.510746591343025,1013.7219392985959,1013.7219392985959,1013.7219392985959,2.0,8.37907313099532,31.68953656549766,41.75814626199064,43.75814626199064,operando,ok,true,twin
DEMO_NE_WTG03,2026-01-05T22:20:00Z,8.510746591343025,988.2508555723916,988.2508555723916,988.2508555723916,2.0,8.29416951857464,31.64708475928732,41.588339037149275,43.588339037149275,operando,ok,true,twin
DEMO_NE_WTG04,2026-01-05T22:20:00Z,8.510746591343025,963.1905867988703,963.1905867988703,963.1905867988703,2.0,8.210635289329568,31.605317644664783,41.42127057865913,43.42127057865913,operando,ok,true,twin
DEMO_NE_WTG05,2026-01-05T22:20:00Z,8.510746591343025,938.5377930190681,938.5377930190681,938.5377930190681,2.0,8.12845931006356,31.56422965503178,41.256918620127124,43.256918620127124,operando,ok,true,twin
DEMO_NE_WTG06,2026-01-05T22:20:00Z,8.510746591343025,914.2891342740198,914.2891342740198,914.2891342740198,2.0,8.047630447580065,31.523815223790034,41.09526089516013,43.09526089516013,operando,ok,true,twin
DEMO_NE_WTG01,2026-01-05T22:30:00Z,8.675370119632117,1103.9261220333274,1103.9261220333274,1103.9261220333274,2.0,8.67975374011109,31.839876870055544,42.359507480222184,44.359507480222184,operando,ok,true,twin
DEMO_NE_WTG02,2026-01-05T22:30:00Z,8.675370119632117,1076.509545043117,1076.509545043117,1076.509545043117,2.0,8.588365150143723,31.79418257507186,42.176730300287446,44.176730300287446,operando,ok,true,twin
DEMO_NE_WTG03,2026-01-05T22:30:00Z,8.675370119632117,1049.5316238512912,1049.5316238512912,1049.5316238512912,2.0,8.49843874617097,31.749219373085484,41.996877492341945,43.996877492341945,operando,ok,true,twin
DEMO_NE_WTG04,2026-01-05T22:30:00Z,8.675370119632117,1022.9888209110904,1022.9888209110904,1022.9888209110904,2.0,8.409962736370302,31.704981368185152,41.8199254727406,43.8199254727406,operando,ok,true,twin
DEMO_NE_WTG05,2026-01-05T22:30:00Z,8.675370119632117,996.8775986757526,996.8775986757526,996.8775986757526,2.0,8.322925328919174,31.661462664459588,41.64585065783835,43.64585065783835,operando,ok,true,twin
DEMO_NE_WTG06,2026-01-05T22:30:00Z,8.675370119632117,971.1944195985159,971.1944195985159,971.1944195985159,2.0,8.237314731995053,31.618657365997528,41.474629463990105,43.474629463990105,operando,ok,true,twin
DEMO_NE_WTG01,2026-01-05T22:40:00Z,8.58107724597294,1066.7842165481286,1066.7842165481286,1066.7842165481286,2.0,8.555947388493761,31.77797369424688,42.111894776987526,44.111894776987526,operando,ok,true,twin
DEMO_NE_WTG02,2026-01-05T22:40:00Z,8.58107724597294,1040.2519330603652,1040.2519330603652,1040.2519330603652,2.0,8.467506443534552,31.733753221767277,41.9350128870691,43.9350128870691,operando,ok,true,twin
DEMO_NE_WTG03,2026-01-05T22:40:00Z,8.58107724597294,1014.1441569792147,1014.1441569792147,1014.1441569792147,2.0,8.38048052326405,31.690240261632024,41.760961046528095,43.760961046528095,operando,ok,true,twin
DEMO_NE_WTG04,2026-01-05T22:40:00Z,8.58107724597294,988.4574648578488,988.4574648578488,988.4574648578488,2.0,8.294858216192829,31.647429108096414,41.58971643238566,43.58971643238566,operando,ok,true,twin
DEMO_NE_WTG05,2026-01-05T22:40:00Z,8.58107724597294,963.1884332494408,963.1884332494408,963.1884332494408,2.0,8.21062811083147,31.605314055415736,41.42125622166294,43.42125622166294,operando,ok,true,twin
DEMO_NE_WTG06,2026-01-05T22:40:00Z,8.58107724597294,938.3336387071632,938.3336387071632,938.3336387071632,2.0,8.127778795690544,31.563889397845273,41.25555759138109,43.25555759138109,operando,ok,true,twin
DEMO_NE_WTG01,2026-01-05T22:50:00Z,8.189040144289972,920.9173395118999,920.9173395118999,920.9173395118999,2.0,8.069724465039666,31.534862232519835,41.13944893007933,43.13944893007933,operando,ok,true,twin
DEMO_NE_WTG02,2026-01-05T22:50:00Z,8.189040144289972,897.8579293164563,897.8579293164563,897.8579293164563,2.0,7.992859764388188,31.496429882194093,40.98571952877638,42.98571952877638,operando,ok,true,twin
DEMO_NE_WTG03,2026-01-05T22:50:00Z,8.189040144289972,875.1674617498891,875.1674617498891,875.1674617498891,2.0,7.917224872499631,31.458612436249815,40.83444974499926,42.83444974499926,operando,ok,true,twin
DEMO_NE_WTG04,2026-01-05T22:50:00Z,8.189040144289972,852.8429614684184,852.8429614684184,852.8429614684184,2.0,7.8428098715613945,31.421404935780696,40.685619743122786,42.685619743122786,operando,ok,true,twin
DEMO_NE_WTG05,2026-01-05T22:50:00Z,8.189040144289972,830.8814531282616,830.8814531282616,830.8814531282616,2.0,7.769604843760872,31.384802421880437,40.53920968752175,42.53920968752175,operando,ok,true,twin
DEMO_NE_WTG06,2026-01-05T22:50:00Z,8.189040144289972,809.2799613856381,809.2799613856381,809.2799613856381,2.0,7.69759987128546,31.34879993564273,40.395199742570924,42.395199742570924,operando,ok,true,twin
DEMO_NE_WTG01,2026-01-05T23:00:00Z,8.543765183378321,1052.3104582050141,1052.3104582050141,1052.3104582050141,2.0,8.507701527350047,31.753850763675025,42.015403054700094,44.015403054700094,operando,ok,true,twin
DEMO_NE_WTG02,2026-01-05T23:00:00Z,8.543765183378321,1026.1227733664477,1026.1227733664477,1026.1227733664477,2.0,8.420409244554826,31.710204622277413,41.84081848910965,43.84081848910965,operando,ok,true,twin
DEMO_NE_WTG03,2026-01-05T23:00:00Z,8.543765183378321,1000.3540824746764,1000.3540824746764,1000.3540824746764,2.0,8.33451360824892,31.66725680412446,41.669027216497845,43.669027216497845,operando,ok,true,twin
DEMO_NE_WTG04,2026-01-05T23:00:00Z,8.543765183378321,975.0010065462571,975.0010065462571,975.0010065462571,2.0,8.25000335515419,31.625001677577096,41.500006710308384,43.500006710308384,operando,ok,true,twin
DEMO_NE_WTG05,2026-01-05T23:00:00Z,8.543765183378321,950.0601665977484,950.0601665977484,950.0601665977484,2.0,8.166867221992495,31.58343361099625,41.33373444398499,43.33373444398499,operando,ok,true,twin
DEMO_NE_WTG06,2026-01-05T23:00:00Z,8.543765183378321,925.5281836457096,925.5281836457096,925.5281836457096,2.0,8.0850939454857,31.542546972742848,41.1701878909714,43.1701878909714,operando,ok,true,twin
DEMO_NE_WTG01,2026-01-05T23:10:00Z,8.316365461926473,966.8005702385294,966.8005702385294,966.8005702385294,2.0,8.222668567461765,31.611334283730883,41.44533713492353,43.44533713492353,operando,ok,true,twin
DEMO_NE_WTG02,2026-01-05T23:10:00Z,8.316365461926473,942.6487485937316,942.6487485937316,942.6487485937316,2.0,8.142162495312439,31.57108124765622,41.284324990624874,43.284324990624874,operando,ok,true,twin
DEMO_NE_WTG03,2026-01-05T23:10:00Z,8.316365461926473,918.8833477851254,918.8833477851254,918.8833477851254,2.0,8.062944492617085,31.531472246308542,41.12588898523417,43.12588898523417,operando,ok,true,twin
DEMO_NE_WTG04,2026-01-05T23:10:00Z,8.316365461926473,895.5012515156442,895.5012515156442,895.5012515156442,2.0,7.985004171718813,31.492502085859407,40.97000834343763,42.97000834343763,operando,ok,true,twin
DEMO_NE_WTG05,2026-01-05T23:10:00Z,8.316365461926473,872.4993434882222,872.4993434882222,872.4993434882222,2.0,7.908331144960741,31.45416557248037,40.81666228992148,42.81666228992148,operando,ok,true,twin
DEMO_NE_WTG06,2026-01-05T23:10:00Z,8.316365461926473,849.8745074057932,849.8745074057932,849.8745074057932,2.0,7.832915024685978,31.416457512342987,40.665830049371955,42.665830049371955,operando,ok,true,twin
DEMO_NE_WTG01,2026-01-05T23:20:00Z,8.413604291387756,1002.8014512394199,1002.8014512394199,1002.8014512394199,2.0,8.342671504131399,31.6713357520657,41.6853430082628,43.6853430082628,operando,ok,true,twin
DEMO_NE_WTG02,2026-01-05T23:20:00Z,8.413604291387756,977.7925021873018,977.7925021873018,977.7925021873018,2.0,8.25930834062434,31.62965417031217,41.51861668124868,43.51861668124868,operando,ok,true,twin
DEMO_NE_WTG03,2026-01-05T23:20:00Z,8.413604291387756,953.1836877149738,953.1836877149738,953.1836877149738,2.0,8.177278959049913,31.588639479524957,41.35455791809983,43.35455791809983,operando,ok,true,twin
DEMO_NE_WTG04,2026-01-05T23:20:00Z,8.413604291387756,928.9717809306613,928.9717809306613,928.9717809306613,2.0,8.096572603102205,31.5482863015511,41.193145206204406,43.193145206204406,operando,ok,true,twin
DEMO_NE_WTG05,2026-01-05T23:20:00Z,8.413604291387756,905.1535549425935,905.1535549425935,905.1535549425935,2.0,8.017178516475312,31.508589258237656,41.03435703295062,43.03435703295062,operando,ok,true,twin
DEMO_NE_WTG06,2026-01-05T23:20:00Z,8.413604291387756,881.7257828589973,881.7257828589973,881.7257828589973,2.0,7.939085942863324,31.46954297143166,40.87817188572665,42.87817188572665,operando,ok,true,twin
DEMO_NE_WTG01,2026-01-05T23:30:00Z,8.170685735515972,914.4194723102019,914.4194723102019,914.4194723102019,2.0,8.048064907700672,31.524032453850335,41.09612981540135,43.09612981540135,operando,ok,true,twin
DEMO_NE_WTG02,2026-01-05T23:30:00Z,8.170685735515972,891.5147666640042,891.5147666640042,891.5147666640042,2.0,7.971715888880015,31.485857944440006,40.943431777760026,42.943431777760026,operando,ok,true,twin
DEMO_NE_WTG03,2026-01-05T23:30:00Z,8.170685735515972,868.976528427126,868.976528427126,868.976528427126,2.0,7.8965884280904195,31.44829421404521,40.79317685618084,42.79317685618084,operando,ok,true,twin
DEMO_NE_WTG04,2026-01-05T23:30:00Z,8.170685735515972,846.8018022172339,846.8018022172339,846.8018022172339,2.0,7.822672674057447,31.41133633702872,40.645345348114894,42.645345348114894,operando,ok,true,twin
DEMO_NE_WTG05,2026-01-05T23:30:00Z,8.170685735515972,824.9876326519951,824.9876326519951,824.9876326519951,2.0,7.74995877550665,31.374979387753324,40.4999175510133,42.4999175510133,operando,ok,true,twin
DEMO_NE_WTG06,2026-01-05T23:30:00Z,8.170685735515972,803.5310643490767,803.5310643490767,803.5310643490767,2.0,7.67843688116359,31.339218440581796,40.356873762327176,42.356873762327176,operando,ok,true,twin
DEMO_NE_WTG01,2026-01-05T23:40:00Z,7.731949282330373,767.6180439840606,767.6180439840606,767.6180439840606,2.0,7.558726813280202,31.2793634066401,40.117453626560405,42.117453626560405,operando,ok,true,twin
DEMO_NE_WTG02,2026-01-05T23:40:00Z,7.731949282330373,748.2084619057831,748.2084619057831,748.2084619057831,2.0,7.49402820635261,31.247014103176305,39.98805641270522,41.98805641270522,operando,ok,true,twin
DEMO_NE_WTG03,2026-01-05T23:40:00Z,7.731949282330373,729.1094264623354,729.1094264623354,729.1094264623354,2.0,7.430364754874452,31.215182377437227,39.8607295097489,41.8607295097489,operando,ok,true,twin
DEMO_NE_WTG04,2026-01-05T23:40:00Z,7.731949282330373,710.3184332453727,710.3184332453727,710.3184332453727,2.0,7.367728110817909,31.183864055408954,39.735456221635815,41.735456221635815,operando,ok,true,twin
DEMO_NE_WTG05,2026-01-05T23:40:00Z,7.731949282330373,691.8329778465495,691.8329778465495,691.8329778465495,2.0,7.306109926155164,31.153054963077583,39.61221985231033,41.61221985231033,operando,ok,true,twin
DEMO_NE_WTG06,2026-01-05T23:40:00Z,7.731949282330373,673.6505558575199,673.6505558575199,673.6505558575199,2.0,7.2455018528584,31.122750926429198,39.4910037057168,41.4910037057168,operando,ok,true,twin
DEMO_NE_WTG01,2026-01-05T23:50:00Z,7.891936597403714,819.2783589861785,819.2783589861785,819.2783589861785,2.0,7.730927863287262,31.36546393164363,40.46185572657453,42.46185572657453,operando,ok,true,twin
DEMO_NE_WTG02,2026-01-05T23:50:00Z,7.891936597403714,798.6388216782492,798.6388216782492,798.6388216782492,2.0,7.662129405594165,31.331064702797082,40.32425881118833,42.32425881118833,operando,ok,true,twin
DEMO_NE_WTG03,2026-01-05T23:50:00Z,7.891936597403714,778.3295098656231,778.3295098656231,778.3295098656231,2.0,7.594431699552077,31.297215849776038,40.18886339910415,42.18886339910415,operando,ok,true,twin
DEMO_NE_WTG04,2026-01-05T23:50:00Z,7.891936597403714,758.3477604394673,758.3477604394673,758.3477604394673,2.0,7.527825868131558,31.26391293406578,40.055651736263115,42.055651736263115,operando,ok,true,twin
DEMO_NE_WTG05,2026-01-05T23:50:00Z,7.891936597403714,738.6909102909484,738.6909102909484,738.6909102909484,2.0,7.4623030343031616,31.23115151715158,39.92460606860632,41.92460606860632,operando,ok,true,twin
DEMO_NE_WTG06,2026-01-05T23:50:00Z,7.891936597403714,719.3562963112337,719.3562963112337,719.3562963112337,2.0,7.397854321037446,31.19892716051872,39.79570864207489,41.79570864207489,operando,ok,true,twin
DEMO_NE_WTG01,2026-01-06T00:00:00Z,7.613633719670084,730.7631243459603,730.7631243459603,730.7631243459603,2.0,7.435877081153201,31.2179385405766,39.8717541623064,41.8717541623064,operando,ok,true,twin
DEMO_NE_WTG02,2026-01-06T00:00:00Z,7.613633719670084,712.2310030641453,712.2310030641453,712.2310030641453,2.0,7.3741033435471515,31.187051671773574,39.7482066870943,41.7482066870943,operando,ok,true,twin
DEMO_NE_WTG03,2026-01-06T00:00:00Z,7.613633719670084,693.9953893463326,693.9953893463326,693.9953893463326,2.0,7.313317964487775,31.156658982243886,39.62663592897555,41.62663592897555,operando,ok,true,twin
DEMO_NE_WTG04,2026-01-06T00:00:00Z,7.613633719670084,676.0538920024899,676.0538920024899,676.0538920024899,2.0,7.253512973341634,31.126756486670818,39.507025946683264,41.507025946683264,operando,ok,true,twin
DEMO_NE_WTG05,2026-01-06T00:00:00Z,7.613633719670084,658.404119842585,658.404119842585,658.404119842585,2.0,7.194680399475283,31.09734019973764,39.38936079895057,41.38936079895057,operando,ok,true,twin
DEMO_NE_WTG06,2026-01-06T00:00:00Z,7.613633719670084,641.0436816765854,641.0436816765854,641.0436816765854,2.0,7.136812272255284,31.068406136127642,39.27362454451057,41.27362454451057,operando,ok,true,twin
DEMO_NE_WTG01,2026-01-06T00:10:00Z,8.186959697195633,920.1793494152346,920.1793494152346,920.1793494152346,2.0,8.067264498050783,31.53363224902539,41.134528996101565,43.134528996101565,operando,ok,true,twin
DEMO_NE_WTG02,2026-01-06T00:10:00Z,8.186959697195633,897.1375096658628,897.1375096658628,897.1375096658628,2.0,7.990458365552875,31.495229182776438,40.98091673110575,42.98091673110575,operando,ok,true,twin
DEMO_NE_WTG03,2026-01-06T00:10:00Z,8.186959697195633,874.464331424277,874.464331424277,874.464331424277,2.0,7.9148811047475895,31.457440552373797,40.82976220949518,42.82976220949518,operando,ok,true,twin
DEMO_NE_WTG04,2026-01-06T00:10:00Z,8.186959697195633,852.1568416138009,852.1568416138009,852.1568416138009,2.0,7.8405228053793365,31.42026140268967,40.68104561075867,42.68104561075867,operando,ok,true,twin
DEMO_NE_WTG05,2026-01-06T00:10:00Z,8.186959697195633,830.2120671577586,830.2120671577586,830.2120671577586,2.0,7.7673735571925295,31.383686778596264,40.534747114385056,42.534747114385056,operando,ok,true,twin
DEMO_NE_WTG06,2026-01-06T00:10:00Z,8.186959697195633,808.6270349794748,808.6270349794748,808.6270349794748,2.0,7.6954234499315834,31.34771172496579,40.39084689986316,42.39084689986316,operando,ok,true,twin
DEMO_NE_WTG01,2026-01-06T00:20:00Z,8.09002537267945,886.2083082832632,886.2083082832632,886.2083082832632,2.0,7.954027694277544,31.47701384713877,40.90805538855509,42.90805538855509,operando,ok,true,twin
DEMO_NE_WTG02,2026-01-06T00:20:00Z,8.09002537267945,863.9752684743347,863.9752684743347,863.9752684743347,2.0,7.879917561581115,31.43995878079056,40.75983512316223,42.75983512316223,operando,ok,true,twin
DEMO_NE_WTG03,2026-01-06T00:20:00Z,8.09002537267945,842.0979496524357,842.0979496524357,842.0979496524357,2.0,7.8069931655081195,31.40349658275406,40.613986331016235,42.613986331016235,operando,ok,true,twin
DEMO_NE_WTG04,2026-01-06T00:20:00Z,8.09002537267945,820.573483099928,820.573483099928,820.573483099928,2.0,7.735244943666427,31.367622471833215,40.47048988733285,42.47048988733285,operando,ok,true,twin
DEMO_NE_WTG05,2026-01-06T00:20:00Z,8.09002537267945,799.3990000991747,799.3990000991747,799.3990000991747,2.0,7.664663333663915,31.33233166683196,40.329326667327834,42.329326667327834,operando,ok,true,twin
DEMO_NE_WTG06,2026-01-06T00:20:00Z,8.09002537267945,778.571631932539,778.571631932539,778.571631932539,2.0,7.595238773108464,31.29761938655423,40.190477546216925,42.190477546216925,operando,ok,true,twin
DEMO_NE_WTG01,2026-01-06T00:30:00Z,7.997271441238001,854.4555474041834,854.4555474041834,854.4555474041834,2.0,7.848185158013946,31.424092579006974,40.69637031602789,42.69637031602789,operando,ok,true,twin
DEMO_NE_WTG02,2026-01-06T00:30:00Z,7.997271441238001,832.978493583678,832.978493583678,832.978493583678,2.0,7.776594978612259,31.38829748930613,40.55318995722452,42.55318995722452,operando,ok,true,twin
DEMO_NE_WTG03,2026-01-06T00:30:00Z,7.997271441238001,811.845065234505,811.845065234505,811.845065234505,2.0,7.70615021744835,31.353075108724177,40.4123004348967,42.4123004348967,operando,ok,true,twin
DEMO_NE_WTG04,2026-01-06T00:30:00Z,7.997271441238001,791.0524911835095,791.0524911835095,791.0524911835095,2.0,7.636841637278366,31.318420818639183,40.27368327455673,42.27368327455673,operando,ok,true,twin
DEMO_NE_WTG05,2026-01-06T00:30:00Z,7.997271441238001,770.5980002575347,770.5980002575347,770.5980002575347,2.0,7.568660000858449,31.284330000429225,40.1373200017169,42.1373200017169,operando,ok,true,twin
DEMO_NE_WTG06,2026-01-06T00:30:00Z,7.997271441238001,750.4788212834256,750.4788212834256,750.4788212834256,2.0,7.501596070944752,31.250798035472375,40.00319214188951,42.00319214188951,operando,ok,true,twin
DEMO_NE_WTG01,2026-01-06T00:40:00Z,7.572520951314747,718.2215624894197,718.2215624894197,718.2215624894197,2.0,7.394071874964732,31.197035937482365,39.78814374992947,41.78814374992947,operando,ok,true,twin
DEMO_NE_WTG02,2026-01-06T00:40:00Z,7.572520951314747,699.988037133565,699.988037133565,699.988037133565,2.0,7.333293457111884,31.166646728555943,39.666586914223764,41.666586914223764,operando,ok,true,twin
DEMO_NE_WTG03,2026-01-06T00:40:00Z,7.572520951314747,682.0462419096374,682.0462419096374,682.0462419096374,2.0,7.273487473032125,31.136743736516063,39.546974946064246,41.546974946064246,operando,ok,true,twin
DEMO_NE_WTG04,2026-01-06T00:40:00Z,7.572520951314747,664.3938241552834,664.3938241552834,664.3938241552834,2.0,7.2146460805176105,31.107323040258805,39.42929216103522,41.42929216103522,operando,ok,true,twin
DEMO_NE_WTG05,2026-01-06T00:40:00Z,7.572520951314747,647.028431208148,647.028431208148,647.028431208148,2.0,7.156761437360494,31.078380718680247,39.31352287472099,41.31352287472099,operando,ok,true,twin
DEMO_NE_WTG06,2026-01-06T00:40:00Z,7.572520951314747,629.9477104058773,629.9477104058773,629.9477104058773,2.0,7.099825701352924,31.049912850676463,39.19965140270585,41.19965140270585,operando,ok,true,twin
DEMO_NE_WTG01,2026-01-06T00:50:00Z,7.342044263599311,650.401064928284,650.401064928284,650.401064928284,2.0,7.168003549760947,31.084001774880473,39.33600709952189,41.33600709952189,operando,ok,true,twin
DEMO_NE_WTG02,2026-01-06T00:50:00Z,7.342044263599311,633.7822447024595,633.7822447024595,633.7822447024595,2.0,7.112607482341531,31.056303741170765,39.22521496468306,41.22521496468306,operando,ok,true,twin
DEMO_NE_WTG03,2026-01-06T00:50:00Z,7.342044263599311,617.4293198820673,617.4293198820673,617.4293198820673,2.0,7.058097732940224,31.029048866470113,39.11619546588045,41.11619546588045,operando,ok,true,twin
DEMO_NE_WTG04,2026-01-06T00:50:00Z,7.342044263599311,601.340146149322,601.340146149322,601.340146149322,2.0,7.004467153831073,31.002233576915536,39.008934307662145,41.008934307662145,operando,ok,true,twin
DEMO_NE_WTG05,2026-01-06T00:50:00Z,7.342044263599311,585.5125791864374,585.5125791864374,585.5125791864374,2.0,6.951708597288125,30.975854298644062,38.90341719457625,40.90341719457625,operando,ok,true,twin
DEMO_NE_WTG06,2026-01-06T00:50:00Z,7.342044263599311,569.9444746756282,569.9444746756282,569.9444746756282,2.0,6.899814915585427,30.949907457792712,38.799629831170854,40.799629831170854,operando,ok,true,twin
DEMO_NE_WTG01,2026-01-06T01:00:00Z,7.862525191425699,809.6222615956694,809.6222615956694,809.6222615956694,2.0,7.6987408719855654,31.349370435992782,40.39748174397113,42.39748174397113,operando,ok,true,twin
DEMO_NE_WTG02,2026-01-06T01:00:00Z,7.862525191425699,789.2126215983352,789.2126215983352,789.2126215983352,2.0,7.6307087386611165,31.31535436933056,40.26141747732223,42.26141747732223,operando,ok,true,twin
DEMO_NE_WTG03,2026-01-06T01:00:00Z,7.862525191425699,769.1295288184373,769.1295288184373,769.1295288184373,2.0,7.5637650960614575,31.28188254803073,40.12753019212292,42.12753019212292,operando,ok,true,twin
DEMO_NE_WTG04,2026-01-06T01:00:00Z,7.862525191425699,749.370349810674,749.370349810674,749.370349810674,2.0,7.4979011660355805,31.24895058301779,39.99580233207116,41.99580233207116,operando,ok,true,twin
DEMO_NE_WTG05,2026-01-06T01:00:00Z,7.862525191425699,729.9324511297438,729.9324511297438,729.9324511297438,2.0,7.4331081704324795,31.216554085216238,39.86621634086496,41.86621634086496,operando,ok,true,twin
DEMO_NE_WTG06,2026-01-06T01:00:00Z,7.862525191425699,710.8131993303444,710.8131993303444,710.8131993303444,2.0,7.369377331101148,31.184688665550574,39.7387546622023,41.7387546622023,operando,ok,true,twin
DEMO_NE_WTG01,2026-01-06T01:10:00Z,7.859493139131386,808.6309013626159,808.6309013626159,808.6309013626159,2.0,7.695436337875385,31.347718168937693,40.39087267575077,42.39087267575077,operando,ok,true,twin
DEMO_NE_WTG02,2026-01-06T01:10:00Z,7.859493139131386,788.2448641772866,788.2448641772866,788.2448641772866,2.0,7.627482880590955,31.313741440295477,40.25496576118191,42.25496576118191,operando,ok,true,twin
DEMO_NE_WTG03,2026-01-06T01:10:00Z,7.859493139131386,768.1849965725229,768.1849965725229,768.1849965725229,2.0,7.560616655241743,31.280308327620872,40.12123331048349,42.12123331048349,operando,ok,true,twin
DEMO_NE_WTG04,2026-01-06T01:10:00Z,7.859493139131386,748.4486681484815,748.4486681484815,748.4486681484815,2.0,7.494828893828272,31.247414446914135,39.98965778765654,41.98965778765654,operando,ok,true,twin
DEMO_NE_WTG05,2026-01-06T01:10:00Z,7.859493139131386,729.0332485053194,729.0332485053194,729.0332485053194,2.0,7.430110828351065,31.21505541417553,39.86022165670213,41.86022165670213,operando,ok,true,twin
DEMO_NE_WTG06,2026-01-06T01:10:00Z,7.859493139131386,709.9361072431933,709.9361072431933,709.9361072431933,2.0,7.366453690810644,31.183226845405322,39.73290738162129,41.73290738162129,operando,ok,true,twin
DEMO_NE_WTG01,2026-01-06T01:20:00Z,7.207681863145253,612.7759408249141,612.7759408249141,612.7759408249141,2.0,7.04258646941638,31.02129323470819,39.08517293883276,41.08517293883276,operando,ok,true,twin
DEMO_NE_WTG02,2026-01-06T01:20:00Z,7.207681863145253,597.0529188178061,597.0529188178061,597.0529188178061,2.0,6.990176396059353,30.995088198029677,38.98035279211871,40.98035279211871,operando,ok,true,twin
DEMO_NE_WTG03,2026-01-06T01:20:00Z,7.207681863145253,581.5814597528562,581.5814597528562,581.5814597528562,2.0,6.938604865842854,30.969302432921427,38.87720973168571,40.87720973168571,operando,ok,true,twin
DEMO_NE_WTG04,2026-01-06T01:20:00Z,7.207681863145253,566.3595348966597,566.3595348966597,566.3595348966597,2.0,6.887865116322199,30.943932558161098,38.7757302326444,40.7757302326444,operando,ok,true,twin
DEMO_NE_WTG05,2026-01-06T01:20:00Z,7.207681863145253,551.3851155158119,551.3851155158119,551.3851155158119,2.0,6.837950385052706,30.918975192526354,38.675900770105414,40.675900770105414,operando,ok,true,twin
DEMO_NE_WTG06,2026-01-06T01:20:00Z,7.207681863145253,536.6561728769091,536.6561728769091,536.6561728769091,2.0,6.7888539095896965,30.89442695479485,38.577707819179395,40.577707819179395,operando,ok,true,twin
DEMO_NE_WTG01,2026-01-06T01:30:00Z,7.441492645826531,679.1511528962394,679.1511528962394,679.1511528962394,2.0,7.2638371763207985,31.1319185881604,39.5276743526416,41.5276743526416,operando,ok,true,twin
DEMO_NE_WTG02,2026-01-06T01:30:00Z,7.441492645826531,661.8478358560288,661.8478358560288,661.8478358560288,2.0,7.206159452853429,31.103079726426714,39.41231890570686,41.41231890570686,operando,ok,true,twin
DEMO_NE_WTG03,2026-01-06T01:30:00Z,7.441492645826531,644.8213659347599,644.8213659347599,644.8213659347599,2.0,7.1494045531158665,31.074702276557932,39.29880910623173,41.29880910623173,operando,ok,true,twin
DEMO_NE_WTG04,2026-01-06T01:30:00Z,7.441492645826531,628.0695104943773,628.0695104943773,628.0695104943773,2.0,7.093565034981257,31.04678251749063,39.187130069962514,41.187130069962514,operando,ok,true,twin
DEMO_NE_WTG05,2026-01-06T01:30:00Z,7.441492645826531,611.5900368968244,611.5900368968244,611.5900368968244,2.0,7.0386334563227475,31.019316728161375,39.0772669126455,41.0772669126455,operando,ok,true,twin
DEMO_NE_WTG06,2026-01-06T01:30:00Z,7.441492645826531,595.3807125040452,595.3807125040452,595.3807125040452,2.0,6.984602375013484,30.99230118750674,38.96920475002697,40.96920475002697,operando,ok,true,twin
DEMO_NE_WTG01,2026-01-06T01:40:00Z,7.1058902876365835,585.1896427117296,585.1896427117296,585.1896427117296,2.0,6.950632142372432,30.975316071186217,38.90126428474486,40.90126428474486,operando,ok,true,twin
DEMO_NE_WTG02,2026-01-06T01:40:00Z,7.1058902876365835,570.123409414285,570.123409414285,570.123409414285,2.0,6.900411364714283,30.95020568235714,38.80082272942857,40.80082272942857,operando,ok,true,twin
DEMO_NE_WTG03,2026-01-06T01:40:00Z,7.1058902876365835,555.2982306656309,555.2982306656309,555.2982306656309,2.0,6.8509941022187695,30.925497051109385,38.70198820443754,40.70198820443754,operando,ok,true,twin
DEMO_NE_WTG04,2026-01-06T01:40:00Z,7.1058902876365835,540.71216247747,540.71216247747,540.71216247747,2.0,6.8023738749249,30.901186937462448,38.6047477498498,40.6047477498498,operando,ok,true,twin
DEMO_NE_WTG05,2026-01-06T01:40:00Z,7.1058902876365835,526.3632608615064,526.3632608615064,526.3632608615064,2.0,6.754544202871688,30.877272101435842,38.50908840574338,40.50908840574338,operando,ok,true,twin
DEMO_NE_WTG06,2026-01-06T01:40:00Z,7.1058902876365835,512.2495818294428,512.2495818294428,512.2495818294428,2.0,6.7074986060981425,30.85374930304907,38.41499721219628,40.41499721219628,operando,ok,true,twin
DEMO_NE_WTG01,2026-01-06T01:50:00Z,7.548656057798158,711.0036890855072,711.0036890855072,711.0036890855072,2.0,7.370012296951691,31.185006148475846,39.74002459390338,41.74002459390338,operando,ok,true,twin
DEMO_NE_WTG02,2026-01-06T01:50:00Z,7.548656057798158,692.9420105552039,692.9420105552039,692.9420105552039,2.0,7.309806701850679,31.15490335092534,39.61961340370136,41.61961340370136,operando,ok,true,twin
DEMO_NE_WTG03,2026-01-06T01:50:00Z,7.548656057798158,675.1693126667482,675.1693126667482,675.1693126667482,2.0,7.250564375555827,31.125282187777913,39.50112875111165,41.50112875111165,operando,ok,true,twin
DEMO_NE_WTG04,2026-01-06T01:50:00Z,7.548656057798158,657.6832649310924,657.6832649310924,657.6832649310924,2.0,7.192277549770308,31.096138774885155,39.38455509954062,41.38455509954062,operando,ok,true,twin
DEMO_NE_WTG05,2026-01-06T01:50:00Z,7.548656057798158,640.48153685919,640.48153685919,640.48153685919,2.0,7.1349384561973,31.06746922809865,39.2698769123946,41.2698769123946,operando,ok,true,twin
DEMO_NE_WTG06,2026-01-06T01:50:00Z,7.548656057798158,623.5617979619932,623.5617979619932,623.5617979619932,2.0,7.0785393265399765,31.039269663269987,39.15707865307996,41.15707865307996,operando,ok,true,twin
DEMO_NE_WTG01,2026-01-06T02:00:00Z,7.513840914081347,700.5554977919794,700.5554977919794,700.5554977919794,2.0,7.335184992639931,31.167592496319966,39.67036998527986,41.67036998527986,operando,ok,true,twin
DEMO_NE_WTG02,2026-01-06T02:00:00Z,7.513840914081347,682.7425751494663,682.7425751494663,682.7425751494663,2.0,7.275808583831555,31.137904291915778,39.55161716766311,41.55161716766311,operando,ok,true,twin
DEMO_NE_WTG03,2026-01-06T02:00:00Z,7.513840914081347,665.2146531401877,665.2146531401877,665.2146531401877,2.0,7.21738217713396,31.108691088566978,39.43476435426792,41.43476435426792,operando,ok,true,twin
DEMO_NE_WTG04,2026-01-06T02:00:00Z,7.513840914081347,647.9694333719399,647.9694333719399,647.9694333719399,2.0,7.1598981112398,31.0799490556199,39.319796222479596,41.319796222479596,operando,ok,true,twin
DEMO_NE_WTG05,2026-01-06T02:00:00Z,7.513840914081347,631.0046174525194,631.0046174525194,631.0046174525194,2.0,7.103348724841731,31.051674362420865,39.20669744968346,41.20669744968346,operando,ok,true,twin
DEMO_NE_WTG06,2026-01-06T02:00:00Z,7.513840914081347,614.3179069897226,614.3179069897226,614.3179069897226,2.0,7.047726356632408,31.023863178316205,39.09545271326482,41.09545271326482,operando,ok,true,twin
DEMO_NE_WTG01,2026-01-06T02:10:00Z,7.031955608746857,565.6418897656882,565.6418897656882,565.6418897656882,2.0,6.8854729658856275,30.942736482942813,38.77094593177125,40.77094593177125,operando,ok,true,twin
DEMO_NE_WTG02,2026-01-06T02:10:00Z,7.031955608746857,551.0410593788325,551.0410593788325,551.0410593788325,2.0,6.836803531262775,30.918401765631387,38.67360706252555,40.67360706252555,operando,ok,true,twin
DEMO_NE_WTG03,2026-01-06T02:10:00Z,7.031955608746857,536.6738372543327,536.6738372543327,536.6738372543327,2.0,6.7889127908477755,30.894456395423887,38.57782558169555,40.57782558169555,operando,ok,true,twin
DEMO_NE_WTG04,2026-01-06T02:10:00Z,7.031955608746857,522.5383394545897,522.5383394545897,522.5383394545897,2.0,6.741794464848632,30.870897232424316,38.48358892969726,40.48358892969726,operando,ok,true,twin
DEMO_NE_WTG05,2026-01-06T02:10:00Z,7.031955608746857,508.6326820420032,508.6326820420032,508.6326820420032,2.0,6.695442273473344,30.847721136736673,38.39088454694669,40.39088454694669,operando,ok,true,twin
DEMO_NE_WTG06,2026-01-06T02:10:00Z,7.031955608746857,494.9549810789741,494.9549810789741,494.9549810789741,2.0,6.649849936929914,30.824924968464956,38.29969987385983,40.29969987385983,operando,ok,true,twin
DEMO_NE_WTG01,2026-01-06T02:20:00Z,7.2419744267068085,622.2469008961806,622.2469008961806,622.2469008961806,2.0,7.074156336320602,31.0370781681603,39.148312672641204,41.148312672641204,operando,ok,true,twin
DEMO_NE_WTG02,2026-01-06T02:20:00Z,7.2419744267068085,606.2983894225646,606.2983894225646,606.2983894225646,2.0,7.0209946314085485,31.010497315704274,39.0419892628171,41.0419892628171,operando,ok,true,twin
DEMO_NE_WTG03,2026-01-06T02:20:00Z,7.2419744267068085,590.6050486449843,590.6050486449843,590.6050486449843,2.0,6.968683495483281,30.98434174774164,38.93736699096656,40.93736699096656,operando,ok,true,twin
DEMO_NE_WTG04,2026-01-06T02:20:00Z,7.2419744267068085,575.1648207352462,575.1648207352462,575.1648207352462,2.0,6.9172160691174875,30.958608034558743,38.83443213823497,40.83443213823497,operando,ok,true,twin
DEMO_NE_WTG05,2026-01-06T02:20:00Z,7.2419744267068085,559.9756478651565,559.9756478651565,559.9756478651565,2.0,6.866585492883855,30.93329274644193,38.733170985767714,40.733170985767714,operando,ok,true,twin
DEMO_NE_WTG06,2026-01-06T02:20:00Z,7.2419744267068085,545.0354722065213,545.0354722065213,545.0354722065213,2.0,6.816784907355071,30.908392453677536,38.63356981471014,40.63356981471014,operando,ok,true,twin
DEMO_NE_WTG01,2026-01-06T02:30:00Z,7.264267310177274,628.4520841689875,628.4520841689875,628.4520841689875,2.0,7.094840280563291,31.047420140281645,39.189680561126586,41.189680561126586,operando,ok,true,twin
DEMO_NE_WTG02,2026-01-06T02:30:00Z,7.264267310177274,612.3558365149584,612.3558365149584,612.3558365149584,2.0,7.041186121716528,31.020593060858264,39.082372243433056,41.082372243433056,operando,ok,true,twin
DEMO_NE_WTG03,2026-01-06T02:30:00Z,7.264267310177274,596.5171232850192,596.5171232850192,596.5171232850192,2.0,6.988390410950064,30.99419520547503,38.97678082190013,40.97678082190013,operando,ok,true,twin
DEMO_NE_WTG04,2026-01-06T02:30:00Z,7.264267310177274,580.9338675886529,580.9338675886529,580.9338675886529,2.0,6.9364462252955095,30.968223112647756,38.87289245059102,40.87289245059102,operando,ok,true,twin
DEMO_NE_WTG05,2026-01-06T02:30:00Z,7.264267310177274,565.6039925353423,565.6039925353423,565.6039925353423,2.0,6.885346641784475,30.942673320892236,38.770693283568946,40.770693283568946,operando,ok,true,twin
DEMO_NE_WTG06,2026-01-06T02:30:00Z,7.264267310177274,550.5254212345712,550.5254212345712,550.5254212345712,2.0,6.835084737448571,30.917542368724284,38.67016947489714,40.67016947489714,operando,ok,true,twin
DEMO_NE_WTG01,2026-01-06T02:40:00Z,7.038062184921998,567.2409517701967,567.2409517701967,567.2409517701967,2.0,6.890803172567322,30.945401586283662,38.78160634513465,40.78160634513465,operando,ok,true,twin
DEMO_NE_WTG02,2026-01-06T02:40:00Z,7.038062184921998,552.602050096418,552.602050096418,552.602050096418,2.0,6.842006833654727,30.921003416827364,38.68401366730945,40.68401366730945,operando,ok,true,twin
DEMO_NE_WTG03,2026-01-06T02:40:00Z,7.038062184921998,538.1973658124866,538.1973658124866,538.1973658124866,2.0,6.793991219374956,30.89699560968748,38.58798243874991,40.58798243874991,operando,ok,true,twin
DEMO_NE_WTG04,2026-01-06T02:40:00Z,7.038062184921998,524.0250100684841,524.0250100684841,524.0250100684841,2.0,6.7467500335616135,30.873375016780805,38.49350006712323,40.49350006712323,operando,ok,true,twin
DEMO_NE_WTG05,2026-01-06T02:40:00Z,7.038062184921998,510.08309401449316,510.08309401449316,510.08309401449316,2.0,6.700276980048311,30.850138490024154,38.40055396009662,40.40055396009662,operando,ok,true,twin
DEMO_NE_WTG06,2026-01-06T02:40:00Z,7.038062184921998,496.36972880059494,496.36972880059494,496.36972880059494,2.0,6.65456576266865,30.827282881334327,38.3091315253373,40.3091315253373,operando,ok,true,twin
DEMO_NE_WTG01,2026-01-06T02:50:00Z,7.439384312487695,678.5335994705299,678.5335994705299,678.5335994705299,2.0,7.261778664901767,31.130889332450884,39.52355732980353,41.52355732980353,operando,ok,true,twin
DEMO_NE_WTG02,2026-01-06T02:50:00Z,7.439384312487695,661.2449854584659,661.2449854584659,661.2449854584659,2.0,7.204149951528219,31.10207497576411,39.40829990305644,41.40829990305644,operando,ok,true,twin
DEMO_NE_WTG03,2026-01-06T02:50:00Z,7.439384312487695,644.2329833219525,644.2329833219525,644.2329833219525,2.0,7.147443277739841,31.07372163886992,39.294886555479685,41.294886555479685,operando,ok,true,twin
DEMO_NE_WTG04,2026-01-06T02:50:00Z,7.439384312487695,627.4953623200577,627.4953623200577,627.4953623200577,2.0,7.091651207733525,31.045825603866763,39.183302415467054,41.183302415467054,operando,ok,true,twin
DEMO_NE_WTG05,2026-01-06T02:50:00Z,7.439384312487695,611.0298917118498,611.0298917118498,611.0298917118498,2.0,7.036766305706166,31.018383152853083,39.07353261141233,41.07353261141233,operando,ok,true,twin
DEMO_NE_WTG06,2026-01-06T02:50:00Z,7.439384312487695,594.8343407563967,594.8343407563967,594.8343407563967,2.0,6.982781135854656,30.99139056792733,38.96556227170931,40.96556227170931,operando,ok,true,twin
DEMO_NE_WTG01,2026-01-06T03:00:00Z,7.104122653449205,584.7175149414024,584.7175149414024,584.7175149414024,2.0,6.949058383138008,30.974529191569005,38.89811676627602,40.89811676627602,operando,ok,true,twin
DEMO_NE_WTG02,2026-01-06T03:00:00Z,7.104122653449205,569.6625223036433,569.6625223036433,569.6625223036433,2.0,6.898875074345478,30.949437537172738,38.79775014869095,40.79775014869095,operando,ok,true,twin
DEMO_NE_WTG03,2026-01-06T03:00:00Z,7.104122653449205,554.848404367987,554.848404367987,554.848404367987,2.0,6.8494946812266235,30.92474734061331,38.69898936245325,40.69898936245325,operando,ok,true,twin
DEMO_NE_WTG04,2026-01-06T03:00:00Z,7.104122653449205,540.2732185965136,540.2732185965136,540.2732185965136,2.0,6.800910728655046,30.900455364327524,38.601821457310095,40.601821457310095,operando,ok,true,twin
DEMO_NE_WTG05,2026-01-06T03:00:00Z,7.104122653449205,525.935022451303,525.935022451303,525.935022451303,2.0,6.753116741504344,30.87655837075217,38.506233483008685,40.506233483008685,operando,ok,true,twin
DEMO_NE_WTG06,2026-01-06T03:00:00Z,7.104122653449205,511.8318733944346,511.8318733944346,511.8318733944346,2.0,6.706106244648115,30.853053122324056,38.41221248929623,40.41221248929623,operando,ok,true,twin
DEMO_NE_WTG01,2026-01-06T03:10:00Z,6.938555531705571,541.5285979863197,541.5285979863197,541.5285979863197,2.0,6.805095326621066,30.902547663310532,38.61019065324213,40.61019065324213,operando,ok,true,twin
DEMO_NE_WTG02,2026-01-06T03:10:00Z,6.938555531705571,527.5018691961526,527.5018691961526,527.5018691961526,2.0,6.7583395639871755,30.87916978199359,38.51667912797435,40.51667912797435,operando,ok,true,twin
DEMO_NE_WTG03,2026-01-06T03:10:00Z,6.938555531705571,513.6995632403305,513.6995632403305,513.6995632403305,2.0,6.7123318774677685,30.856165938733884,38.42466375493554,40.42466375493554,operando,ok,true,twin
DEMO_NE_WTG04,2026-01-06T03:10:00Z,6.938555531705571,500.11987025728644,500.11987025728644,500.11987025728644,2.0,6.667066234190955,30.833533117095477,38.33413246838191,40.33413246838191,operando,ok,true,twin
DEMO_NE_WTG05,2026-01-06T03:10:00Z,6.938555531705571,486.7609803854528,486.7609803854528,486.7609803854528,2.0,6.622536601284843,30.81126830064242,38.245073202569685,40.245073202569685,operando,ok,true,twin
DEMO_NE_WTG06,2026-01-06T03:10:00Z,6.938555531705571,473.6210837632626,473.6210837632626,473.6210837632626,2.0,6.578736945877542,30.789368472938772,38.15747389175508,40.15747389175508,operando,ok,true,twin
DEMO_NE_WTG01,2026-01-06T03:20:00Z,7.153334082024868,597.9496530906864,597.9496530906864,597.9496530906864,2.0,6.993165510302288,30.996582755151145,38.986331020604574,40.986331020604574,operando,ok,true,twin
DEMO_NE_WTG02,2026-01-06T03:20:00Z,7.153334082024868,582.5796229330141,582.5796229330141,582.5796229330141,2.0,6.94193207644338,30.97096603822169,38.88386415288676,40.88386415288676,operando,ok,true,twin
DEMO_NE_WTG03,2026-01-06T03:20:00Z,7.153334082024868,567.455507969366,567.455507969366,567.455507969366,2.0,6.891518359897886,30.945759179948944,38.783036719795774,40.783036719795774,operando,ok,true,twin
DEMO_NE_WTG04,2026-01-06T03:20:00Z,7.153334082024868,552.5753250126934,552.5753250126934,552.5753250126934,2.0,6.841917750042311,30.920958875021157,38.68383550008462,40.68383550008462,operando,ok,true,twin
DEMO_NE_WTG05,2026-01-06T03:20:00Z,7.153334082024868,537.9370908759473,537.9370908759473,537.9370908759473,2.0,6.793123636253157,30.896561818126578,38.58624727250631,40.58624727250631,operando,ok,true,twin
DEMO_NE_WTG06,2026-01-06T03:20:00Z,7.153334082024868,523.5388223720796,523.5388223720796,523.5388223720796,2.0,6.745129407906932,30.872564703953465,38.49025881581387,40.49025881581387,operando,ok,true,twin
DEMO_NE_WTG01,2026-01-06T03:30:00Z,7.275495484027506,631.5918847244365,631.5918847244365,631.5918847244365,2.0,7.105306282414789,31.052653141207394,39.210612564829574,41.210612564829574,operando,ok,true,twin
DEMO_NE_WTG02,2026-01-06T03:30:00Z,7.275495484027506,615.4208830912056,615.4208830912056,615.4208830912056,2.0,7.051402943637353,31.025701471818675,39.102805887274705,41.102805887274705,operando,ok,true,twin
DEMO_NE_WTG03,2026-01-06T03:30:00Z,7.275495484027506,599.5086119200101,599.5086119200101,599.5086119200101,2.0,6.998362039733367,30.999181019866683,38.99672407946673,40.99672407946673,operando,ok,true,twin
DEMO_NE_WTG04,2026-01-06T03:30:00Z,7.275495484027506,583.8529846748664,583.8529846748664,583.8529846748664,2.0,6.946176615582888,30.973088307791443,38.89235323116578,40.89235323116578,operando,ok,true,twin
DEMO_NE_WTG05,2026-01-06T03:30:00Z,7.275495484027506,568.4519148197902,568.4519148197902,568.4519148197902,2.0,6.894839716065968,30.947419858032983,38.78967943213193,40.78967943213193,operando,ok,true,twin
DEMO_NE_WTG06,2026-01-06T03:30:00Z,7.275495484027506,553.3033158187972,553.3033158187972,553.3033158187972,2.0,6.844344386062658,30.92217219303133,38.68868877212532,40.68868877212532,operando,ok,true,twin
DEMO_NE_WTG01,2026-01-06T03:40:00Z,6.89727475761682,531.0756743350149,531.0756743350149,531.0756743350149,2.0,6.770252247783383,30.88512612389169,38.540504495566765,40.540504495566765,operando,ok,true,twin
DEMO_NE_WTG02,2026-01-06T03:40:00Z,6.89727475761682,517.2978141030349,517.2978141030349,517.2978141030349,2.0,6.724326047010116,30.862163023505058,38.44865209402023,40.44865209402023,operando,ok,true,twin
DEMO_NE_WTG03,2026-01-06T03:40:00Z,6.89727475761682,503.7403948940994,503.7403948940994,503.7403948940994,2.0,6.679134649646998,30.8395673248235,38.358269299293994,40.358269299293994,operando,ok,true,twin
DEMO_NE_WTG04,2026-01-06T03:40:00Z,6.89727475761682,490.4016389580227,490.4016389580227,490.4016389580227,2.0,6.634672129860076,30.81733606493004,38.26934425972015,40.26934425972015,operando,ok,true,twin
DEMO_NE_WTG05,2026-01-06T03:40:00Z,6.89727475761682,477.27976854461855,477.27976854461855,477.27976854461855,2.0,6.5909325618153956,30.795466280907696,38.18186512363079,40.18186512363079,operando,ok,true,twin
DEMO_NE_WTG06,2026-01-06T03:40:00Z,6.89727475761682,464.37300590370165,464.37300590370165,464.37300590370165,2.0,6.547910019679006,30.773955009839504,38.09582003935801,40.09582003935801,operando,ok,true,twin
DEMO_NE_WTG01,2026-01-06T03:50:00Z,6.969819427221469,549.5283183730282,549.5283183730282,549.5283183730282,2.0,6.831761061243427,30.915880530621713,38.66352212248685,40.66352212248685,operando,ok,true,twin
DEMO_NE_WTG02,2026-01-06T03:50:00Z,6.969819427221469,535.3111281440375,535.3111281440375,535.3111281440375,2.0,6.784370427146792,30.892185213573395,38.56874085429358,40.56874085429358,operando,ok,true,twin
DEMO_NE_WTG03,2026-01-06T03:50:00Z,6.969819427221469,521.3214080668795,521.3214080668795,521.3214080668795,2.0,6.737738026889598,30.868869013444797,38.4754760537792,40.4754760537792,operando,ok,true,twin
DEMO_NE_WTG04,2026-01-06T03:50:00Z,6.969819427221469,507.55732370484543,507.55732370484543,507.55732370484543,2.0,6.691857745682818,30.84592887284141,38.383715491365635,40.383715491365635,operando,ok,true,twin
DEMO_NE_WTG05,2026-01-06T03:50:00Z,6.969819427221469,494.01704062122786,494.01704062122786,494.01704062122786,2.0,6.646723468737426,30.823361734368714,38.293446937474855,40.293446937474855,operando,ok,true,twin
DEMO_NE_WTG06,2026-01-06T03:50:00Z,6.969819427221469,480.69872437931747,480.69872437931747,480.69872437931747,2.0,6.602329081264392,30.801164540632197,38.20465816252879,40.20465816252879,operando,ok,true,twin
DEMO_NE_WTG01,2026-01-06T04:00:00Z,7.446604549662627,680.6499377227661,680.6499377227661,680.6499377227661,2.0,7.268833125742553,31.134416562871277,39.537666251485106,41.537666251485106,operando,ok,true,twin
DEMO_NE_WTG02,2026-01-06T04:00:00Z,7.446604549662627,663.3109368460279,663.3109368460279,663.3109368460279,2.0,7.211036456153426,31.10551822807671,39.42207291230685,41.42207291230685,operando,ok,true,twin
DEMO_NE_WTG03,2026-01-06T04:00:00Z,7.446604549662627,646.2493540173375,646.2493540173375,646.2493540173375,2.0,7.154164513391125,31.07708225669556,39.308329026782246,41.308329026782246,operando,ok,true,twin
DEMO_NE_WTG04,2026-01-06T04:00:00Z,7.446604549662627,629.4629519943728,629.4629519943728,629.4629519943728,2.0,7.0982098399812426,31.049104919990622,39.19641967996249,41.19641967996249,operando,ok,true,twin
DEMO_NE_WTG05,2026-01-06T04:00:00Z,7.446604549662627,612.9494935348102,612.9494935348102,612.9494935348102,2.0,7.043164978449367,31.021582489224684,39.08632995689874,41.08632995689874,operando,ok,true,twin
DEMO_NE_WTG06,2026-01-06T04:00:00Z,7.446604549662627,596.7067413963272,596.7067413963272,596.7067413963272,2.0,6.989022471321091,30.994511235660546,38.97804494264218,40.97804494264218,operando,ok,true,twin
DEMO_NE_WTG01,2026-01-06T04:10:00Z,7.20653266365846,612.4601092168435,612.4601092168435,612.4601092168435,2.0,7.041533697389479,31.020766848694738,39.08306739477896,41.08306739477896,operando,ok,true,twin
DEMO_NE_WTG02,2026-01-06T04:10:00Z,7.20653266365846,596.7446066903664,596.7446066903664,596.7446066903664,2.0,6.989148688967888,30.994574344483944,38.978297377935775,40.978297377935775,operando,ok,true,twin
DEMO_NE_WTG03,2026-01-06T04:10:00Z,7.20653266365846,581.2805467969445,581.2805467969445,581.2805467969445,2.0,6.9376018226564815,30.96880091132824,38.875203645312965,40.875203645312965,operando,ok,true,twin
DEMO_NE_WTG04,2026-01-06T04:10:00Z,7.20653266365846,566.0659017734077,566.0659017734077,566.0659017734077,2.0,6.886886339244692,30.943443169622345,38.77377267848939,40.77377267848939,operando,ok,true,twin
DEMO_NE_WTG05,2026-01-06T04:10:00Z,7.20653266365846,551.0986438565866,551.0986438565866,551.0986438565866,2.0,6.836995479521955,30.918497739760976,38.67399095904391,40.67399095904391,operando,ok,true,twin
DEMO_NE_WTG06,2026-01-06T04:10:00Z,7.20653266365846,536.3767452833113,536.3767452833113,536.3767452833113,2.0,6.787922484277704,30.89396124213885,38.57584496855541,40.57584496855541,operando,ok,true,twin
DEMO_NE_WTG01,2026-01-06T04:20:00Z,7.063139071984186,573.8367066647181,573.8367066647181,573.8367066647181,2.0,6.912789022215727,30.956394511107863,38.82557804443145,40.82557804443145,operando,ok,true,twin
DEMO_NE_WTG02,2026-01-06T04:20:00Z,7.063139071984186,559.040769881384,559.040769881384,559.040769881384,2.0,6.8634692329379465,30.931734616468972,38.72693846587589,40.72693846587589,operando,ok,true,twin
DEMO_NE_WTG03,2026-01-06T04:20:00Z,7.063139071984186,544.4815629956177,544.4815629956177,544.4815629956177,2.0,6.814938543318726,30.907469271659362,38.62987708663745,40.62987708663745,operando,ok,true,twin
DEMO_NE_WTG04,2026-01-06T04:20:00Z,7.063139071984186,530.157176895342,530.157176895342,530.157176895342,2.0,6.76719058965114,30.88359529482557,38.53438117930228,40.53438117930228,operando,ok,true,twin
DEMO_NE_WTG05,2026-01-06T04:20:00Z,7.063139071984186,516.0657024684799,516.0657024684799,516.0657024684799,2.0,6.720219008228266,30.860109504114135,38.44043801645653,40.44043801645653,operando,ok,true,twin
DEMO_NE_WTG06,2026-01-06T04:20:00Z,7.063139071984186,502.205230602954,502.205230602954,502.205230602954,2.0,6.67401743534318,30.83700871767159,38.34803487068636,40.34803487068636,operando,ok,true,twin
DEMO_NE_WTG01,2026-01-06T04:30:00Z,7.126846824389437,590.8049675828678,590.8049675828678,590.8049675828678,2.0,6.969349891942893,30.984674945971445,38.93869978388579,40.93869978388579,operando,ok,true,twin
DEMO_NE_WTG02,2026-01-06T04:30:00Z,7.126846824389437,575.6050417558449,575.6050417558449,575.6050417558449,2.0,6.918683472519483,30.95934173625974,38.837366945038966,40.837366945038966,operando,ok,true,twin
DEMO_NE_WTG03,2026-01-06T04:30:00Z,7.126846824389437,560.6483095120847,560.6483095120847,560.6483095120847,2.0,6.868827698373615,30.934413849186807,38.73765539674723,40.73765539674723,operando,ok,true,twin
DEMO_NE_WTG04,2026-01-06T04:30:00Z,7.126846824389437,545.9328096130128,545.9328096130128,545.9328096130128,2.0,6.819776032043376,30.90988801602169,38.63955206408675,40.63955206408675,operando,ok,true,twin
DEMO_NE_WTG05,2026-01-06T04:30:00Z,7.126846824389437,531.4565808200542,531.4565808200542,531.4565808200542,2.0,6.771521936066847,30.885760968033424,38.543043872133694,40.543043872133694,operando,ok,true,twin
DEMO_NE_WTG06,2026-01-06T04:30:00Z,7.126846824389437,517.2176618946343,517.2176618946343,517.2176618946343,2.0,6.7240588729821145,30.862029436491056,38.448117745964225,40.448117745964225,operando,ok,true,twin
DEMO_NE_WTG01,2026-01-06T04:40:00Z,6.860529756987033,521.875929861537,521.875929861537,521.875929861537,2.0,6.73958643287179,30.869793216435895,38.47917286574358,40.47917286574358,operando,ok,true,twin
DEMO_NE_WTG02,2026-01-06T04:40:00Z,6.860529756987033,508.31710185625076,508.31710185625076,508.31710185625076,2.0,6.694390339520836,30.84719516976042,38.38878067904167,40.38878067904167,operando,ok,true,twin
DEMO_NE_WTG03,2026-01-06T04:40:00Z,6.860529756987033,494.97521043374627,494.97521043374627,494.97521043374627,2.0,6.6499173681124875,30.824958684056245,38.29983473622497,40.29983473622497,operando,ok,true,twin
DEMO_NE_WTG04,2026-01-06T04:40:00Z,6.860529756987033,481.84850610545266,481.84850610545266,481.84850610545266,2.0,6.606161687018176,30.803080843509086,38.21232337403635,40.21232337403635,operando,ok,true,twin
DEMO_NE_WTG05,2026-01-06T04:40:00Z,6.860529756987033,468.93523938279924,468.93523938279924,468.93523938279924,2.0,6.563117464609331,30.781558732304667,38.12623492921866,40.12623492921866,operando,ok,true,twin
DEMO_NE_WTG06,2026-01-06T04:40:00Z,6.860529756987033,456.23366077721494,456.23366077721494,456.23366077721494,2.0,6.520778869257383,30.760389434628692,38.04155773851477,40.04155773851477,operando,ok,true,twin
DEMO_NE_WTG01,2026-01-06T04:50:00Z,6.947584923818204,543.8316295302708,543.8316295302708,543.8316295302708,2.0,6.812772098434236,30.90638604921712,38.625544196868475,40.625544196868475,operando,ok,true,twin
DEMO_NE_WTG02,2026-01-06T04:50:00Z,6.947584923818204,529.7500689859531,529.7500689859531,529.7500689859531,2.0,6.7658335632865105,30.882916781643257,38.53166712657302,40.53166712657302,operando,ok,true,twin
DEMO_NE_WTG03,2026-01-06T04:50:00Z,6.947584923818204,515.8938085651807,515.8938085651807,515.8938085651807,2.0,6.719646028550603,30.8598230142753,38.439292057101206,40.439292057101206,operando,ok,true,twin
DEMO_NE_WTG04,2026-01-06T04:50:00Z,6.947584923818204,502.261031331473,502.261031331473,502.261031331473,2.0,6.674203437771577,30.837101718885787,38.348406875543155,40.348406875543155,operando,ok,true,twin
DEMO_NE_WTG05,2026-01-06T04:50:00Z,6.947584923818204,488.84992034835,488.84992034835,488.84992034835,2.0,6.6294997344945,30.81474986724725,38.258999468989,40.258999468989,operando,ok,true,twin
DEMO_NE_WTG06,2026-01-06T04:50:00Z,6.947584923818204,475.6586586793316,475.6586586793316,475.6586586793316,2.0,6.585528862264439,30.79276443113222,38.17105772452888,40.17105772452888,operando,ok,true,twin
DEMO_NE_WTG01,2026-01-06T05:00:00Z,7.044585988811804,568.9523370487668,568.9523370487668,568.9523370487668,2.0,6.896507790162556,30.94825389508128,38.79301558032511,40.79301558032511,operando,ok,true,twin
DEMO_NE_WTG02,2026-01-06T05:00:00Z,7.044585988811804,554.2726898380463,554.2726898380463,554.2726898380463,2.0,6.847575632793488,30.923787816396743,38.69515126558697,40.69515126558697,operando,ok,true,twin
DEMO_NE_WTG03,2026-01-06T05:00:00Z,7.044585988811804,539.827911931745,539.827911931745,539.827911931745,2.0,6.799426373105817,30.89971318655291,38.598852746211634,40.598852746211634,operando,ok,true,twin
DEMO_NE_WTG04,2026-01-06T05:00:00Z,7.044585988811804,525.6161092225683,525.6161092225683,525.6161092225683,2.0,6.752053697408561,30.87602684870428,38.50410739481712,40.50410739481712,operando,ok,true,twin
DEMO_NE_WTG05,2026-01-06T05:00:00Z,7.044585988811804,511.63538760322336,511.63538760322336,511.63538760322336,2.0,6.7054512920107445,30.85272564600537,38.410902584021485,40.410902584021485,operando,ok,true,twin
DEMO_NE_WTG06,2026-01-06T05:00:00Z,7.044585988811804,497.88385296641576,497.88385296641576,497.88385296641576,2.0,6.659612843221386,30.829806421610694,38.31922568644277,40.31922568644277,operando,ok,true,twin
DEMO_NE_WTG01,2026-01-06T05:10:00Z,7.240497286648078,621.8370883406733,621.8370883406733,621.8370883406733,2.0,7.072790294468911,31.036395147234455,39.14558058893782,41.14558058893782,operando,ok,true,twin
DEMO_NE_WTG02,2026-01-06T05:10:00Z,7.240497286648078,605.8983338942027,605.8983338942027,605.8983338942027,2.0,7.019661112980676,31.00983055649034,39.03932222596135,41.03932222596135,operando,ok,true,twin
DEMO_NE_WTG03,2026-01-06T05:10:00Z,7.240497286648078,590.2145940346908,590.2145940346908,590.2145940346908,2.0,6.967381980115636,30.983690990057816,38.93476396023127,40.93476396023127,operando,ok,true,twin
DEMO_NE_WTG04,2026-01-06T05:10:00Z,7.240497286648078,574.7838121928884,574.7838121928884,574.7838121928884,2.0,6.915946040642961,30.957973020321482,38.83189208128592,40.83189208128592,operando,ok,true,twin
DEMO_NE_WTG05,2026-01-06T05:10:00Z,7.240497286648078,559.6039317995452,559.6039317995452,559.6039317995452,2.0,6.865346439331817,30.932673219665908,38.73069287866363,40.73069287866363,operando,ok,true,twin
DEMO_NE_WTG06,2026-01-06T05:10:00Z,7.240497286648078,544.672896285412,544.672896285412,544.672896285412,2.0,6.815576320951373,30.907788160475686,38.631152641902744,40.631152641902744,operando,ok,true,twin
DEMO_NE_WTG01,2026-01-06T05:20:00Z,7.013602857481561,560.8527484289176,560.8527484289176,560.8527484289176,2.0,6.8695091614297255,30.934754580714863,38.73901832285945,40.73901832285945,operando,ok,true,twin
DEMO_NE_WTG02,2026-01-06T05:20:00Z,7.013602857481561,546.3659403710482,546.3659403710482,546.3659403710482,2.0,6.821219801236827,30.910609900618415,38.64243960247366,40.64243960247366,operando,ok,true,twin
DEMO_NE_WTG03,2026-01-06T05:20:00Z,7.013602857481561,532.1109162575034,532.1109162575034,532.1109162575034,2.0,6.773703054191678,30.88685152709584,38.547406108383356,40.547406108383356,operando,ok,true,twin
DEMO_NE_WTG04,2026-01-06T05:20:00Z,7.013602857481561,518.0858068629263,518.0858068629263,518.0858068629263,2.0,6.726952689543088,30.863476344771545,38.45390537908617,40.45390537908617,operando,ok,true,twin
DEMO_NE_WTG05,2026-01-06T05:20:00Z,7.013602857481561,504.2887429619594,504.2887429619594,504.2887429619594,2.0,6.6809624765398645,30.84048123826993,38.36192495307973,40.36192495307973,operando,ok,true,twin
DEMO_NE_WTG06,2026-01-06T05:20:00Z,7.013602857481561,490.71785532924497,490.71785532924497,490.71785532924497,2.0,6.635726184430816,30.817863092215408,38.27145236886163,40.27145236886163,operando,ok,true,twin
DEMO_NE_WTG01,2026-01-06T05:30:00Z,7.033556963846905,566.060950510149,566.060950510149,566.060950510149,2.0,6.88686983503383,30.943434917516914,38.77373967006766,40.77373967006766,operando,ok,true,twin
DEMO_NE_WTG02,2026-01-06T05:30:00Z,7.033556963846905,551.4501429105301,551.4501429105301,551.4501429105301,2.0,6.8381671430351005,30.91908357151755,38.6763342860702,40.6763342860702,operando,ok,true,twin
DEMO_NE_WTG03,2026-01-06T05:30:00Z,7.033556963846905,537.0731032052385,537.0731032052385,537.0731032052385,2.0,6.790243677350795,30.895121838675397,38.58048735470159,40.58048735470159,operando,ok,true,twin
DEMO_NE_WTG04,2026-01-06T05:30:00Z,7.033556963846905,522.92794616932,522.92794616932,522.92794616932,2.0,6.743093153897733,30.871546576948866,38.486186307795464,40.486186307795464,operando,ok,true,twin
DEMO_NE_WTG05,2026-01-06T05:30:00Z,7.033556963846905,509.01278657782024,509.01278657782024,509.01278657782024,2.0,6.696709288592734,30.848354644296368,38.39341857718547,40.39341857718547,operando,ok,true,twin
DEMO_NE_WTG06,2026-01-06T05:30:00Z,7.033556963846905,495.3257392057853,495.3257392057853,495.3257392057853,2.0,6.651085797352618,30.825542898676307,38.302171594705236,40.302171594705236,operando,ok,true,twin
DEMO_NE_WTG01,2026-01-06T05:40:00Z,6.958971922244019,546.7445376959947,546.7445376959947,546.7445376959947,2.0,6.822481792319983,30.911240896159992,38.64496358463997,40.64496358463997,operando,ok,true,twin
DEMO_NE_WTG02,2026-01-06T05:40:00Z,6.958971922244019,532.5936251426584,532.5936251426584,532.5936251426584,2.0,6.775312083808862,30.88765604190443,38.55062416761772,40.55062416761772,operando,ok,true,twin
DEMO_NE_WTG03,2026-01-06T05:40:00Z,6.958971922244019,518.6691223211493,518.6691223211493,518.6691223211493,2.0,6.728897074403831,30.864448537201916,38.457794148807665,40.457794148807665,operando,ok,true,twin
DEMO_NE_WTG04,2026-01-06T05:40:00Z,6.958971922244019,504.9692033465325,504.9692033465325,504.9692033465325,2.0,6.683230677821775,30.841615338910888,38.36646135564355,40.36646135564355,operando,ok,true,twin
DEMO_NE_WTG05,2026-01-06T05:40:00Z,6.958971922244019,491.49204233387496,491.49204233387496,491.49204233387496,2.0,6.638306807779583,30.819153403889793,38.276613615559164,40.276613615559164,operando,ok,true,twin
DEMO_NE_WTG06,2026-01-06T05:40:00Z,6.958971922244019,478.23581339824176,478.23581339824176,478.23581339824176,2.0,6.594119377994139,30.79705968899707,38.18823875598828,40.18823875598828,operando,ok,true,twin
DEMO_NE_WTG01,2026-01-06T05:50:00Z,7.383853653686094,662.3937595379375,662.3937595379375,662.3937595379375,2.0,7.2079791984597925,31.103989599229894,39.415958396919585,41.415958396919585,operando,ok,true,twin
DEMO_NE_WTG02,2026-01-06T05:50:00Z,7.383853653686094,645.4894110985869,645.4894110985869,645.4894110985869,2.0,7.151631370328623,31.07581568516431,39.303262740657246,41.303262740657246,operando,ok,true,twin
DEMO_NE_WTG03,2026-01-06T05:50:00Z,7.383853653686094,628.8555264178406,628.8555264178406,628.8555264178406,2.0,7.096185088059469,31.048092544029736,39.192370176118935,41.192370176118935,operando,ok,true,twin
DEMO_NE_WTG04,2026-01-06T05:50:00Z,7.383853653686094,612.4899243363557,612.4899243363557,612.4899243363557,2.0,7.041633081121185,31.020816540560592,39.08326616224237,41.08326616224237,operando,ok,true,twin
DEMO_NE_WTG05,2026-01-06T05:50:00Z,7.383853653686094,596.3904236947882,596.3904236947882,596.3904236947882,2.0,6.987968078982627,30.993984039491313,38.97593615796526,40.97593615796526,operando,ok,true,twin
DEMO_NE_WTG06,2026-01-06T05:50:00Z,7.383853653686094,580.5548433337948,580.5548433337948,580.5548433337948,2.0,6.935182811112649,30.967591405556323,38.8703656222253,40.8703656222253,operando,ok,true,twin
DEMO_NE_WTG01,2026-01-06T06:00:00Z,7.138016062234263,593.8113002475112,593.8113002475112,593.8113002475112,2.0,6.979371000825037,30.98968550041252,38.95874200165007,40.95874200165007,operando,ok,true,twin
DEMO_NE_WTG02,2026-01-06T06:00:00Z,7.138016062234263,578.539798113166,578.539798113166,578.539798113166,2.0,6.928465993710553,30.964232996855277,38.856931987421106,40.856931987421106,operando,ok,true,twin
DEMO_NE_WTG03,2026-01-06T06:00:00Z,7.138016062234263,563.512634758373,563.512634758373,563.512634758373,2.0,6.878375449194577,30.93918772459729,38.75675089838916,40.75675089838916,operando,ok,true,twin
DEMO_NE_WTG04,2026-01-06T06:00:00Z,7.138016062234263,548.7278397091034,548.7278397091034,548.7278397091034,2.0,6.829092799030344,30.91454639951517,38.65818559806069,40.65818559806069,operando,ok,true,twin
DEMO_NE_WTG05,2026-01-06T06:00:00Z,7.138016062234263,534.1834424913285,534.1834424913285,534.1834424913285,2.0,6.780611474971095,30.890305737485548,38.56122294994219,40.56122294994219,operando,ok,true,twin
DEMO_NE_WTG06,2026-01-06T06:00:00Z,7.138016062234263,519.8774726310199,519.8774726310199,519.8774726310199,2.0,6.732924908770066,30.866462454385033,38.46584981754013,40.46584981754013,operando,ok,true,twin
DEMO_NE_WTG01,2026-01-06T06:10:00Z,7.650028551222384,741.9790788103071,741.9790788103071,741.9790788103071,2.0,7.473263596034357,31.23663179801718,39.946527192068714,41.946527192068714,operando,ok,true,twin
DEMO_NE_WTG02,2026-01-06T06:10:00Z,7.650028551222384,723.1799223420362,723.1799223420362,723.1799223420362,2.0,7.410599741140121,31.20529987057006,39.82119948228024,41.82119948228024,operando,ok,true,twin
DEMO_NE_WTG03,2026-01-06T06:10:00Z,7.650028551222384,704.68154590887,704.68154590887,704.68154590887,2.0,7.348938486362901,31.17446924318145,39.6978769727258,41.6978769727258,operando,ok,true,twin
DEMO_NE_WTG04,2026-01-06T06:10:00Z,7.650028551222384,686.4815238653637,686.4815238653637,686.4815238653637,2.0,7.2882717462178785,31.14413587310894,39.57654349243576,41.57654349243576,operando,ok,true,twin
DEMO_NE_WTG05,2026-01-06T06:10:00Z,7.650028551222384,668.577430566073,668.577430566073,668.577430566073,2.0,7.228591435220244,31.114295717610123,39.457182870440484,41.457182870440484,operando,ok,true,twin
DEMO_NE_WTG06,2026-01-06T06:10:00Z,7.650028551222384,650.9668403655539,650.9668403655539,650.9668403655539,2.0,7.16988946788518,31.08494473394259,39.33977893577036,41.33977893577036,operando,ok,true,twin
DEMO_NE_WTG01,2026-01-06T06:20:00Z,7.659186304886338,744.8181288668071,744.8181288668071,744.8181288668071,2.0,7.482727096222691,31.241363548111345,39.96545419244538,41.96545419244538,operando,ok,true,twin
DEMO_NE_WTG02,2026-01-06T06:20:00Z,7.659186304886338,725.9513788411973,725.9513788411973,725.9513788411973,2.0,7.419837929470658,31.20991896473533,39.83967585894131,41.83967585894131,operando,ok,true,twin
DEMO_NE_WTG03,2026-01-06T06:20:00Z,7.659186304886338,707.3864903243523,707.3864903243523,707.3864903243523,2.0,7.35795496774784,31.178977483873922,39.71590993549568,41.71590993549568,operando,ok,true,twin
DEMO_NE_WTG04,2026-01-06T06:20:00Z,7.659186304886338,689.1210289492653,689.1210289492653,689.1210289492653,2.0,7.297070096497551,31.148535048248775,39.5941401929951,41.5941401929951,operando,ok,true,twin
DEMO_NE_WTG05,2026-01-06T06:20:00Z,7.659186304886338,671.1525603489304,671.1525603489304,671.1525603489304,2.0,7.237175201163101,31.11858760058155,39.4743504023262,41.4743504023262,operando,ok,true,twin
DEMO_NE_WTG06,2026-01-06T06:20:00Z,7.659186304886338,653.4786501563416,653.4786501563416,653.4786501563416,2.0,7.178262167187805,31.0891310835939,39.35652433437561,41.35652433437561,operando,ok,true,twin
DEMO_NE_WTG01,2026-01-06T06:30:00Z,7.150899466426959,597.2907253472121,597.2907253472121,597.2907253472121,2.0,6.990969084490707,30.995484542245354,38.981938168981415,40.981938168981415,operando,ok,true,twin
DEMO_NE_WTG02,2026-01-06T06:30:00Z,7.150899466426959,581.9363832786275,581.9363832786275,581.9363832786275,2.0,6.939787944262092,30.969893972131047,38.87957588852419,40.87957588852419,operando,ok,true,twin
DEMO_NE_WTG03,2026-01-06T06:30:00Z,7.150899466426959,566.8277054000396,566.8277054000396,566.8277054000396,2.0,6.889425684666799,30.9447128423334,38.778851369333594,40.778851369333594,operando,ok,true,twin
DEMO_NE_WTG04,2026-01-06T06:30:00Z,7.150899466426959,551.9627105486255,551.9627105486255,551.9627105486255,2.0,6.839875701828752,30.919937850914376,38.679751403657505,40.679751403657505,operando,ok,true,twin
DEMO_NE_WTG05,2026-01-06T06:30:00Z,7.150899466426959,537.3394175615628,537.3394175615628,537.3394175615628,2.0,6.791131391871876,30.89556569593594,38.58226278374375,40.58226278374375,operando,ok,true,twin
DEMO_NE_WTG06,2026-01-06T06:30:00Z,7.150899466426959,522.9558452760289,522.9558452760289,522.9558452760289,2.0,6.7431861509200965,30.871593075460048,38.48637230184019,40.48637230184019,operando,ok,true,twin
DEMO_NE_WTG01,2026-01-06T06:40:00Z,7.314327690756035,642.5256905714555,642.5256905714555,642.5256905714555,2.0,7.141752301904852,31.070876150952426,39.2835046038097,41.2835046038097,operando,ok,true,twin
DEMO_NE_WTG02,2026-01-06T06:40:00Z,7.314327690756035,626.09437129051,626.09437129051,626.09437129051,2.0,7.086981237635033,31.04349061881752,39.173962475270066,41.173962475270066,operando,ok,true,twin
DEMO_NE_WTG03,2026-01-06T06:40:00Z,7.314327690756035,609.9259474643941,609.9259474643941,609.9259474643941,2.0,7.03308649154798,31.016543245773992,39.06617298309596,41.06617298309596,operando,ok,true,twin
DEMO_NE_WTG04,2026-01-06T06:40:00Z,7.314327690756035,594.0182989684715,594.0182989684715,594.0182989684715,2.0,6.980060996561572,30.990030498280785,38.960121993123146,40.960121993123146,operando,ok,true,twin
DEMO_NE_WTG05,2026-01-06T06:40:00Z,7.314327690756035,578.3693056781073,578.3693056781073,578.3693056781073,2.0,6.927897685593691,30.963948842796846,38.855795371187384,40.855795371187384,operando,ok,true,twin
DEMO_NE_WTG06,2026-01-06T06:40:00Z,7.314327690756035,562.9768474686653,562.9768474686653,562.9768474686653,2.0,6.876589491562218,30.938294745781107,38.753178983124435,40.753178983124435,operando,ok,true,twin
DEMO_NE_WTG01,2026-01-06T06:50:00Z,7.664912972230186,746.5969410473009,746.5969410473009,746.5969410473009,2.0,7.48865647015767,31.244328235078836,39.977312940315336,41.977312940315336,operando,ok,true,twin
DEMO_NE_WTG02,2026-01-06T06:50:00Z,7.664912972230186,727.6878401505462,727.6878401505462,727.6878401505462,2.0,7.425626133835154,31.212813066917576,39.851252267670304,41.851252267670304,operando,ok,true,twin
DEMO_NE_WTG03,2026-01-06T06:50:00Z,7.664912972230186,709.0812783619223,709.0812783619223,709.0812783619223,2.0,7.363604261206408,31.181802130603202,39.727208522412816,41.727208522412816,operando,ok,true,twin
DEMO_NE_WTG04,2026-01-06T06:50:00Z,7.664912972230186,690.7748158499119,690.7748158499119,690.7748158499119,2.0,7.302582719499706,31.15129135974985,39.605165438999414,41.605165438999414,operando,ok,true,twin
DEMO_NE_WTG05,2026-01-06T06:50:00Z,7.664912972230186,672.766012782998,672.766012782998,672.766012782998,2.0,7.242553375943327,31.121276687971662,39.485106751886654,41.485106751886654,operando,ok,true,twin
DEMO_NE_WTG06,2026-01-06T06:50:00Z,7.664912972230186,655.0524293296628,655.0524293296628,655.0524293296628,2.0,7.183508097765543,31.09175404888277,39.367016195531086,41.367016195531086,operando,ok,true,twin
DEMO_NE_WTG01,2026-01-06T07:00:00Z,7.3978842371421765,666.4488921437221,666.4488921437221,666.4488921437221,2.0,7.22149630714574,31.11074815357287,39.442992614291484,41.442992614291484,operando,ok,true,twin
DEMO_NE_WTG02,2026-01-06T07:00:00Z,7.3978842371421765,649.4479970310651,649.4479970310651,649.4479970310651,2.0,7.164826656770217,31.08241332838511,39.32965331354043,41.32965331354043,operando,ok,true,twin
DEMO_NE_WTG03,2026-01-06T07:00:00Z,7.3978842371421765,632.7191103905658,632.7191103905658,632.7191103905658,2.0,7.109063701301887,31.054531850650942,39.21812740260377,41.21812740260377,operando,ok,true,twin
DEMO_NE_WTG04,2026-01-06T07:00:00Z,7.3978842371421765,616.2600386055135,616.2600386055135,616.2600386055135,2.0,7.054200128685045,31.027100064342523,39.10840025737009,41.10840025737009,operando,ok,true,twin
DEMO_NE_WTG05,2026-01-06T07:00:00Z,7.3978842371421765,600.0685880591972,600.0685880591972,600.0685880591972,2.0,7.00022862686399,31.000114313431997,39.00045725372798,41.00045725372798,operando,ok,true,twin
DEMO_NE_WTG06,2026-01-06T07:00:00Z,7.3978842371421765,584.1425651349061,584.1425651349061,584.1425651349061,2.0,6.94714188378302,30.97357094189151,38.89428376756604,40.89428376756604,operando,ok,true,twin
DEMO_NE_WTG01,2026-01-06T07:10:00Z,7.394114941160896,665.3579739031018,665.3579739031018,665.3579739031018,2.0,7.21785991301034,31.10892995650517,39.43571982602068,41.43571982602068,operando,ok,true,twin
DEMO_NE_WTG02,2026-01-06T07:10:00Z,7.394114941160896,648.3830519304674,648.3830519304674,648.3830519304674,2.0,7.161276839768225,31.080638419884114,39.32255367953645,41.32255367953645,operando,ok,true,twin
DEMO_NE_WTG03,2026-01-06T07:10:00Z,7.394114941160896,631.6797228686876,631.6797228686876,631.6797228686876,2.0,7.105599076228959,31.052799538114478,39.21119815245792,41.21119815245792,operando,ok,true,twin
DEMO_NE_WTG04,2026-01-06T07:10:00Z,7.394114941160896,615.2457964523518,615.2457964523518,615.2457964523518,2.0,7.05081932150784,31.02540966075392,39.101638643015676,41.101638643015676,operando,ok,true,twin
DEMO_NE_WTG05,2026-01-06T07:10:00Z,7.394114941160896,599.0790824160501,599.0790824160501,599.0790824160501,2.0,6.996930274720167,30.998465137360082,38.993860549440335,40.993860549440335,operando,ok,true,twin
DEMO_NE_WTG06,2026-01-06T07:10:00Z,7.394114941160896,583.1773904943726,583.1773904943726,583.1773904943726,2.0,6.943924634981243,30.971962317490622,38.88784926996249,40.88784926996249,operando,ok,true,twin
DEMO_NE_WTG01,2026-01-06T07:20:00Z,8.012121031939353,859.4898870884255,859.4898870884255,859.4898870884255,2.0,7.864966290294751,31.432483145147376,40.729932580589505,42.729932580589505,operando,ok,true,twin
DEMO_NE_WTG02,2026-01-06T07:20:00Z,8.012121031939353,837.8929731311354,837.8929731311354,837.8929731311354,2.0,7.792976577103785,31.396488288551893,40.585953154207566,42.585953154207566,operando,ok,true,twin
DEMO_NE_WTG03,2026-01-06T07:20:00Z,8.012121031939353,816.6416023661257,816.6416023661257,816.6416023661257,2.0,7.722138674553753,31.361069337276877,40.4442773491075,42.4442773491075,operando,ok,true,twin
DEMO_NE_WTG04,2026-01-06T07:20:00Z,8.012121031939353,795.7329881547488,795.7329881547488,795.7329881547488,2.0,7.652443293849163,31.32622164692458,40.30488658769833,42.30488658769833,operando,ok,true,twin
DEMO_NE_WTG05,2026-01-06T07:20:00Z,8.012121031939353,775.164343858357,775.164343858357,775.164343858357,2.0,7.583881146194523,31.29194057309726,40.16776229238905,42.16776229238905,operando,ok,true,twin
DEMO_NE_WTG06,2026-01-06T07:20:00Z,8.012121031939353,754.9328828383034,754.9328828383034,754.9328828383034,2.0,7.516442942794345,31.25822147139717,40.03288588558869,42.03288588558869,operando,ok,true,twin
DEMO_NE_WTG01,2026-01-06T07:30:00Z,7.814835736012875,794.1181166145974,794.1181166145974,794.1181166145974,2.0,7.647060388715325,31.323530194357662,40.29412077743065,42.29412077743065,operando,ok,true,twin
DEMO_NE_WTG02,2026-01-06T07:30:00Z,7.814835736012875,774.0776072390947,774.0776072390947,774.0776072390947,2.0,7.580258690796983,31.29012934539849,40.16051738159396,42.16051738159396,operando,ok,true,twin
DEMO_NE_WTG03,2026-01-06T07:30:00Z,7.814835736012875,754.3577391180893,754.3577391180893,754.3577391180893,2.0,7.514525797060298,31.257262898530147,40.029051594120595,42.029051594120595,operando,ok,true,twin
DEMO_NE_WTG04,2026-01-06T07:30:00Z,7.814835736012875,734.9559264350122,734.9559264350122,734.9559264350122,2.0,7.449853088116708,31.224926544058352,39.899706176233416,41.899706176233416,operando,ok,true,twin
DEMO_NE_WTG05,2026-01-06T07:30:00Z,7.814835736012875,715.8695833732955,715.8695833732955,715.8695833732955,2.0,7.386231944577652,31.193115972288826,39.772463889155304,41.772463889155304,operando,ok,true,twin
DEMO_NE_WTG06,2026-01-06T07:30:00Z,7.814835736012875,697.0961241163704,697.0961241163704,697.0961241163704,2.0,7.323653747054568,31.161826873527286,39.647307494109135,41.647307494109135,operando,ok,true,twin
DEMO_NE_WTG01,2026-01-06T07:40:00Z,7.805789776621478,791.1984737679825,791.1984737679825,791.1984737679825,2.0,7.637328245893276,31.318664122946636,40.27465649178655,42.27465649178655,operando,ok,true,twin
DEMO_NE_WTG02,2026-01-06T07:40:00Z,7.805789776621478,771.2274767442292,771.2274767442292,771.2274767442292,2.0,7.570758255814097,31.28537912790705,40.1415165116282,42.1415165116282,operando,ok,true,twin
DEMO_NE_WTG03,2026-01-06T07:40:00Z,7.805789776621478,751.5760088012627,751.5760088012627,751.5760088012627,2.0,7.505253362670876,31.25262668133544,40.01050672534175,42.01050672534175,operando,ok,true,twin
DEMO_NE_WTG04,2026-01-06T07:40:00Z,7.805789776621478,732.2414930916574,732.2414930916574,732.2414930916574,2.0,7.440804976972192,31.220402488486094,39.881609953944384,41.881609953944384,operando,ok,true,twin
DEMO_NE_WTG05,2026-01-06T07:40:00Z,7.805789776621478,713.2213527679876,713.2213527679876,713.2213527679876,2.0,7.377404509226626,31.18870225461331,39.75480901845325,41.75480901845325,operando,ok,true,twin
DEMO_NE_WTG06,2026-01-06T07:40:00Z,7.805789776621478,694.513010982828,694.513010982828,694.513010982828,2.0,7.31504336994276,31.15752168497138,39.63008673988552,41.63008673988552,operando,ok,true,twin
DEMO_NE_WTG01,2026-01-06T07:50:00Z,8.085824262813928,884.7542679419423,884.7542679419423,884.7542679419423,2.0,7.949180893139808,31.474590446569906,40.898361786279615,42.898361786279615,operando,ok,true,twin
DEMO_NE_WTG02,2026-01-06T07:50:00Z,8.085824262813928,862.5558466699288,862.5558466699288,862.5558466699288,2.0,7.87518615556643,31.437593077783216,40.75037231113286,42.75037231113286,operando,ok,true,twin
DEMO_NE_WTG03,2026-01-06T07:50:00Z,8.085824262813928,840.7125925002649,840.7125925002649,840.7125925002649,2.0,7.802375308334216,31.40118765416711,40.60475061666843,42.60475061666843,operando,ok,true,twin
DEMO_NE_WTG04,2026-01-06T07:50:00Z,8.085824262813928,819.2216411821261,819.2216411821261,819.2216411821261,2.0,7.730738803940421,31.36536940197021,40.46147760788084,42.46147760788084,operando,ok,true,twin
DEMO_NE_WTG05,2026-01-06T07:50:00Z,8.085824262813928,798.0801284646864,798.0801284646864,798.0801284646864,2.0,7.660267094882288,31.330133547441143,40.32053418976457,42.32053418976457,operando,ok,true,twin
DEMO_NE_WTG06,2026-01-06T07:50:00Z,8.085824262813928,777.28519009712,777.28519009712,777.28519009712,2.0,7.590950633657068,31.295475316828533,40.18190126731413,42.18190126731413,operando,ok,true,twin
DEMO_NE_WTG01,2026-01-06T08:00:00Z,8.165247898436652,912.4999536735138,912.4999536735138,912.4999536735138,2.0,8.041666512245046,31.520833256122522,41.08333302449009,43.08333302449009,operando,ok,true,twin
DEMO_NE_WTG02,2026-01-06T08:00:00Z,8.165247898436652,889.640948909812,889.640948909812,889.640948909812,2.0,7.965469829699373,31.482734914849686,40.930939659398746,42.930939659398746,operando,ok,true,twin
DEMO_NE_WTG03,2026-01-06T08:00:00Z,8.165247898436652,867.1476803570343,867.1476803570343,867.1476803570343,2.0,7.89049226785678,31.44524613392839,40.780984535713564,42.780984535713564,operando,ok,true,twin
DEMO_NE_WTG04,2026-01-06T08:00:00Z,8.165247898436652,845.0171985296091,845.0171985296091,845.0171985296091,2.0,7.816723995098696,31.40836199754935,40.633447990197396,42.633447990197396,operando,ok,true,twin
DEMO_NE_WTG05,2026-01-06T08:00:00Z,8.165247898436652,823.2465539419642,823.2465539419642,823.2465539419642,2.0,7.7441551798065476,31.372077589903274,40.488310359613095,42.488310359613095,operando,ok,true,twin
DEMO_NE_WTG06,2026-01-06T08:00:00Z,8.165247898436652,801.8327971085278,801.8327971085278,801.8327971085278,2.0,7.6727759903617585,31.33638799518088,40.34555198072352,42.34555198072352,operando,ok,true,twin
DEMO_NE_WTG01,2026-01-06T08:10:00Z,7.798314297553758,788.7908149523668,788.7908149523668,788.7908149523668,2.0,7.629302716507889,31.314651358253943,40.25860543301578,42.25860543301578,operando,ok,true,twin
DEMO_NE_WTG02,2026-01-06T08:10:00Z,7.798314297553758,768.8771407024168,768.8771407024168,768.8771407024168,2.0,7.562923802341389,31.281461901170694,40.125847604682775,42.125847604682775,operando,ok,true,twin
DEMO_NE_WTG03,2026-01-06T08:10:00Z,7.798314297553758,749.2820783885962,749.2820783885962,749.2820783885962,2.0,7.4976069279619875,31.248803463980995,39.99521385592398,41.99521385592398,operando,ok,true,twin
DEMO_NE_WTG04,2026-01-06T08:10:00Z,7.798314297553758,730.003058559808,730.003058559808,730.003058559808,2.0,7.433343528532694,31.216671764266348,39.866687057065384,41.866687057065384,operando,ok,true,twin
DEMO_NE_WTG05,2026-01-06T08:10:00Z,7.798314297553758,711.0375117649536,711.0375117649536,711.0375117649536,2.0,7.3701250392165125,31.185062519608255,39.74025007843302,41.74025007843302,operando,ok,true,twin
DEMO_NE_WTG06,2026-01-06T08:10:00Z,7.798314297553758,692.3828685529352,692.3828685529352,692.3828685529352,2.0,7.307942895176451,31.153971447588226,39.6158857903529,41.6158857903529,operando,ok,true,twin
DEMO_NE_WTG01,2026-01-06T08:20:00Z,7.799400525000989,789.1403743072829,789.1403743072829,789.1403743072829,2.0,7.6304679143576095,31.315233957178805,40.26093582871522,42.26093582871522,operando,ok,true,twin
DEMO_NE_WTG02,2026-01-06T08:20:00Z,7.799400525000989,769.218377569237,769.218377569237,769.218377569237,2.0,7.564061258564124,31.282030629282062,40.12812251712825,42.12812251712825,operando,ok,true,twin
DEMO_NE_WTG03,2026-01-06T08:20:00Z,7.799400525000989,749.6151259242663,749.6151259242663,749.6151259242663,2.0,7.498717086414221,31.24935854320711,39.99743417282844,41.99743417282844,operando,ok,true,twin
DEMO_NE_WTG04,2026-01-06T08:20:00Z,7.799400525000989,730.3280488474273,730.3280488474273,730.3280488474273,2.0,7.434426829491425,31.21721341474571,39.86885365898285,41.86885365898285,operando,ok,true,twin
DEMO_NE_WTG05,2026-01-06T08:20:00Z,7.799400525000989,711.3545758137751,711.3545758137751,711.3545758137751,2.0,7.37118191937925,31.185590959689627,39.7423638387585,41.7423638387585,operando,ok,true,twin
DEMO_NE_WTG06,2026-01-06T08:20:00Z,7.799400525000989,692.6921362983663,692.6921362983663,692.6921362983663,2.0,7.3089737876612215,31.15448689383061,39.61794757532244,41.61794757532244,operando,ok,true,twin
DEMO_NE_WTG01,2026-01-06T08:30:00Z,8.101173992663812,890.074268905334,890.074268905334,890.074268905334,2.0,7.966914229684447,31.483457114842224,40.9338284593689,42.9338284593689,operando,ok,true,twin
DEMO_NE_WTG02,2026-01-06T08:30:00Z,8.101173992663812,867.7491863265436,867.7491863265436,867.7491863265436,2.0,7.892497287755145,31.446248643877574,40.78499457551029,42.78499457551029,operando,ok,true,twin
DEMO_NE_WTG03,2026-01-06T08:30:00Z,8.101173992663812,845.78129738743,845.78129738743,845.78129738743,2.0,7.819270991291432,31.409635495645716,40.638541982582865,42.638541982582865,operando,ok,true,twin
DEMO_NE_WTG04,2026-01-06T08:30:00Z,8.101173992663812,824.167721494125,824.167721494125,824.167721494125,2.0,7.74722573831375,31.373612869156876,40.4944514766275,42.4944514766275,operando,ok,true,twin
DEMO_NE_WTG05,2026-01-06T08:30:00Z,8.101173992663812,802.9055780527602,802.9055780527602,802.9055780527602,2.0,7.676351926842534,31.338175963421268,40.35270385368507,42.35270385368507,operando,ok,true,twin
DEMO_NE_WTG06,2026-01-06T08:30:00Z,8.101173992663812,781.9919864694676,781.9919864694676,781.9919864694676,2.0,7.606639954898226,31.303319977449114,40.21327990979645,42.21327990979645,operando,ok,true,twin
DEMO_NE_WTG01,2026-01-06T08:40:00Z,8.165070792460309,912.4374794680741,912.4374794680741,912.4374794680741,2.0,8.04145826489358,31.52072913244679,41.08291652978716,43.08291652978716,operando,ok,true,twin
DEMO_NE_WTG02,2026-01-06T08:40:00Z,8.165070792460309,889.579962122242,889.579962122242,889.579962122242,2.0,7.965266540407473,31.482633270203735,40.930533080814946,42.930533080814946,operando,ok,true,twin
DEMO_NE_WTG03,2026-01-06T08:40:00Z,8.165070792460309,867.0881571891603,867.0881571891603,867.0881571891603,2.0,7.8902938572972,31.4451469286486,40.780587714594404,42.780587714594404,operando,ok,true,twin
DEMO_NE_WTG04,2026-01-06T08:40:00Z,8.165070792460309,844.9591153751775,844.9591153751775,844.9591153751775,2.0,7.816530384583924,31.408265192291964,40.63306076916785,42.63306076916785,operando,ok,true,twin
DEMO_NE_WTG05,2026-01-06T08:40:00Z,8.165070792460309,823.1898873866423,823.1898873866423,823.1898873866423,2.0,7.7439662912888085,31.371983145644403,40.48793258257761,42.48793258257761,operando,ok,true,twin
DEMO_NE_WTG06,2026-01-06T08:40:00Z,8.165070792460309,801.7775239299041,801.7775239299041,801.7775239299041,2.0,7.672591746433014,31.336295873216507,40.34518349286603,42.34518349286603,operando,ok,true,twin
DEMO_NE_WTG01,2026-01-06T08:50:00Z,8.26571740846841,948.3792617079638,948.3792617079638,948.3792617079638,2.0,8.161264205693213,31.580632102846607,41.32252841138643,43.32252841138643,operando,ok,true,twin
DEMO_NE_WTG02,2026-01-06T08:50:00Z,8.26571740846841,924.6660240083721,924.6660240083721,924.6660240083721,2.0,8.082220080027907,31.541110040013955,41.16444016005582,43.16444016005582,operando,ok,true,twin
DEMO_NE_WTG03,2026-01-06T08:50:00Z,8.26571740846841,901.3321899527558,901.3321899527558,901.3321899527558,2.0,8.004440633175852,31.502220316587927,41.00888126635171,43.00888126635171,operando,ok,true,twin
DEMO_NE_WTG04,2026-01-06T08:50:00Z,8.26571740846841,878.3746998343079,878.3746998343079,878.3746998343079,2.0,7.927915666114359,31.46395783305718,40.85583133222872,42.85583133222872,operando,ok,true,twin
DEMO_NE_WTG05,2026-01-06T08:50:00Z,8.26571740846841,855.7904939462231,855.7904939462231,855.7904939462231,2.0,7.852634979820744,31.42631748991037,40.705269959641484,42.705269959641484,operando,ok,true,twin
DEMO_NE_WTG06,2026-01-06T08:50:00Z,8.26571740846841,833.5765125816952,833.5765125816952,833.5765125816952,2.0,7.778588375272317,31.38929418763616,40.557176750544635,42.557176750544635,operando,ok,true,twin
DEMO_NE_WTG01,2026-01-06T09:00:00Z,8.52036071794761,1043.2958823741822,1043.2958823741822,1043.2958823741822,2.0,8.477652941247275,31.738826470623636,41.95530588249455,43.95530588249455,operando,ok,true,twin
DEMO_NE_WTG02,2026-01-06T09:00:00Z,8.52036071794761,1017.3228211724594,1017.3228211724594,1017.3228211724594,2.0,8.391076070574865,31.695538035287434,41.78215214114973,43.78215214114973,operando,ok,true,twin
DEMO_NE_WTG03,2026-01-06T09:00:00Z,8.52036071794761,991.765320013189,991.765320013189,991.765320013189,2.0,8.305884400043963,31.652942200021982,41.61176880008793,43.61176880008793,operando,ok,true,twin
DEMO_NE_WTG04,2026-01-06T09:00:00Z,8.52036071794761,966.620027605706,966.620027605706,966.620027605706,2.0,8.222066758685687,31.611033379342842,41.44413351737137,43.44413351737137,operando,ok,true,twin
DEMO_NE_WTG05,2026-01-06T09:00:00Z,8.52036071794761,941.8835926593456,941.8835926593456,941.8835926593456,2.0,8.139611975531151,31.569805987765577,41.279223951062306,43.279223951062306,operando,ok,true,twin
DEMO_NE_WTG06,2026-01-06T09:00:00Z,8.52036071794761,917.5526638834424,917.5526638834424,917.5526638834424,2.0,8.058508879611475,31.529254439805737,41.117017759222946,43.117017759222946,operando,ok,true,twin
DEMO_NE_WTG01,2026-01-06T09:10:00Z,8.553407839410538,1056.0388671323267,1056.0388671323267,1056.0388671323267,2.0,8.520129557107756,31.76006477855388,42.04025911421551,44.04025911421551,operando,ok,true,twin
DEMO_NE_WTG02,2026-01-06T09:10:00Z,8.553407839410538,1029.762414425074,1029.762414425074,1029.762414425074,2.0,8.432541381416913,31.716270690708456,41.86508276283382,43.86508276283382,operando,ok,true,twin
DEMO_NE_WTG03,2026-01-06T09:10:00Z,8.553407839410538,1003.9063759199713,1003.9063759199713,1003.9063759199713,2.0,8.346354586399904,31.673177293199952,41.69270917279981,43.69270917279981,operando,ok,true,twin
DEMO_NE_WTG04,2026-01-06T09:10:00Z,8.553407839410538,978.4673611799045,978.4673611799045,978.4673611799045,2.0,8.261557870599681,31.63077893529984,41.52311574119936,43.52311574119936,operando,ok,true,twin
DEMO_NE_WTG05,2026-01-06T09:10:00Z,8.553407839410538,953.4419797677602,953.4419797677602,953.4419797677602,2.0,8.178139932559201,31.5890699662796,41.3562798651184,43.3562798651184,operando,ok,true,twin
DEMO_NE_WTG06,2026-01-06T09:10:00Z,8.553407839410538,928.8268412464242,928.8268412464242,928.8268412464242,2.0,8.096089470821415,31.548044735410706,41.19217894164283,43.19217894164283,operando,ok,true,twin
DEMO_NE_WTG01,2026-01-06T09:20:00Z,8.843713745922395,1172.2717963363311,1172.2717963363311,1172.2717963363311,2.0,8.907572654454437,31.95378632722722,42.815145308908875,44.815145308908875,operando,ok,true,twin
DEMO_NE_WTG02,2026-01-06T09:20:00Z,8.843713745922395,1143.2280105393295,1143.2280105393295,1143.2280105393295,2.0,8.810760035131098,31.905380017565548,42.6215200702622,44.6215200702622,operando,ok,true,twin
DEMO_NE_WTG03,2026-01-06T09:20:00Z,8.843713745922395,1114.6489153217337,1114.6489153217337,1114.6489153217337,2.0,8.71549638440578,31.85774819220289,42.43099276881156,44.43099276881156,operando,ok,true,twin
DEMO_NE_WTG04,2026-01-06T09:20:00Z,8.843713745922395,1086.5307631788723,1086.5307631788723,1086.5307631788723,2.0,8.621769210596241,31.81088460529812,42.24353842119248,44.24353842119248,operando,ok,true,twin
DEMO_NE_WTG05,2026-01-06T09:20:00Z,8.843713745922395,1058.8698066060706,1058.8698066060706,1058.8698066060706,2.0,8.529566022020235,31.764783011010117,42.05913204404047,44.05913204404047,operando,ok,true,twin
DEMO_NE_WTG06,2026-01-06T09:20:00Z,8.843713745922395,1031.6622980986585,1031.6622980986585,1031.6622980986585,2.0,8.438874326995528,31.719437163497766,41.877748653991056,43.877748653991056,operando,ok,true,twin
DEMO_NE_WTG01,2026-01-06T09:30:00Z,8.296997983032284,959.7298016360916,959.7298016360916,959.7298016360916,2.0,8.199099338786972,31.599549669393486,41.398198677573944,43.398198677573944,operando,ok,true,twin
DEMO_NE_WTG02,2026-01-06T09:30:00Z,8.296997983032284,935.7463244704143,935.7463244704143,935.7463244704143,2.0,8.11915441490138,31.55957720745069,41.23830882980276,43.23830882980276,operando,ok,true,twin
DEMO_NE_WTG03,2026-01-06T09:30:00Z,8.296997983032284,912.1465746871862,912.1465746871862,912.1465746871862,2.0,8.040488582290621,31.52024429114531,41.08097716458124,43.08097716458124,operando,ok,true,twin
DEMO_NE_WTG04,2026-01-06T09:30:00Z,8.296997983032284,888.9274577107423,888.9274577107423,888.9274577107423,2.0,7.963091525702474,31.481545762851237,40.92618305140495,42.92618305140495,operando,ok,true,twin
DEMO_NE_WTG05,2026-01-06T09:30:00Z,8.296997983032284,866.0858789654174,866.0858789654174,866.0858789654174,2.0,7.886952929884725,31.443476464942364,40.77390585976945,42.77390585976945,operando,ok,true,twin
DEMO_NE_WTG06,2026-01-06T09:30:00Z,8.296997983032284,843.618743875547,843.618743875547,843.618743875547,2.0,7.8120624795851565,31.40603123979258,40.62412495917032,42.62412495917032,operando,ok,true,twin
DEMO_NE_WTG01,2026-01-06T09:40:00Z,8.58367013480057,1067.7947179876348,1067.7947179876348,1067.7947179876348,2.0,8.55931572662545,31.779657863312725,42.1186314532509,44.1186314532509,operando,ok,true,twin
DEMO_NE_WTG02,2026-01-06T09:40:00Z,8.58367013480057,1041.2383759642232,1041.2383759642232,1041.2383759642232,2.0,8.470794586547411,31.735397293273707,41.94158917309482,43.94158917309482,operando,ok,true,twin
DEMO_NE_WTG03,2026-01-06T09:40:00Z,8.58367013480057,1015.1069262757164,1015.1069262757164,1015.1069262757164,2.0,8.383689754252389,31.691844877126194,41.767379508504774,43.767379508504774,operando,ok,true,twin
DEMO_NE_WTG04,2026-01-06T09:40:00Z,8.58367013480057,989.3969423710266,989.3969423710266,989.3969423710266,2.0,8.297989807903422,31.64899490395171,41.59597961580684,43.59597961580684,operando,ok,true,twin
DEMO_NE_WTG05,2026-01-06T09:40:00Z,8.58367013480057,964.1049976990653,964.1049976990653,964.1049976990653,2.0,8.21368332566355,31.606841662831776,41.427366651327105,43.427366651327105,operando,ok,true,twin
DEMO_NE_WTG06,2026-01-06T09:40:00Z,8.58367013480057,939.227665708746,939.227665708746,939.227665708746,2.0,8.13075888569582,31.56537944284791,41.26151777139164,43.26151777139164,operando,ok,true,twin
DEMO_NE_WTG01,2026-01-06T09:50:00Z,8.613358865255403,1079.4085919864724,1079.4085919864724,1079.4085919864724,2.0,8.598028639954908,31.799014319977452,42.196057279909816,44.196057279909816,operando,ok,true,twin
DEMO_NE_WTG02,2026-01-06T09:50:00Z,8.613358865255403,1052.5757409045923,1052.5757409045923,1052.5757409045923,2.0,8.508585803015308,31.754292901507654,42.017171606030615,44.017171606030615,operando,ok,true,twin
DEMO_NE_WTG03,2026-01-06T09:50:00Z,8.613358865255403,1026.1722062074127,1026.1722062074127,1026.1722062074127,2.0,8.420574020691376,31.710287010345688,41.84114804138275,43.84114804138275,operando,ok,true,twin
DEMO_NE_WTG04,2026-01-06T09:50:00Z,8.613358865255403,1000.1945256660232,1000.1945256660232,1000.1945256660232,2.0,8.333981752220078,31.666990876110038,41.66796350444015,43.66796350444015,operando,ok,true,twin
DEMO_NE_WTG05,2026-01-06T09:50:00Z,8.613358865255403,974.6392370515158,974.6392370515158,974.6392370515158,2.0,8.248797456838386,31.624398728419195,41.49759491367677,43.49759491367677,operando,ok,true,twin
DEMO_NE_WTG06,2026-01-06T09:50:00Z,8.613358865255403,949.5028781349816,949.5028781349816,949.5028781349816,2.0,8.165009593783273,31.582504796891637,41.33001918756654,43.33001918756654,operando,ok,true,twin
DEMO_NE_WTG01,2026-01-06T10:00:00Z,9.053170775446954,1261.0176037057156,1261.0176037057156,1261.0176037057156,2.0,9.203392012352385,32.10169600617619,43.40678402470477,45.40678402470477,operando,ok,true,twin
DEMO_NE_WTG02,2026-01-06T10:00:00Z,9.053170775446954,1229.8609122890105,1229.8609122890105,1229.8609122890105,2.0,9.0995363742967,32.04976818714835,43.1990727485934,45.1990727485934,operando,ok,true,twin
DEMO_NE_WTG03,2026-01-06T10:00:00Z,9.053170775446954,1199.2027172146202,1199.2027172146202,1199.2027172146202,2.0,8.997342390715401,31.9986711953577,42.9946847814308,44.9946847814308,operando,ok,true,twin
DEMO_NE_WTG04,2026-01-06T10:00:00Z,9.053170775446954,1169.0389983507541,1169.0389983507541,1169.0389983507541,2.0,8.89679666116918,31.948398330584588,42.79359332233836,44.79359332233836,operando,ok,true,twin
DEMO_NE_WTG05,2026-01-06T10:00:00Z,9.053170775446954,1139.3657355656171,1139.3657355656171,1139.3657355656171,2.0,8.797885785218723,31.898942892609362,42.59577157043745,44.59577157043745,operando,ok,true,twin
DEMO_NE_WTG06,2026-01-06T10:00:00Z,9.053170775446954,1110.178908727418,1110.178908727418,1110.178908727418,2.0,8.700596362424728,31.850298181212363,42.40119272484945,44.40119272484945,operando,ok,true,twin
DEMO_NE_WTG01,2026-01-06T10:10:00Z,8.698212392265273,1113.0461575125112,1113.0461575125112,1113.0461575125112,2.0,8.710153858375037,31.85507692918752,42.420307716750074,44.420307716750074,operando,ok,true,twin
DEMO_NE_WTG02,2026-01-06T10:10:00Z,8.698212392265273,1085.4124460481544,1085.4124460481544,1085.4124460481544,2.0,8.618041486827181,31.80902074341359,42.23608297365436,44.23608297365436,operando,ok,true,twin
DEMO_NE_WTG03,2026-01-06T10:10:00Z,8.698212392265273,1058.2208644590569,1058.2208644590569,1058.2208644590569,2.0,8.52740288153019,31.763701440765097,42.05480576306038,44.05480576306038,operando,ok,true,twin
DEMO_NE_WTG04,2026-01-06T10:10:00Z,8.698212392265273,1031.4678471817108,1031.4678471817108,1031.4678471817108,2.0,8.43822615727237,31.719113078636184,41.876452314544736,43.876452314544736,operando,ok,true,twin
DEMO_NE_WTG05,2026-01-06T10:10:00Z,8.698212392265273,1005.1498286526041,1005.1498286526041,1005.1498286526041,2.0,8.350499428842014,31.675249714421007,41.70099885768403,43.70099885768403,operando,ok,true,twin
DEMO_NE_WTG06,2026-01-06T10:10:00Z,8.698212392265273,979.2632433082271,979.2632433082271,979.2632433082271,2.0,8.264210811027423,31.632105405513713,41.52842162205485,43.52842162205485,operando,ok,true,twin
DEMO_NE_WTG01,2026-01-06T10:20:00Z,8.731310998579588,1126.3463968719532,1126.3463968719532,1126.3463968719532,2.0,8.754487989573176,31.87724399478659,42.508975979146356,44.508975979146356,operando,ok,true,twin
DEMO_NE_WTG02,2026-01-06T10:20:00Z,8.731310998579588,1098.3960264992038,1098.3960264992038,1098.3960264992038,2.0,8.66132008833068,31.83066004416534,42.32264017666136,44.32264017666136,operando,ok,true,twin
DEMO_NE_WTG03,2026-01-06T10:20:00Z,8.731310998579588,1070.8928524352937,1070.8928524352937,1070.8928524352937,2.0,8.569642841450978,31.78482142072549,42.139285682901956,44.139285682901956,operando,ok,true,twin
DEMO_NE_WTG04,2026-01-06T10:20:00Z,8.731310998579588,1043.8332682583766,1043.8332682583766,1043.8332682583766,2.0,8.479444227527923,31.73972211376396,41.95888845505584,43.95888845505584,operando,ok,true,twin
DEMO_NE_WTG05,2026-01-06T10:20:00Z,8.731310998579588,1017.2136675466081,1017.2136675466081,1017.2136675466081,2.0,8.39071222515536,31.69535611257768,41.78142445031072,43.78142445031072,operando,ok,true,twin
DEMO_NE_WTG06,2026-01-06T10:20:00Z,8.731310998579588,991.0304438781423,991.0304438781423,991.0304438781423,2.0,8.30343481292714,31.651717406463572,41.60686962585428,43.60686962585428,operando,ok,true,twin
DEMO_NE_WTG01,2026-01-06T10:30:00Z,8.985924010257282,1232.0721010718694,1232.0721010718694,1232.0721010718694,2.0,9.106907003572898,32.05345350178645,43.2138140071458,45.2138140071458,operando,ok,true,twin
DEMO_NE_WTG02,2026-01-06T10:30:00Z,8.985924010257282,1201.6045590019683,1201.6045590019683,1201.6045590019683,2.0,9.005348530006561,32.00267426500328,43.01069706001312,45.01069706001312,operando,ok,true,twin
DEMO_NE_WTG03,2026-01-06T10:30:00Z,8.985924010257282,1171.6244871219549,1171.6244871219549,1171.6244871219549,2.0,8.905414957073182,31.952707478536592,42.81082991414637,44.81082991414637,operando,ok,true,twin
DEMO_NE_WTG04,2026-01-06T10:30:00Z,8.985924010257282,1142.1279542206216,1142.1279542206216,1142.1279542206216,2.0,8.807093180735405,31.903546590367704,42.614186361470814,44.614186361470814,operando,ok,true,twin
DEMO_NE_WTG05,2026-01-06T10:30:00Z,8.985924010257282,1113.1110290867596,1113.1110290867596,1113.1110290867596,2.0,8.710370096955865,31.85518504847793,42.42074019391173,44.42074019391173,operando,ok,true,twin
DEMO_NE_WTG06,2026-01-06T10:30:00Z,8.985924010257282,1084.5697805091593,1084.5697805091593,1084.5697805091593,2.0,8.615232601697198,31.8076163008486,42.230465203394395,44.230465203394395,operando,ok,true,twin
DEMO_NE_WTG01,2026-01-06T10:40:00Z,9.040519049917865,1255.5388431674053,1255.5388431674053,1255.5388431674053,2.0,9.185129477224685,32.09256473861234,43.37025895444937,45.37025895444937,operando,ok,true,twin
DEMO_NE_WTG02,2026-01-06T10:40:00Z,9.040519049917865,1224.5125928867212,1224.5125928867212,1224.5125928867212,2.0,9.08170864295574,32.040854321477866,43.16341728591148,45.16341728591148,operando,ok,true,twin
DEMO_NE_WTG03,2026-01-06T10:40:00Z,9.040519049917865,1193.982751935059,1193.982751935059,1193.982751935059,2.0,8.979942506450197,31.9899712532251,42.95988501290039,44.95988501290039,operando,ok,true,twin
DEMO_NE_WTG04,2026-01-06T10:40:00Z,9.040519049917865,1163.9453170113777,1163.9453170113777,1163.9453170113777,2.0,8.879817723371259,31.93990886168563,42.759635446742514,44.759635446742514,operando,ok,true,twin
DEMO_NE_WTG05,2026-01-06T10:40:00Z,9.040519049917865,1134.3962848146366,1134.3962848146366,1134.3962848146366,2.0,8.781320949382122,31.89066047469106,42.56264189876424,44.56264189876424,operando,ok,true,twin
DEMO_NE_WTG06,2026-01-06T10:40:00Z,9.040519049917865,1105.3316520437954,1105.3316520437954,1105.3316520437954,2.0,8.684438840145985,31.842219420072993,42.36887768029197,44.36887768029197,operando,ok,true,twin
DEMO_NE_WTG01,2026-01-06T10:50:00Z,9.012928944961635,1243.6441782055203,1243.6441782055203,1243.6441782055203,2.0,9.145480594018402,32.0727402970092,43.2909611880368,45.2909611880368,operando,ok,true,twin
DEMO_NE_WTG02,2026-01-06T10:50:00Z,9.012928944961635,1212.9011221983176,1212.9011221983176,1212.9011221983176,2.0,9.043003740661058,32.02150187033053,43.08600748132211,45.08600748132211,operando,ok,true,twin
DEMO_NE_WTG03,2026-01-06T10:50:00Z,9.012928944961635,1182.6499445092015,1182.6499445092015,1182.6499445092015,2.0,8.942166481697338,31.97108324084867,42.88433296339468,44.88433296339468,operando,ok,true,twin
DEMO_NE_WTG04,2026-01-06T10:50:00Z,9.012928944961635,1152.8866783775427,1152.8866783775427,1152.8866783775427,2.0,8.842955594591809,31.921477797295903,42.68591118918362,44.68591118918362,operando,ok,true,twin
DEMO_NE_WTG05,2026-01-06T10:50:00Z,9.012928944961635,1123.6073570427109,1123.6073570427109,1123.6073570427109,2.0,8.745357856809036,31.872678928404518,42.49071571361807,44.49071571361807,operando,ok,true,twin
DEMO_NE_WTG06,2026-01-06T10:50:00Z,9.012928944961635,1094.8080137440775,1094.8080137440775,1094.8080137440775,2.0,8.64936004581359,31.824680022906797,42.29872009162718,44.29872009162718,operando,ok,true,twin
DEMO_NE_WTG01,2026-01-06T11:00:00Z,9.064856890191756,1266.0918348663404,1266.0918348663404,1266.0918348663404,2.0,9.220306116221135,32.11015305811057,43.44061223244227,45.44061223244227,operando,ok,true,twin
DEMO_NE_WTG02,2026-01-06T11:00:00Z,9.064856890191756,1234.8143335561558,1234.8143335561558,1234.8143335561558,2.0,9.116047778520521,32.05802388926026,43.23209555704104,45.23209555704104,operando,ok,true,twin
DEMO_NE_WTG03,2026-01-06T11:00:00Z,9.064856890191756,1204.0372615050157,1204.0372615050157,1204.0372615050157,2.0,9.013457538350053,32.00672876917503,43.02691507670011,45.02691507670011,operando,ok,true,twin
DEMO_NE_WTG04,2026-01-06T11:00:00Z,9.064856890191756,1173.7565829930872,1173.7565829930872,1173.7565829930872,2.0,8.91252194331029,31.956260971655144,42.825043886620584,44.825043886620584,operando,ok,true,twin
DEMO_NE_WTG05,2026-01-06T11:00:00Z,9.064856890191756,1143.9682623005408,1143.9682623005408,1143.9682623005408,2.0,8.813227541001803,31.9066137705009,42.6264550820036,44.6264550820036,operando,ok,true,twin
DEMO_NE_WTG06,2026-01-06T11:00:00Z,9.064856890191756,1114.668263707544,1114.668263707544,1114.668263707544,2.0,8.715560879025146,31.857780439512574,42.431121758050296,44.431121758050296,operando,ok,true,twin
DEMO_NE_WTG01,2026-01-06T11:10:00Z,9.607485778650474,1516.4149600757755,1516.4149600757755,1516.4149600757755,2.0,10.054716533585918,32.52735826679296,45.109433067171835,47.109433067171835,operando,ok,true,twin
DEMO_NE_WTG02,2026-01-06T11:10:00Z,9.607485778650474,1479.1776376351647,1479.1776376351647,1479.1776376351647,2.0,9.930592125450548,32.46529606272527,44.8611842509011,46.8611842509011,operando,ok,true,twin
DEMO_NE_WTG03,2026-01-06T11:10:00Z,9.607485778650474,1442.5360995410379,1442.5360995410379,1442.5360995410379,2.0,9.808453665136792,32.4042268325684,44.616907330273584,46.616907330273584,operando,ok,true,twin
DEMO_NE_WTG04,2026-01-06T11:10:00Z,9.607485778650474,1406.485541080922,1406.485541080922,1406.485541080922,2.0,9.688285136936408,32.3441425684682,44.376570273872815,46.376570273872815,operando,ok,true,twin
DEMO_NE_WTG05,2026-01-06T11:10:00Z,9.607485778650474,1371.0211575423461,1371.0211575423461,1371.0211575423461,2.0,9.570070525141155,32.285035262570574,44.14014105028231,46.14014105028231,operando,ok,true,twin
DEMO_NE_WTG06,2026-01-06T11:10:00Z,9.607485778650474,1336.1381442128393,1336.1381442128393,1336.1381442128393,2.0,9.453793814042797,32.2268969070214,43.907587628085594,45.907587628085594,operando,ok,true,twin
DEMO_NE_WTG01,2026-01-06T11:20:00Z,9.341625765191058,1390.1341302822066,1390.1341302822066,1390.1341302822066,2.0,9.633780434274023,32.31689021713701,44.267560868548046,46.267560868548046,operando,ok,true,twin
DEMO_NE_WTG02,2026-01-06T11:20:00Z,9.341625765191058,1355.9033664931067,1355.9033664931067,1355.9033664931067,2.0,9.519677888310355,32.25983894415518,44.03935577662071,46.03935577662071,operando,ok,true,twin
DEMO_NE_WTG03,2026-01-06T11:20:00Z,9.341625765191058,1322.2202831465581,1322.2202831465581,1322.2202831465581,2.0,9.40740094382186,32.20370047191093,43.814801887643725,45.814801887643725,operando,ok,true,twin
DEMO_NE_WTG04,2026-01-06T11:20:00Z,9.341625765191058,1289.0804634647989,1289.0804634647989,1289.0804634647989,2.0,9.296934878215996,32.148467439107996,43.59386975643199,45.59386975643199,operando,ok,true,twin
DEMO_NE_WTG05,2026-01-06T11:20:00Z,9.341625765191058,1256.4794906700656,1256.4794906700656,1256.4794906700656,2.0,9.188264968900217,32.09413248445011,43.376529937800434,45.376529937800434,operando,ok,true,twin
DEMO_NE_WTG06,2026-01-06T11:20:00Z,9.341625765191058,1224.412947984596,1224.412947984596,1224.412947984596,2.0,9.081376493281986,32.040688246641,43.16275298656397,45.16275298656397,operando,ok,true,twin
DEMO_NE_WTG01,2026-01-06T11:30:00Z,9.703506208353936,1563.7796388288048,1563.7796388288048,1563.7796388288048,2.0,10.212598796096017,32.60629939804801,45.425197592192035,47.425197592192035,operando,ok,true,twin
DEMO_NE_WTG02,2026-01-06T11:30:00Z,9.703506208353936,1525.414633865727,1525.414633865727,1525.414633865727,2.0,10.08471544621909,32.542357723109546,45.16943089243818,47.16943089243818,operando,ok,true,twin
DEMO_NE_WTG03,2026-01-06T11:30:00Z,9.703506208353936,1487.6634557814805,1487.6634557814805,1487.6634557814805,2.0,9.958878185938268,32.47943909296914,44.917756371876536,46.917756371876536,operando,ok,true,twin
DEMO_NE_WTG04,2026-01-06T11:30:00Z,9.703506208353936,1450.5211543593002,1450.5211543593002,1450.5211543593002,2.0,9.835070514531001,32.4175352572655,44.670141029062,46.670141029062,operando,ok,true,twin
DEMO_NE_WTG05,2026-01-06T11:30:00Z,9.703506208353936,1413.9827793824218,1413.9827793824218,1413.9827793824218,2.0,9.71327593127474,32.35663796563737,44.42655186254948,46.42655186254948,operando,ok,true,twin
DEMO_NE_WTG06,2026-01-06T11:30:00Z,9.703506208353936,1378.043380634079,1378.043380634079,1378.043380634079,2.0,9.59347793544693,32.29673896772346,44.18695587089386,46.18695587089386,operando,ok,true,twin
DEMO_NE_WTG01,2026-01-06T11:40:00Z,9.553678763674082,1490.2835980790994,1490.2835980790994,1490.2835980790994,2.0,9.967611993596996,32.4838059967985,44.93522398719399,46.93522398719399,operando,ok,true,twin
DEMO_NE_WTG02,2026-01-06T11:40:00Z,9.553678763674082,1453.6684244841633,1453.6684244841633,1453.6684244841633,2.0,9.845561414947213,32.422780707473606,44.691122829894425,46.691122829894425,operando,ok,true,twin
DEMO_NE_WTG03,2026-01-06T11:40:00Z,9.553678763674082,1417.6390810682476,1417.6390810682476,1417.6390810682476,2.0,9.725463603560826,32.36273180178041,44.45092720712165,46.45092720712165,operando,ok,true,twin
DEMO_NE_WTG04,2026-01-06T11:40:00Z,9.553678763674082,1382.1908433944252,1382.1908433944252,1382.1908433944252,2.0,9.60730281131475,32.30365140565738,44.2146056226295,46.2146056226295,operando,ok,true,twin
DEMO_NE_WTG05,2026-01-06T11:40:00Z,9.553678763674082,1347.318987025768,1347.318987025768,1347.318987025768,2.0,9.491063290085894,32.245531645042945,43.98212658017179,45.98212658017179,operando,ok,true,twin
DEMO_NE_WTG06,2026-01-06T11:40:00Z,9.553678763674082,1313.018787525348,1313.018787525348,1313.018787525348,2.0,9.376729291751161,32.18836464587558,43.75345858350232,45.75345858350232,operando,ok,true,twin
DEMO_NE_WTG01,2026-01-06T11:50:00Z,9.270384473166976,1357.4904828810434,1357.4904828810434,1357.4904828810434,2.0,9.524968276270144,32.26248413813507,44.04993655254029,46.04993655254029,operando,ok,true,twin
DEMO_NE_WTG02,2026-01-06T11:50:00Z,9.270384473166976,1324.0369157628177,1324.0369157628177,1324.0369157628177,2.0,9.41345638587606,32.20672819293803,43.82691277175212,45.82691277175212,operando,ok,true,twin
DEMO_NE_WTG03,2026-01-06T11:50:00Z,9.270384473166976,1291.118594207826,1291.118594207826,1291.118594207826,2.0,9.30372864735942,32.15186432367971,43.60745729471884,45.60745729471884,operando,ok,true,twin
DEMO_NE_WTG04,2026-01-06T11:50:00Z,9.270384473166976,1258.7312017195916,1258.7312017195916,1258.7312017195916,2.0,9.195770672398638,32.09788533619932,43.391541344797275,45.391541344797275,operando,ok,true,twin
DEMO_NE_WTG05,2026-01-06T11:50:00Z,9.270384473166976,1226.8704218016358,1226.8704218016358,1226.8704218016358,2.0,9.089568072672119,32.04478403633606,43.17913614534424,45.17913614534424,operando,ok,true,twin
DEMO_NE_WTG06,2026-01-06T11:50:00Z,9.270384473166976,1195.5319379574812,1195.5319379574812,1195.5319379574812,2.0,8.98510645985827,31.992553229929136,42.970212919716545,44.970212919716545,operando,ok,true,twin
DEMO_NE_WTG01,2026-01-06T12:00:00Z,9.999497727888908,1715.7836436240984,1715.7836436240984,1715.7836436240984,2.0,10.71927881208033,32.859639406040166,46.43855762416066,48.43855762416066,operando,ok,true,twin
DEMO_NE_WTG02,2026-01-06T12:00:00Z,9.999497727888908,1673.7996494888034,1673.7996494888034,1673.7996494888034,2.0,10.579332164962679,32.78966608248134,46.15866432992536,48.15866432992536,operando,ok,true,twin
DEMO_NE_WTG03,2026-01-06T12:00:00Z,9.999497727888908,1632.4873848138793,1632.4873848138793,1632.4873848138793,2.0,10.441624616046266,32.720812308023135,45.88324923209253,47.88324923209253,operando,ok,true,twin
DEMO_NE_WTG04,2026-01-06T12:00:00Z,9.999497727888908,1591.8414324262565,1591.8414324262565,1591.8414324262565,2.0,10.30613810808752,32.65306905404376,45.61227621617504,47.61227621617504,operando,ok,true,twin
DEMO_NE_WTG05,2026-01-06T12:00:00Z,9.999497727888908,1551.8563751528686,1551.8563751528686,1551.8563751528686,2.0,10.172854583842895,32.586427291921446,45.34570916768579,47.34570916768579,operando,ok,true,twin
DEMO_NE_WTG06,2026-01-06T12:00:00Z,9.999497727888908,1512.5267958206487,1512.5267958206487,1512.5267958206487,2.0,10.041755986068829,32.52087799303442,45.08351197213766,47.08351197213766,operando,ok,true,twin
DEMO_NE_WTG01,2026-01-06T12:10:00Z,9.948628643745566,1689.0081623300332,1689.0081623300332,1689.0081623300332,2.0,10.630027207766776,32.815013603883386,46.26005441553355,48.26005441553355,operando,ok,true,twin
DEMO_NE_WTG02,2026-01-06T12:10:00Z,9.948628643745566,1647.661652562434,1647.661652562434,1647.661652562434,2.0,10.492205508541446,32.74610275427072,45.98441101708289,47.98441101708289,operando,ok,true,twin
DEMO_NE_WTG03,2026-01-06T12:10:00Z,9.948628643745566,1606.9766727246665,1606.9766727246665,1606.9766727246665,2.0,10.356588909082223,32.67829445454111,45.713177818164446,47.713177818164446,operando,ok,true,twin
DEMO_NE_WTG04,2026-01-06T12:10:00Z,9.948628643745566,1566.947887897941,1566.947887897941,1566.947887897941,2.0,10.22315962632647,32.61157981316323,45.44631925265294,47.44631925265294,operando,ok,true,twin
DEMO_NE_WTG05,2026-01-06T12:10:00Z,9.948628643745566,1527.569963163469,1527.569963163469,1527.569963163469,2.0,10.091899877211564,32.54594993860578,45.18379975442313,47.18379975442313,operando,ok,true,twin
DEMO_NE_WTG06,2026-01-06T12:10:00Z,9.948628643745566,1488.8375636024625,1488.8375636024625,1488.8375636024625,2.0,9.962791878674874,32.48139593933744,44.92558375734975,46.92558375734975,operando,ok,true,twin
DEMO_NE_WTG01,2026-01-06T12:20:00Z,10.103377321896104,1771.3137697872562,1771.3137697872562,1771.3137697872562,2.0,10.904379232624187,32.9521896163121,46.808758465248374,48.808758465248374,operando,ok,true,twin
DEMO_NE_WTG02,2026-01-06T12:20:00Z,10.103377321896104,1728.007685976844,1728.007685976844,1728.007685976844,2.0,10.760025619922814,32.88001280996141,46.52005123984563,48.52005123984563,operando,ok,true,twin
DEMO_NE_WTG03,2026-01-06T12:20:00Z,10.103377321896104,1685.394484606701,1685.394484606701,1685.394484606701,2.0,10.61798161535567,32.80899080767784,46.23596323071134,48.23596323071134,operando,ok,true,twin
DEMO_NE_WTG04,2026-01-06T12:20:00Z,10.103377321896104,1643.468577915212,1643.468577915212,1643.468577915212,2.0,10.478228593050705,32.73911429652535,45.95645718610141,47.95645718610141,operando,ok,true,twin
DEMO_NE_WTG05,2026-01-06T12:20:00Z,10.103377321896104,1602.2243781407628,1602.2243781407628,1602.2243781407628,2.0,10.340747927135876,32.67037396356794,45.68149585427175,47.68149585427175,operando,ok,true,twin
DEMO_NE_WTG06,2026-01-06T12:20:00Z,10.103377321896104,1561.656297521736,1561.656297521736,1561.656297521736,2.0,10.205520991739121,32.60276049586956,45.41104198347824,47.41104198347824,operando,ok,true,twin
DEMO_NE_WTG01,2026-01-06T12:30:00Z,10.133351317420516,1787.5506944824328,1787.5506944824328,1787.5506944824328,2.0,10.958502314941445,32.97925115747072,46.91700462988289,48.91700462988289,operando,ok,true,twin
DEMO_NE_WTG02,2026-01-06T12:30:00Z,10.133351317420516,1743.8580336555733,1743.8580336555733,1743.8580336555733,2.0,10.812860112185245,32.906430056092624,46.62572022437049,48.62572022437049,operando,ok,true,twin
DEMO_NE_WTG03,2026-01-06T12:30:00Z,10.133351317420516,1700.864440368232,1700.864440368232,1700.864440368232,2.0,10.669548134560774,32.834774067280385,46.33909626912155,48.33909626912155,operando,ok,true,twin
DEMO_NE_WTG04,2026-01-06T12:30:00Z,10.133351317420516,1658.564276978963,1658.564276978963,1658.564276978963,2.0,10.528547589929875,32.764273794964936,46.05709517985975,48.05709517985975,operando,ok,true,twin
DEMO_NE_WTG05,2026-01-06T12:30:00Z,10.133351317420516,1616.9519058463168,1616.9519058463168,1616.9519058463168,2.0,10.389839686154389,32.694919843077194,45.77967937230878,47.77967937230878,operando,ok,true,twin
DEMO_NE_WTG06,2026-01-06T12:30:00Z,10.133351317420516,1576.0216893288477,1576.0216893288477,1576.0216893288477,2.0,10.253405631096157,32.62670281554808,45.506811262192315,47.506811262192315,operando,ok,true,twin
DEMO_NE_WTG01,2026-01-06T12:40:00Z,10.13682595055713,1789.4391304316719,1789.4391304316719,1789.4391304316719,2.0,10.964797101438908,32.98239855071945,46.929594202877816,48.929594202877816,operando,ok,true,twin
DEMO_NE_WTG02,2026-01-06T12:40:00Z,10.13682595055713,1745.701508754853,1745.701508754853,1745.701508754853,2.0,10.819005029182843,32.90950251459142,46.63801005836569,48.63801005836569,operando,ok,true,twin
DEMO_NE_WTG03,2026-01-06T12:40:00Z,10.13682595055713,1702.6636739756834,1702.6636739756834,1702.6636739756834,2.0,10.675545579918946,32.83777278995947,46.35109115983789,48.35109115983789,operando,ok,true,twin
DEMO_NE_WTG04,2026-01-06T12:40:00Z,10.13682595055713,1660.3199826514385,1660.3199826514385,1660.3199826514385,2.0,10.534399942171461,32.76719997108573,46.06879988434292,48.06879988434292,operando,ok,true,twin
DEMO_NE_WTG05,2026-01-06T12:40:00Z,10.13682595055713,1618.664791339396,1618.664791339396,1618.664791339396,2.0,10.395549304464655,32.697774652232326,45.79109860892931,47.79109860892931,operando,ok,true,twin
DEMO_NE_WTG06,2026-01-06T12:40:00Z,10.13682595055713,1577.6924565968334,1577.6924565968334,1577.6924565968334,2.0,10.258974855322776,32.62948742766139,45.51794971064555,47.51794971064555,operando,ok,true,twin
DEMO_NE_WTG01,2026-01-06T12:50:00Z,9.714921130369364,1569.4731386582528,1569.4731386582528,1569.4731386582528,2.0,10.231577128860842,32.615788564430424,45.46315425772168,47.46315425772168,operando,ok,true,twin
DEMO_NE_WTG02,2026-01-06T12:50:00Z,9.714921130369364,1530.9725799361638,1530.9725799361638,1530.9725799361638,2.0,10.103241933120547,32.55162096656027,45.20648386624109,47.20648386624109,operando,ok,true,twin
DEMO_NE_WTG03,2026-01-06T12:50:00Z,9.714921130369364,1493.0880169064078,1493.0880169064078,1493.0880169064078,2.0,9.976960056354692,32.48848002817735,44.95392011270938,46.95392011270938,operando,ok,true,twin
DEMO_NE_WTG04,2026-01-06T12:50:00Z,9.714921130369364,1455.8144818617911,1455.8144818617911,1455.8144818617911,2.0,9.852714939539304,32.426357469769655,44.70542987907861,46.70542987907861,operando,ok,true,twin
DEMO_NE_WTG05,2026-01-06T12:50:00Z,9.714921130369364,1419.1470070951157,1419.1470070951157,1419.1470070951157,2.0,9.730490023650386,32.365245011825195,44.46098004730077,46.46098004730077,operando,ok,true,twin
DEMO_NE_WTG06,2026-01-06T12:50:00Z,9.714921130369364,1383.0806248991862,1383.0806248991862,1383.0806248991862,2.0,9.610268749663955,32.30513437483198,44.22053749932791,46.22053749932791,operando,ok,true,twin
DEMO_NE_WTG01,2026-01-06T13:00:00Z,9.992030315832634,946.6874826939559,1711.835978341377,946.6874826939559,13.174383897293488,8.155624942313187,31.577812471156594,41.31124988462637,43.31124988462637,limitada,ok,true,twin
DEMO_NE_WTG02,2026-01-06T13:00:00Z,9.992030315832634,923.5212769793417,1669.9459722423376,923.5212769793417,13.174383897293488,8.078404256597805,31.539202128298903,41.156808513195614,43.156808513195614,limitada,ok,true,twin
DEMO_NE_WTG03,2026-01-06T13:00:00Z,9.992030315832634,900.7257225851658,1628.726191827428,900.7257225851658,13.174383897293488,8.002419075283886,31.501209537641945,41.00483815056777,43.00483815056777,limitada,ok,true,twin
DEMO_NE_WTG04,2026-01-06T13:00:00Z,9.992030315832634,878.2978303878751,1588.171232050807,878.2978303878751,13.174383897293488,7.92765943462625,31.463829717313125,40.8553188692525,42.8553188692525,limitada,ok,true,twin
DEMO_NE_WTG05,2026-01-06T13:00:00Z,9.992030315832634,856.2346112639186,1548.2756878666362,856.2346112639186,13.174383897293488,7.854115370879729,31.427057685439863,40.70823074175946,42.70823074175946,limitada,ok,true,twin
DEMO_NE_WTG06,2026-01-06T13:00:00Z,9.992030315832634,834.5330760897435,1509.0341542290741,834.5330760897435,13.174383897293488,7.781776920299146,31.390888460149572,40.56355384059829,42.56355384059829,limitada,ok,true,twin
DEMO_NE_WTG01,2026-01-06T13:10:00Z,9.852994582016638,946.7595880931351,1639.4065529422237,946.7595880931351,12.562464868857624,8.155865293643783,31.577932646821893,41.31173058728757,43.31173058728757,limitada,ok,true,twin
DEMO_NE_WTG02,2026-01-06T13:10:00Z,9.852994582016638,923.5639154057232,1599.2409836869533,923.5639154057232,12.562464868857624,8.078546384685744,31.539273192342872,41.15709276937149,43.15709276937149,limitada,ok,true,twin
DEMO_NE_WTG03,2026-01-06T13:10:00Z,9.852994582016638,900.7393655001749,1559.718049719654,900.7393655001749,12.562464868857624,8.00246455166725,31.501232275833626,41.0049291033345,43.0049291033345,limitada,ok,true,twin
DEMO_NE_WTG04,2026-01-06T13:10:00Z,9.852994582016638,878.2829454508299,1520.8325684976799,878.2829454508299,12.562464868857624,7.927609818169433,31.463804909084715,40.855219636338866,42.855219636338866,limitada,ok,true,twin
DEMO_NE_WTG05,2026-01-06T13:10:00Z,9.852994582016638,856.1916623320277,1482.5793574783863,856.1916623320277,12.562464868857624,7.853972207773426,31.426986103886712,40.70794441554685,42.70794441554685,limitada,ok,true,twin
DEMO_NE_WTG06,2026-01-06T13:10:00Z,9.852994582016638,834.462523218109,1444.9532341191293,834.462523218109,12.562464868857624,7.7815417440603625,31.39077087203018,40.563083488120725,42.563083488120725,limitada,ok,true,twin
DEMO_NE_WTG01,2026-01-06T13:20:00Z,10.03300375808688,946.6670237359767,1733.5693841565758,946.6670237359767,13.348007867643647,8.155556745786589,31.577778372893295,41.31111349157318,43.31111349157318,limitada,ok,true,twin
DEMO_NE_WTG02,2026-01-06T13:20:00Z,10.03300375808688,923.5091788870552,1691.1619380043844,923.5091788870552,13.348007867643647,8.078363929623517,31.53918196481176,41.156727859247034,43.156727859247034,limitada,ok,true,twin
DEMO_NE_WTG03,2026-01-06T13:20:00Z,10.03300375808688,900.7218515875971,1649.432996399133,900.7218515875971,13.348007867643647,8.002406171958658,31.501203085979327,41.004812343917315,43.004812343917315,limitada,ok,true,twin
DEMO_NE_WTG04,2026-01-06T13:20:00Z,10.03300375808688,878.3020537928485,1608.377087529958,878.3020537928485,13.348007867643647,7.927673512642828,31.463836756321413,40.85534702528566,42.85534702528566,limitada,ok,true,twin
DEMO_NE_WTG05,2026-01-06T13:20:00Z,10.03300375808688,856.2467974580559,1567.988739585998,856.2467974580559,13.348007867643647,7.854155991526852,31.427077995763426,40.708311983053704,42.708311983053704,limitada,ok,true,twin
DEMO_NE_WTG06,2026-01-06T13:20:00Z,10.03300375808688,834.5530945384661,1528.262480756391,834.5530945384661,13.348007867643647,7.781843648461553,31.390921824230777,40.563687296923106,42.563687296923106,limitada,ok,true,twin
DEMO_NE_WTG01,2026-01-06T13:30:00Z,9.839745458475626,946.7666829958491,1632.610171966769,946.7666829958491,12.502254315626056,8.155888943319496,31.577944471659748,41.31177788663899,43.31177788663899,limitada,ok,true,twin
DEMO_NE_WTG02,2026-01-06T13:30:00Z,9.839745458475626,923.5681108680675,1592.6064144295099,923.5681108680675,12.502254315626056,8.078560369560225,31.53928018478011,41.15712073912045,43.15712073912045,limitada,ok,true,twin
DEMO_NE_WTG03,2026-01-06T13:30:00Z,9.839745458475626,900.7407079121972,1553.2427032484081,900.7407079121972,12.502254315626056,8.00246902637399,31.501234513186994,41.00493805274798,43.00493805274798,limitada,ok,true,twin
DEMO_NE_WTG04,2026-01-06T13:30:00Z,9.839745458475626,878.2814808284654,1514.513876759303,878.2814808284654,12.502254315626056,7.927604936094886,31.463802468047444,40.85520987218977,42.85520987218977,limitada,ok,true,twin
DEMO_NE_WTG05,2026-01-06T13:30:00Z,9.839745458475626,856.1874363170982,1476.4147732980305,856.1874363170982,12.502254315626056,7.853958121056994,31.426979060528495,40.70791624211399,42.70791624211399,limitada,ok,true,twin
DEMO_NE_WTG06,2026-01-06T13:30:00Z,9.839745458475626,834.4555810783229,1438.9402312004293,834.4555810783229,12.502254315626056,7.78151860359441,31.390759301797203,40.56303720718882,42.56303720718882,limitada,ok,true,twin
DEMO_NE_WTG01,2026-01-06T13:40:00Z,10.107839658575129,946.630544059501,1773.724926703783,946.630544059501,13.657590900824177,8.155435146865003,31.5777175734325,41.310870293730005,43.310870293730005,limitada,ok,true,twin
DEMO_NE_WTG02,2026-01-06T13:40:00Z,10.107839658575129,923.4876071876049,1730.3614368349902,923.4876071876049,13.657590900824177,8.078292023958683,31.53914601197934,41.15658404791736,43.15658404791736,limitada,ok,true,twin
DEMO_NE_WTG03,2026-01-06T13:40:00Z,10.107839658575129,900.7149493426699,1687.691747883649,900.7149493426699,13.657590900824177,8.002383164475566,31.501191582237784,41.004766328951135,43.004766328951135,limitada,ok,true,twin
DEMO_NE_WTG04,2026-01-06T13:40:00Z,10.107839658575129,878.3095844035096,1645.7102646810683,878.3095844035096,13.657590900824177,7.927698614678365,31.46384930733918,40.85539722935673,42.85539722935673,limitada,ok,true,twin
DEMO_NE_WTG05,2026-01-06T13:40:00Z,10.107839658575129,856.2685262489395,1604.4113920585605,856.2685262489395,13.657590900824177,7.8542284208297986,31.4271142104149,40.7084568416596,42.7084568416596,limitada,ok,true,twin
DEMO_NE_WTG06,2026-01-06T13:40:00Z,10.107839658575129,834.5887887577743,1563.789534847436,834.5887887577743,13.657590900824177,7.781962629192581,31.39098131459629,40.56392525838516,42.56392525838516,limitada,ok,true,twin
DEMO_NE_WTG01,2026-01-06T13:50:00Z,10.573481648527714,946.4269052870573,2037.2125889377232,946.4269052870573,15.385761623182407,8.154756350956857,31.57737817547843,41.30951270191372,43.30951270191372,limitada,ok,true,twin
DEMO_NE_WTG02,2026-01-06T13:50:00Z,10.573481648527714,923.3671885101404,1987.5758499007823,923.3671885101404,15.385761623182407,8.077890628367134,31.538945314183568,41.15578125673427,43.15578125673427,limitada,ok,true,twin
DEMO_NE_WTG03,2026-01-06T13:50:00Z,10.573481648527714,900.6764192672985,1938.7332816094909,900.6764192672985,15.385761623182407,8.002254730890995,31.501127365445498,41.00450946178199,43.00450946178199,limitada,ok,true,twin
DEMO_NE_WTG04,2026-01-06T13:50:00Z,10.573481648527714,878.351622175192,1890.678479461062,878.351622175192,15.385761623182407,7.927838740583974,31.463919370291986,40.855677481167945,42.855677481167945,limitada,ok,true,twin
DEMO_NE_WTG05,2026-01-06T13:50:00Z,10.573481648527714,856.3898218504822,1843.4050388527087,856.3898218504822,15.385761623182407,7.854632739501607,31.427316369750805,40.709265479003214,42.709265479003214,limitada,ok,true,twin
DEMO_NE_WTG06,2026-01-06T13:50:00Z,10.573481648527714,834.7880429098298,1796.9065551816434,834.7880429098298,15.385761623182407,7.782626809699433,31.391313404849715,40.56525361939887,42.56525361939887,limitada,ok,true,twin
DEMO_NE_WTG01,2026-01-06T14:00:00Z,10.107885327154053,946.6305221409424,1773.7496140463786,946.6305221409424,13.657776911626286,8.155435073803142,31.57771753690157,41.31087014760628,43.31087014760628,limitada,ok,true,twin
DEMO_NE_WTG02,2026-01-06T14:00:00Z,10.107885327154053,923.4875942264,1730.3855364086933,923.4875942264,13.657776911626286,8.078291980754667,31.539145990377335,41.156583961509334,43.156583961509334,limitada,ok,true,twin
DEMO_NE_WTG03,2026-01-06T14:00:00Z,10.107885327154053,900.714945195504,1687.7152690925593,900.714945195504,13.657776911626286,8.00238315065168,31.50119157532584,41.00476630130336,43.00476630130336,limitada,ok,true,twin
DEMO_NE_WTG04,2026-01-06T14:00:00Z,10.107885327154053,878.3095889282243,1645.7332168534472,878.3095889282243,13.657776911626286,7.927698629760748,31.463849314880374,40.855397259521496,42.855397259521496,limitada,ok,true,twin
DEMO_NE_WTG05,2026-01-06T14:00:00Z,10.107885327154053,856.2685393045316,1604.4337844468287,856.2685393045316,13.657776911626286,7.854228464348438,31.42711423217422,40.708456928696876,42.708456928696876,limitada,ok,true,twin
DEMO_NE_WTG06,2026-01-06T14:00:00Z,10.107885327154053,834.5888102043965,1563.8113766281745,834.5888102043965,13.657776911626286,7.781962700681321,31.39098135034066,40.563925401362646,42.563925401362646,limitada,ok,true,twin
DEMO_NE_WTG01,2026-01-06T14:10:00Z,10.506767837766976,946.4538055915383,1997.998069604413,946.4538055915383,15.157473473198497,8.15484601863846,31.57742300931923,41.30969203727692,43.30969203727692,limitada,ok,true,twin
DEMO_NE_WTG02,2026-01-06T14:10:00Z,10.506767837766976,923.3830955942876,1949.294969921592,923.3830955942876,15.157473473198497,8.07794365198096,31.53897182599048,41.15588730396192,43.15588730396192,limitada,ok,true,twin
DEMO_NE_WTG03,2026-01-06T14:10:00Z,10.506767837766976,900.6815090188555,1901.371103076002,900.6815090188555,15.157473473198497,8.002271696729519,31.50113584836476,41.00454339345904,43.00454339345904,limitada,ok,true,twin
DEMO_NE_WTG04,2026-01-06T14:10:00Z,10.506767837766976,878.3460690634521,1854.220184931857,878.3460690634521,15.157473473198497,7.927820230211507,31.463910115105755,40.85564046042302,42.85564046042302,limitada,ok,true,twin
DEMO_NE_WTG05,2026-01-06T14:10:00Z,10.506767837766976,856.3737989262892,1807.8359313533738,856.3737989262892,15.157473473198497,7.854579329754298,31.427289664877147,40.709158659508596,42.709158659508596,limitada,ok,true,twin
DEMO_NE_WTG06,2026-01-06T14:10:00Z,10.506767837766976,834.7617218055772,1762.2120582047671,834.7617218055772,15.157473473198497,7.782539072685257,31.39126953634263,40.565078145370514,42.565078145370514,limitada,ok,true,twin
DEMO_NE_WTG01,2026-01-06T14:20:00Z,10.309229095099706,946.537766309943,1884.7742095731041,946.537766309943,14.444944844025493,8.15512588769981,31.577562943849905,41.31025177539962,43.31025177539962,limitada,ok,true,twin
DEMO_NE_WTG02,2026-01-06T14:20:00Z,10.309229095099706,923.4327444826014,1838.766801520526,923.4327444826014,14.444944844025493,8.078109148275338,31.53905457413767,41.156218296550676,43.156218296550676,limitada,ok,true,twin
DEMO_NE_WTG03,2026-01-06T14:20:00Z,10.309229095099706,900.697395054553,1793.4954961666238,900.697395054553,14.444944844025493,8.002324650181844,31.50116232509092,41.00464930036369,43.00464930036369,limitada,ok,true,twin
DEMO_NE_WTG04,2026-01-06T14:20:00Z,10.309229095099706,878.3287367967712,1748.9543571993102,878.3287367967712,14.444944844025493,7.927762455989237,31.46388122799462,40.85552491197848,42.85552491197848,limitada,ok,true,twin
DEMO_NE_WTG05,2026-01-06T14:20:00Z,10.309229095099706,856.3237884802294,1705.1374483065,856.3237884802294,14.444944844025493,7.854412628267431,31.427206314133716,40.708825256534865,42.708825256534865,limitada,ok,true,twin
DEMO_NE_WTG06,2026-01-06T14:20:00Z,10.309229095099706,834.6795688759019,1662.038833176108,834.6795688759019,14.444944844025493,7.78226522958634,31.39113261479317,40.56453045917268,42.56453045917268,limitada,ok,true,twin
DEMO_NE_WTG01,2026-01-06T14:30:00Z,10.316700445462303,946.5344683330369,1888.978613043867,946.5344683330369,14.472932967623601,8.155114894443455,31.57755744722173,41.310229788886915,43.310229788886915,limitada,ok,true,twin
DEMO_NE_WTG02,2026-01-06T14:30:00Z,10.316700445462303,923.4307942743351,1842.8711044008023,923.4307942743351,14.472932967623601,8.078102647581117,31.53905132379056,41.15620529516224,43.15620529516224,limitada,ok,true,twin
DEMO_NE_WTG03,2026-01-06T14:30:00Z,10.316700445462303,900.696771051092,1797.5013000314184,900.696771051092,14.472932967623601,8.002322570170307,31.501161285085153,41.004645140340614,43.004645140340614,limitada,ok,true,twin
DEMO_NE_WTG04,2026-01-06T14:30:00Z,10.316700445462303,878.329417608183,1752.8632507077018,878.329417608183,14.472932967623601,7.9277647253606105,31.463882362680305,40.85552945072122,42.85552945072122,limitada,ok,true,twin
DEMO_NE_WTG05,2026-01-06T14:30:00Z,10.316700445462303,856.325752890484,1708.9510072016394,856.325752890484,14.472932967623601,7.854419176301613,31.427209588150806,40.70883835260322,42.70883835260322,limitada,ok,true,twin
DEMO_NE_WTG06,2026-01-06T14:30:00Z,10.316700445462303,834.6827958428695,1665.7586202852171,834.6827958428695,14.472932967623601,7.782275986142899,31.39113799307145,40.5645519722858,42.5645519722858,limitada,ok,true,twin
DEMO_NE_WTG01,2026-01-06T14:40:00Z,10.717599803937816,946.3711369564411,2123.629547062755,946.3711369564411,15.85903689905108,8.154570456521471,31.577285228260735,41.30914091304294,43.30914091304294,limitada,ok,true,twin
DEMO_NE_WTG02,2026-01-06T14:40:00Z,10.717599803937816,923.3342107597019,2071.9353488412903,923.3342107597019,15.85903689905108,8.07778070253234,31.53889035126617,41.15556140506468,43.15556140506468,limitada,ok,true,twin
DEMO_NE_WTG03,2026-01-06T14:40:00Z,10.717599803937816,900.6658674555966,2021.0682400045005,900.6658674555966,15.85903689905108,8.002219558185322,31.501109779092662,41.00443911637065,43.00443911637065,limitada,ok,true,twin
DEMO_NE_WTG04,2026-01-06T14:40:00Z,10.717599803937816,878.363134601443,1971.0215504767025,878.363134601443,15.85903689905108,7.927877115338143,31.46393855766907,40.85575423067628,42.85575423067628,limitada,ok,true,twin
DEMO_NE_WTG05,2026-01-06T14:40:00Z,10.717599803937816,856.423039754558,1921.7886101822135,856.423039754558,15.85903689905108,7.854743465848527,31.427371732924264,40.70948693169706,42.70948693169706,limitada,ok,true,twin
DEMO_NE_WTG06,2026-01-06T14:40:00Z,10.717599803937816,834.8426104722598,1873.3627490453516,834.8426104722598,15.85903689905108,7.782808701574199,31.3914043507871,40.5656174031484,42.5656174031484,limitada,ok,true,twin
DEMO_NE_WTG01,2026-01-06T14:50:00Z,10.768114698916886,946.3523157571124,2154.475490678422,946.3523157571124,16.01876210878691,8.154507719190374,31.57725385959519,41.30901543838075,43.30901543838075,limitada,ok,true,twin
DEMO_NE_WTG02,2026-01-06T14:50:00Z,10.768114698916886,923.3230811309762,2102.0468964382326,923.3230811309762,16.01876210878691,8.077743603769921,31.53887180188496,41.15548720753984,43.15548720753984,limitada,ok,true,twin
DEMO_NE_WTG03,2026-01-06T14:50:00Z,10.768114698916886,900.6623063349907,2050.4571416663275,900.6623063349907,16.01876210878691,8.002207687783303,31.501103843891652,41.0044153755666,43.0044153755666,limitada,ok,true,twin
DEMO_NE_WTG04,2026-01-06T14:50:00Z,10.768114698916886,878.3670199189127,1999.6994615282847,878.3670199189127,16.01876210878691,7.927890066396376,31.463945033198186,40.85578013279275,42.85578013279275,limitada,ok,true,twin
DEMO_NE_WTG05,2026-01-06T14:50:00Z,10.768114698916886,856.4342504324995,1949.767091189684,856.4342504324995,16.01876210878691,7.854780834774999,31.4273904173875,40.70956166955,42.70956166955,limitada,ok,true,twin
DEMO_NE_WTG06,2026-01-06T14:50:00Z,10.768114698916886,834.8610264255083,1900.6532658161036,834.8610264255083,16.01876210878691,7.782870088085028,31.391435044042513,40.56574017617005,42.56574017617005,limitada,ok,true,twin
DEMO_NE_WTG01,2026-01-06T15:00:00Z,10.48111173107535,946.4643406421126,1983.0492706624518,946.4643406421126,15.068068269353445,8.154881135473708,31.577440567736854,41.30976227094742,43.30976227094742,limitada,ok,true,twin
DEMO_NE_WTG02,2026-01-06T15:00:00Z,10.48111173107535,923.3893253355202,1934.7020796386264,923.3893253355202,15.068068269353445,8.077964417785067,31.538982208892534,41.15592883557014,43.15592883557014,limitada,ok,true,twin
DEMO_NE_WTG03,2026-01-06T15:00:00Z,10.48111173107535,900.683502334214,1887.128427035948,900.683502334214,15.068068269353445,8.002278341114046,31.501139170557025,41.00455668222809,43.00455668222809,limitada,ok,true,twin
DEMO_NE_WTG04,2026-01-06T15:00:00Z,10.48111173107535,878.3438942808928,1840.3220746413415,878.3438942808928,15.068068269353445,7.927812980936309,31.463906490468155,40.85562596187262,42.85562596187262,limitada,ok,true,twin
DEMO_NE_WTG05,2026-01-06T15:00:00Z,10.48111173107535,856.3675238182566,1794.2767842417347,856.3675238182566,15.068068269353445,7.854558412727522,31.42727920636376,40.70911682545504,42.70911682545504,limitada,ok,true,twin
DEMO_NE_WTG06,2026-01-06T15:00:00Z,10.48111173107535,834.7514135890041,1748.9863176240524,834.7514135890041,15.068068269353445,7.782504711963346,31.391252355981674,40.565009423926696,42.565009423926696,limitada,ok,true,twin
DEMO_NE_WTG01,2026-01-06T15:10:00Z,10.612589004811316,946.411461074003,2060.4312936467054,946.411461074003,15.51682820009284,8.154704870246677,31.577352435123338,41.30940974049335,43.30940974049335,limitada,ok,true,twin
DEMO_NE_WTG02,2026-01-06T15:10:00Z,10.612589004811316,923.3580558106637,2010.2417518000752,923.3580558106637,15.51682820009284,8.077860186035545,31.538930093017772,41.15572037207109,43.15572037207109,limitada,ok,true,twin
DEMO_NE_WTG03,2026-01-06T15:10:00Z,10.612589004811316,900.6734970993543,1960.855225353844,900.6734970993543,15.51682820009284,8.002244990331182,31.50112249516559,41.00448998066236,43.00448998066236,limitada,ok,true,twin
DEMO_NE_WTG04,2026-01-06T15:10:00Z,10.612589004811316,878.3548103711059,1912.2652383773607,878.3548103711059,15.51682820009284,7.927849367903686,31.463924683951845,40.85569873580737,42.85569873580737,limitada,ok,true,twin
DEMO_NE_WTG05,2026-01-06T15:10:00Z,10.612589004811316,856.3990210569514,1864.465314939979,856.3990210569514,15.51682820009284,7.854663403523171,31.427331701761585,40.709326807046345,42.709326807046345,limitada,ok,true,twin
DEMO_NE_WTG06,2026-01-06T15:10:00Z,10.612589004811316,834.8031545879223,1817.4489791110493,834.8031545879223,15.51682820009284,7.782677181959741,31.39133859097987,40.56535436391948,42.56535436391948,limitada,ok,true,twin
DEMO_NE_WTG01,2026-01-06T15:20:00Z,10.2325309578126,946.5722049998332,1841.9646910638457,946.5722049998332,14.152682546087098,8.155240683332778,31.57762034166639,41.310481366665556,43.310481366665556,limitada,ok,true,twin
DEMO_NE_WTG02,2026-01-06T15:20:00Z,10.2325309578126,923.4531092758103,1796.9765139464089,923.4531092758103,14.152682546087098,8.078177030919369,31.539088515459685,41.156354061838734,43.156354061838734,limitada,ok,true,twin
DEMO_NE_WTG03,2026-01-06T15:20:00Z,10.2325309578126,900.7039111285854,1752.7081321833814,900.7039111285854,14.152682546087098,8.002346370428619,31.50117318521431,41.00469274085724,43.00469274085724,limitada,ok,true,twin
DEMO_NE_WTG04,2026-01-06T15:20:00Z,10.2325309578126,878.3216275131841,1709.1537409735176,878.3216275131841,14.152682546087098,7.927738758377281,31.46386937918864,40.85547751675456,42.85547751675456,limitada,ok,true,twin
DEMO_NE_WTG05,2026-01-06T15:20:00Z,10.2325309578126,856.303275384632,1666.307535515572,856.303275384632,14.152682546087098,7.854344251282107,31.427172125641054,40.708688502564215,42.708688502564215,limitada,ok,true,twin
DEMO_NE_WTG06,2026-01-06T15:20:00Z,10.2325309578126,834.6458716979554,1624.1637110083,834.6458716979554,14.152682546087098,7.782152905659851,31.391076452829925,40.5643058113197,42.5643058113197,limitada,ok,true,twin
DEMO_NE_WTG01,2026-01-06T15:30:00Z,10.343151742181673,946.5228717909115,1903.9127396596402,946.5228717909115,14.57134646884972,8.155076239303039,31.577538119651518,41.31015247860608,43.31015247860608,limitada,ok,true,twin
DEMO_NE_WTG02,2026-01-06T15:30:00Z,10.343151742181673,923.4239368362885,1857.4496716838341,923.4239368362885,14.57134646884972,8.078079789454295,31.539039894727146,41.156159578908586,43.156159578908586,limitada,ok,true,twin
DEMO_NE_WTG03,2026-01-06T15:30:00Z,10.343151742181673,900.6945768930897,1811.7299968086927,900.6945768930897,14.57134646884972,8.002315256310299,31.50115762815515,41.004630512620594,43.004630512620594,limitada,ok,true,twin
DEMO_NE_WTG04,2026-01-06T15:30:00Z,10.343151742181673,878.3318115176745,1766.7477199285647,878.3318115176745,14.57134646884972,7.927772705058915,31.463886352529457,40.85554541011783,42.85554541011783,limitada,ok,true,twin
DEMO_NE_WTG05,2026-01-06T15:30:00Z,10.343151742181673,856.3326602664025,1722.4968459378008,856.3326602664025,14.57134646884972,7.854442200888009,31.427221100444005,40.70888440177602,42.70888440177602,limitada,ok,true,twin
DEMO_NE_WTG06,2026-01-06T15:30:00Z,10.343151742181673,834.6941426956332,1678.9713797307493,834.6941426956332,14.57134646884972,7.782313808985444,31.39115690449272,40.564627617970885,42.564627617970885,limitada,ok,true,twin
DEMO_NE_WTG01,2026-01-06T15:40:00Z,10.821627542234378,946.332772341746,2187.4692677492794,946.332772341746,16.184616370457146,8.154442574472487,31.57722128723624,41.308885148944974,43.308885148944974,limitada,ok,true,twin
DEMO_NE_WTG02,2026-01-06T15:40:00Z,10.821627542234378,923.3115244308285,2134.255140771773,923.3115244308285,16.184616370457146,8.077705081436095,31.538852540718047,41.15541016287219,43.15541016287219,limitada,ok,true,twin
DEMO_NE_WTG03,2026-01-06T15:40:00Z,10.821627542234378,900.6586085653663,2081.8924215160628,900.6586085653663,16.184616370457146,8.002195361884555,31.501097680942276,41.004390723769106,43.004390723769106,limitada,ok,true,twin
DEMO_NE_WTG04,2026-01-06T15:40:00Z,10.821627542234378,878.371054325638,2030.3742437908445,878.371054325638,16.184616370457146,7.927903514418794,31.463951757209397,40.85580702883759,42.85580702883759,limitada,ok,true,twin
DEMO_NE_WTG05,2026-01-06T15:40:00Z,10.821627542234378,856.4458912919225,1979.6937414048132,856.4458912919225,16.184616370457146,7.854819637639741,31.42740981881987,40.709639275279486,42.709639275279486,limitada,ok,true,twin
DEMO_NE_WTG06,2026-01-06T15:40:00Z,10.821627542234378,834.8801490444982,1929.8440481666646,834.8801490444982,16.184616370457146,7.782933830148327,31.391466915074165,40.565867660296654,42.565867660296654,limitada,ok,true,twin
DEMO_NE_WTG01,2026-01-06T15:50:00Z,10.553808180260537,946.4347647062494,2025.5968500906,946.4347647062494,15.319063037347266,8.154782549020831,31.577391274510415,41.30956509804166,43.30956509804166,limitada,ok,true,twin
DEMO_NE_WTG02,2026-01-06T15:50:00Z,10.553808180260537,923.3718360576254,1976.236664511389,923.3718360576254,15.319063037347266,8.077906120192084,31.53895306009604,41.15581224038417,43.15581224038417,limitada,ok,true,twin
DEMO_NE_WTG03,2026-01-06T15:50:00Z,10.553808180260537,900.6779063319185,1927.6662249176609,900.6779063319185,15.319063037347266,8.002259687773062,31.50112984388653,41.004519375546124,43.004519375546124,limitada,ok,true,twin
DEMO_NE_WTG04,2026-01-06T15:50:00Z,10.553808180260537,878.3499997313636,1879.8791623901777,878.3499997313636,15.319063037347266,7.92783333243788,31.46391666621894,40.855666664875756,42.855666664875756,limitada,ok,true,twin
DEMO_NE_WTG05,2026-01-06T15:50:00Z,10.553808180260537,856.385140458195,1832.8691080097021,856.385140458195,15.319063037347266,7.85461713486065,31.427308567430323,40.7092342697213,42.7092342697213,limitada,ok,true,twin
DEMO_NE_WTG06,2026-01-06T15:50:00Z,10.553808180260537,834.7803527146473,1786.6296928569957,834.7803527146473,15.319063037347266,7.782601175715492,31.391300587857746,40.56520235143098,42.56520235143098,limitada,ok,true,twin
DEMO_NE_WTG01,2026-01-06T16:00:00Z,10.529536640961991,946.4445451906896,2011.3258391196673,946.4445451906896,15.236061422984841,8.154815150635633,31.577407575317817,41.30963030127126,43.30963030127126,limitada,ok,true,twin
DEMO_NE_WTG02,2026-01-06T16:00:00Z,10.529536640961991,923.3776195977006,1962.3054250764105,923.3776195977006,15.236061422984841,8.077925398659001,31.538962699329502,41.155850797318,43.155850797318,limitada,ok,true,twin
DEMO_NE_WTG03,2026-01-06T16:00:00Z,10.529536640961991,900.6797568773629,1914.069320790968,900.6797568773629,15.236061422984841,8.002265856257877,31.50113292812894,41.00453171251576,43.00453171251576,limitada,ok,true,twin
DEMO_NE_WTG04,2026-01-06T16:00:00Z,10.529536640961991,878.3479807161883,1866.61120118465,878.3479807161883,15.236061422984841,7.927826602387295,31.463913301193646,40.85565320477459,42.85565320477459,limitada,ok,true,twin
DEMO_NE_WTG05,2026-01-06T16:00:00Z,10.529536640961991,856.3793148006873,1819.924741178763,856.3793148006873,15.236061422984841,7.85459771600229,31.427298858001144,40.709195432004584,42.709195432004584,limitada,ok,true,twin
DEMO_NE_WTG06,2026-01-06T16:00:00Z,10.529536640961991,834.7707828173708,1774.0036156946162,834.7707828173708,15.236061422984841,7.782569276057902,31.391284638028953,40.565138552115805,42.565138552115805,limitada,ok,true,twin
DEMO_NE_WTG01,2026-01-06T16:10:00Z,10.671964868954504,946.3884587851472,2096.0123123390763,946.3884587851472,15.712036026532083,8.15462819595049,31.577314097975247,41.30925639190098,43.30925639190098,limitada,ok,true,twin
DEMO_NE_WTG02,2026-01-06T16:10:00Z,10.671964868954504,923.3444537585129,2044.9756393819366,923.3444537585129,15.712036026532083,8.07781484586171,31.538907422930855,41.15562969172342,43.15562969172342,limitada,ok,true,twin
DEMO_NE_WTG03,2026-01-06T16:10:00Z,10.671964868954504,900.6691448833557,1994.755535631484,900.6691448833557,15.712036026532083,8.002230482944519,31.50111524147226,41.00446096588904,43.00446096588904,limitada,ok,true,twin
DEMO_NE_WTG04,2026-01-06T16:10:00Z,10.671964868954504,878.3595588036143,1945.3454158521786,878.3595588036143,15.712036026532083,7.927865196012048,31.463932598006025,40.85573039202409,42.85573039202409,limitada,ok,true,twin
DEMO_NE_WTG05,2026-01-06T16:10:00Z,10.671964868954504,856.4127221632297,1896.738694808485,856.4127221632297,15.712036026532083,7.854709073877432,31.427354536938715,40.70941814775486,42.70941814775486,limitada,ok,true,twin
DEMO_NE_WTG06,2026-01-06T16:10:00Z,10.671964868954504,834.8256616061401,1848.9287872648629,834.8256616061401,15.712036026532083,7.7827522053538,31.3913761026769,40.565504410707604,42.565504410707604,limitada,ok,true,twin
DEMO_NE_WTG01,2026-01-06T16:20:00Z,10.183546677791206,946.5947684600044,1814.9574398580612,946.5947684600044,13.961198818331068,8.155315894866682,31.57765794743334,41.310631789733364,43.310631789733364,limitada,ok,true,twin
DEMO_NE_WTG02,2026-01-06T16:20:00Z,10.183546677791206,923.4664518333213,1770.612265205044,923.4664518333213,13.961198818331068,8.07822150611107,31.539110753055535,41.15644301222214,43.15644301222214,limitada,ok,true,twin
DEMO_NE_WTG03,2026-01-06T16:20:00Z,10.183546677791206,900.7081803147066,1726.9765980882498,900.7081803147066,13.961198818331068,8.002360601049022,31.50118030052451,41.00472120209805,43.00472120209805,limitada,ok,true,twin
DEMO_NE_WTG04,2026-01-06T16:20:00Z,10.183546677791206,878.3169696694164,1684.0447166727065,878.3169696694164,13.961198818331068,7.927723232231388,31.463861616115693,40.85544646446277,42.85544646446277,limitada,ok,true,twin
DEMO_NE_WTG05,2026-01-06T16:20:00Z,10.183546677791206,856.2898356627095,1641.8108991234471,856.2898356627095,13.961198818331068,7.854299452209032,31.427149726104517,40.70859890441806,42.70859890441806,limitada,ok,true,twin
DEMO_NE_WTG06,2026-01-06T16:20:00Z,10.183546677791206,834.6237940598418,1600.2694236054992,834.6237940598418,13.961198818331068,7.782079313532806,31.391039656766402,40.56415862706561,42.56415862706561,limitada,ok,true,twin
DEMO_NE_WTG01,2026-01-06T16:30:00Z,10.544380580456759,946.4385525651909,2020.04586936718,946.4385525651909,15.28691755324247,8.154795175217304,31.57739758760865,41.309590350434604,43.309590350434604,limitada,ok,true,twin
DEMO_NE_WTG02,2026-01-06T16:30:00Z,10.544380580456759,923.3740759501502,1970.8178443791344,923.3740759501502,15.28691755324247,8.0779135865005,31.53895679325025,41.155827173001,43.155827173001,limitada,ok,true,twin
DEMO_NE_WTG03,2026-01-06T16:30:00Z,10.544380580456759,900.6786230249567,1922.3774508525864,900.6786230249567,15.28691755324247,8.002262076749856,31.50113103837493,41.00452415349971,43.00452415349971,limitada,ok,true,twin
DEMO_NE_WTG04,2026-01-06T16:30:00Z,10.544380580456759,878.3492177921123,1874.7183369209122,878.3492177921123,15.28691755324247,7.927830725973708,31.463915362986853,40.85566145194741,42.85566145194741,limitada,ok,true,twin
DEMO_NE_WTG05,2026-01-06T16:30:00Z,10.544380580456759,856.3828842541168,1827.834150717484,856.3828842541168,15.28691755324247,7.85460961418039,31.427304807090195,40.70921922836078,42.70921922836078,limitada,ok,true,twin
DEMO_NE_WTG06,2026-01-06T16:30:00Z,10.544380580456759,834.7766464134728,1781.7185403756794,834.7766464134728,15.28691755324247,7.782588821378242,31.39129441068912,40.56517764275649,42.56517764275649,limitada,ok,true,twin
DEMO_NE_WTG01,2026-01-06T16:40:00Z,10.476168448164414,946.4663828059248,1980.177408986951,946.4663828059248,15.050737543635895,8.154887942686416,31.577443971343207,41.30977588537283,43.30977588537283,limitada,ok,true,twin
DEMO_NE_WTG02,2026-01-06T16:40:00Z,10.476168448164414,923.3905329378961,1931.8985927162894,923.3905329378961,15.050737543635895,8.07796844312632,31.53898422156316,41.15593688625264,43.15593688625264,limitada,ok,true,twin
DEMO_NE_WTG03,2026-01-06T16:40:00Z,10.476168448164414,900.6838887278492,1884.3922208942497,900.6838887278492,15.050737543635895,8.00227962909283,31.501139814546416,41.004559258185665,43.004559258185665,limitada,ok,true,twin
DEMO_NE_WTG04,2026-01-06T16:40:00Z,10.476168448164414,878.3434727108006,1837.6520641301174,878.3434727108006,15.050737543635895,7.927811575702668,31.463905787851335,40.85562315140534,42.85562315140534,limitada,ok,true,twin
DEMO_NE_WTG05,2026-01-06T16:40:00Z,10.476168448164414,856.3663074217666,1791.6718930331785,856.3663074217666,15.050737543635895,7.854554358072555,31.427277179036277,40.70910871614511,42.70910871614511,limitada,ok,true,twin
DEMO_NE_WTG06,2026-01-06T16:40:00Z,10.476168448164414,834.7494153957631,1746.4454782127173,834.7494153957631,15.050737543635895,7.782498051319211,31.391249025659604,40.56499610263842,42.56499610263842,limitada,ok,true,twin
DEMO_NE_WTG01,2026-01-06T16:50:00Z,10.706607136537688,946.375281535675,2116.955475796398,946.375281535675,15.823864125204983,8.154584271785582,31.57729213589279,41.30916854357117,43.30916854357117,limitada,ok,true,twin
DEMO_NE_WTG02,2026-01-06T16:50:00Z,10.706607136537688,923.3366615933229,2065.420177280768,923.3366615933229,15.823864125204983,8.077788871977743,31.538894435988873,41.15557774395549,43.15557774395549,limitada,ok,true,twin
DEMO_NE_WTG03,2026-01-06T16:50:00Z,10.706607136537688,900.6666516429513,2014.7094258091922,900.6666516429513,15.823864125204983,8.00222217214317,31.501111086071585,41.00444434428634,43.00444434428634,limitada,ok,true,twin
DEMO_NE_WTG04,2026-01-06T16:50:00Z,10.706607136537688,878.3622790233351,1964.8165718087362,878.3622790233351,15.823864125204983,7.927874263411116,31.46393713170556,40.85574852682223,42.85574852682223,limitada,ok,true,twin
DEMO_NE_WTG05,2026-01-06T16:50:00Z,10.706607136537688,856.4205710732487,1915.7349657064642,856.4205710732487,15.823864125204983,7.8547352369108285,31.427367618455413,40.70947047382166,42.70947047382166,limitada,ok,true,twin
DEMO_NE_WTG06,2026-01-06T16:50:00Z,10.706607136537688,834.8385551314664,1867.4579579294402,834.8385551314664,15.823864125204983,7.7827951837715545,31.391397591885777,40.56559036754311,42.56559036754311,limitada,ok,true,twin
DEMO_NE_WTG01,2026-01-06T17:00:00Z,10.202276814249055,946.5860875439247,1825.2536118201788,946.5860875439247,14.034868998287168,8.15528695847975,31.577643479239875,41.3105739169595,43.3105739169595,limitada,ok,true,twin
DEMO_NE_WTG02,2026-01-06T17:00:00Z,10.202276814249055,923.4613185062005,1780.663300633448,923.4613185062005,14.034868998287168,8.078204395020668,31.539102197510335,41.15640879004134,43.15640879004134,limitada,ok,true,twin
DEMO_NE_WTG03,2026-01-06T17:00:00Z,10.202276814249055,900.7065378163414,1736.7864190831326,900.7065378163414,14.034868998287168,8.002355126054471,31.501177563027234,41.00471025210894,43.00471025210894,limitada,ok,true,twin
DEMO_NE_WTG04,2026-01-06T17:00:00Z,10.202276814249055,878.318761697348,1693.6172137044214,878.318761697348,14.034868998287168,7.927729205657826,31.463864602828913,40.85545841131565,42.85545841131565,limitada,ok,true,twin
DEMO_NE_WTG05,2026-01-06T17:00:00Z,10.202276814249055,856.2950063722219,1651.149931032506,856.2950063722219,14.034868998287168,7.8543166879074064,31.427158343953703,40.70863337581481,42.70863337581481,limitada,ok,true,twin
DEMO_NE_WTG06,2026-01-06T17:00:00Z,10.202276814249055,834.6322880639636,1609.3788176025755,834.6322880639636,14.034868998287168,7.7821076268798794,31.39105381343994,40.564215253759755,42.564215253759755,limitada,ok,true,twin
DEMO_NE_WTG01,2026-01-06T17:10:00Z,10.743864048564102,573.251067095046,2139.631095793343,573.251067095046,20.30198710163056,6.91083689031682,30.95541844515841,38.82167378063364,40.82167378063364,limitada,ok,true,twin
DEMO_NE_WTG02,2026-01-06T17:10:00Z,10.743864048564102,559.299060336592,2087.555924506906,559.299060336592,20.30198710163056,6.864330201121973,30.932165100560987,38.728660402243946,40.728660402243946,limitada,ok,true,twin
DEMO_NE_WTG03,2026-01-06T17:10:00Z,10.743864048564102,545.5702808856865,2036.3139380431007,545.5702808856865,20.30198710163056,6.818567602952288,30.909283801476143,38.63713520590458,40.63713520590458,limitada,ok,true,twin
DEMO_NE_WTG04,2026-01-06T17:10:00Z,10.743864048564102,532.0629285221064,1985.8984171694838,532.0629285221064,20.30198710163056,6.773543095073689,30.886771547536846,38.547086190147375,40.547086190147375,limitada,ok,true,twin
DEMO_NE_WTG05,2026-01-06T17:10:00Z,10.743864048564102,518.7752030256304,1936.3026426536164,518.7752030256304,20.30198710163056,6.729250676752101,30.86462533837605,38.458501353504204,40.458501353504204,limitada,ok,true,twin
DEMO_NE_WTG06,2026-01-06T17:10:00Z,10.743864048564102,505.70530417603555,1887.5198952630562,505.70530417603555,20.30198710163056,6.685684347253452,30.842842173626725,38.371368694506906,40.371368694506906,limitada,ok,true,twin
DEMO_NE_WTG01,2026-01-06T17:20:00Z,10.103555481004456,414.81653349653953,1771.4099945899982,414.81653349653953,21.145673012410786,6.382721778321798,30.6913608891609,37.765443556643596,39.765443556643596,limitada,ok,true,twin
DEMO_NE_WTG02,2026-01-06T17:20:00Z,10.103555481004456,404.6748780060631,1728.1016198102152,404.6748780060631,21.145673012410786,6.348916260020211,30.674458130010105,37.69783252004042,39.69783252004042,limitada,ok,true,twin
DEMO_NE_WTG03,2026-01-06T17:20:00Z,10.103555481004456,394.6954855139074,1685.4861641254229,394.6954855139074,21.145673012410786,6.315651618379691,30.657825809189845,37.63130323675938,39.63130323675938,limitada,ok,true,twin
DEMO_NE_WTG04,2026-01-06T17:20:00Z,10.103555481004456,384.87704744750545,1643.5580394784038,384.87704744750545,21.145673012410786,6.282923491491685,30.641461745745843,37.565846982983366,39.565846982983366,limitada,ok,true,twin
DEMO_NE_WTG05,2026-01-06T17:20:00Z,10.103555481004456,375.2182552342903,1602.3116578119407,375.2182552342903,21.145673012410786,6.250727517447634,30.625363758723818,37.50145503489527,39.50145503489527,limitada,ok,true,twin
DEMO_NE_WTG06,2026-01-06T17:20:00Z,10.103555481004456,365.7178003016943,1561.7414310688143,365.7178003016943,21.145673012410786,6.219059334338981,30.60952966716949,37.43811866867796,39.43811866867796,limitada,ok,true,twin
DEMO_NE_WTG01,2026-01-06T17:30:00Z,10.150672677955694,414.80670220632703,1796.9775867246342,414.80670220632703,21.22910578753519,6.382689007354424,30.69134450367721,37.765378014708844,39.765378014708844,limitada,ok,true,twin
DEMO_NE_WTG02,2026-01-06T17:30:00Z,10.150672677955694,404.6690644227707,1753.0604856207033,404.6690644227707,21.22910578753519,6.348896881409236,30.67444844070462,37.69779376281847,39.69779376281847,limitada,ok,true,twin
DEMO_NE_WTG03,2026-01-06T17:30:00Z,10.150672677955694,394.6936253556069,1709.8460430234995,394.6936253556069,21.22910578753519,6.315645417852023,30.657822708926012,37.63129083570405,39.63129083570405,limitada,ok,true,twin
DEMO_NE_WTG04,2026-01-06T17:30:00Z,10.150672677955694,384.8790769506709,1667.3285923321614,384.8790769506709,21.22910578753519,6.282930256502237,30.641465128251117,37.56586051300447,39.56586051300447,limitada,ok,true,twin
DEMO_NE_WTG05,2026-01-06T17:30:00Z,10.150672677955694,375.22411115379856,1625.50246694583,375.22411115379856,21.22910578753519,6.250747037179329,30.625373518589665,37.50149407435866,39.50149407435866,limitada,ok,true,twin
DEMO_NE_WTG06,2026-01-06T17:30:00Z,10.150672677955694,365.72741991082546,1584.3620002636442,365.72741991082546,21.22910578753519,6.2190913997027515,30.609545699851374,37.4381827994055,39.4381827994055,limitada,ok,true,twin
DEMO_NE_WTG01,2026-01-06T17:40:00Z,10.407247812477326,414.7563573622882,1940.4187116999826,414.7563573622882,21.656354903435712,6.382521191207627,30.691260595603815,37.76504238241525,39.76504238241525,limitada,ok,true,twin
DEMO_NE_WTG02,2026-01-06T17:40:00Z,10.407247812477326,404.6392937682752,1893.0864908507824,404.6392937682752,21.656354903435712,6.34879764589425,30.674398822947126,37.6975952917885,39.6975952917885,limitada,ok,true,twin
DEMO_NE_WTG03,2026-01-06T17:40:00Z,10.407247812477326,394.68409971070093,1846.5115692491638,394.68409971070093,21.656354903435712,6.315613665702337,30.65780683285117,37.63122733140467,39.63122733140467,limitada,ok,true,twin
DEMO_NE_WTG04,2026-01-06T17:40:00Z,10.407247812477326,384.88946979007824,1800.6878396431307,384.88946979007824,21.656354903435712,6.282964899300261,30.64148244965013,37.56592979860052,39.56592979860052,limitada,ok,true,twin
DEMO_NE_WTG05,2026-01-06T17:40:00Z,10.407247812477326,375.2540986069198,1755.6091947806867,375.2540986069198,21.656354903435712,6.250846995356399,30.6254234976782,37.501693990712795,39.501693990712795,limitada,ok,true,twin
DEMO_NE_WTG06,2026-01-06T17:40:00Z,10.407247812477326,365.77668076173774,1711.2695274098335,365.77668076173774,21.656354903435712,6.219255602539126,30.609627801269564,37.43851120507825,39.43851120507825,limitada,ok,true,twin
DEMO_NE_WTG01,2026-01-06T17:50:00Z,10.43056720392584,414.75203437625095,1953.8123928286889,414.75203437625095,21.693041718097334,6.38250678125417,30.691253390627086,37.765013562508344,39.765013562508344,limitada,ok,true,twin
DEMO_NE_WTG02,2026-01-06T17:50:00Z,10.43056720392584,404.63673743651657,1906.1612883616124,404.63673743651657,21.693041718097334,6.3487891247883885,30.674394562394195,37.69757824957678,39.69757824957678,limitada,ok,true,twin
DEMO_NE_WTG03,2026-01-06T17:50:00Z,10.43056720392584,394.6832817673601,1859.272585170281,394.6832817673601,21.693041718097334,6.315610939224533,30.657805469612267,37.63122187844907,39.63122187844907,limitada,ok,true,twin
DEMO_NE_WTG04,2026-01-06T17:50:00Z,10.43056720392584,384.89036219724534,1813.1401348573131,384.89036219724534,21.693041718097334,6.282967873990818,30.64148393699541,37.565935747981634,39.565935747981634,limitada,ok,true,twin
DEMO_NE_WTG05,2026-01-06T17:50:00Z,10.43056720392584,375.2566735546349,1767.757789025321,375.2566735546349,21.693041718097334,6.25085557851545,30.625427789257724,37.5017111570309,39.5017111570309,limitada,ok,true,twin
DEMO_NE_WTG06,2026-01-06T17:50:00Z,10.43056720392584,365.780910667992,1723.1193992769204,365.780910667992,21.693041718097334,6.21926970222664,30.60963485111332,37.43853940445328,39.43853940445328,limitada,ok,true,twin
DEMO_NE_WTG01,2026-01-06T18:00:00Z,10.086885912934198,1762.4213485927203,1762.4213485927203,1762.4213485927203,2.0,10.874737828642402,32.9373689143212,46.749475657284805,48.749475657284805,operando,ok,true,twin
DEMO_NE_WTG02,2026-01-06T18:00:00Z,10.086885912934198,1719.3269800990279,1719.3269800990279,1719.3269800990279,2.0,10.731089933663426,32.86554496683171,46.46217986732685,48.46217986732685,operando,ok,true,twin
DEMO_NE_WTG03,2026-01-06T18:00:00Z,10.086885912934198,1676.9221066733833,1676.9221066733833,1676.9221066733833,2.0,10.589740355577945,32.79487017778897,46.17948071115589,48.17948071115589,operando,ok,true,twin
DEMO_NE_WTG04,2026-01-06T18:00:00Z,10.086885912934198,1635.2011678716892,1635.2011678716892,1635.2011678716892,2.0,10.450670559572298,32.72533527978615,45.9013411191446,47.9013411191446,operando,ok,true,twin
DEMO_NE_WTG05,2026-01-06T18:00:00Z,10.086885912934198,1594.1586032498494,1594.1586032498494,1594.1586032498494,2.0,10.313862010832832,32.65693100541642,45.627724021665664,47.627724021665664,operando,ok,true,twin
DEMO_NE_WTG06,2026-01-06T18:00:00Z,10.086885912934198,1553.788852363767,1553.788852363767,1553.788852363767,2.0,10.17929617454589,32.58964808727295,45.35859234909178,47.35859234909178,operando,ok,true,twin
DEMO_NE_WTG01,2026-01-06T18:10:00Z,9.967686087644893,1699.0072631738783,1699.0072631738783,1699.0072631738783,2.0,10.663357543912927,32.83167877195646,46.32671508782585,48.32671508782585,operando,ok,true,twin
DEMO_NE_WTG02,2026-01-06T18:10:00Z,9.967686087644893,1657.4226896938487,1657.4226896938487,1657.4226896938487,2.0,10.524742298979497,32.762371149489745,46.049484597958994,48.049484597958994,operando,ok,true,twin
DEMO_NE_WTG03,2026-01-06T18:10:00Z,9.967686087644893,1616.5034550811379,1616.5034550811379,1616.5034550811379,2.0,10.38834485027046,32.69417242513523,45.77668970054092,47.77668970054092,operando,ok,true,twin
DEMO_NE_WTG04,2026-01-06T18:10:00Z,9.967686087644893,1576.2441936997172,1576.2441936997172,1576.2441936997172,2.0,10.254147312332393,32.627073656166196,45.508294624664785,47.508294624664785,operando,ok,true,twin
DEMO_NE_WTG05,2026-01-06T18:10:00Z,9.967686087644893,1536.639539913561,1536.639539913561,1536.639539913561,2.0,10.12213179971187,32.56106589985593,45.24426359942374,47.24426359942374,operando,ok,true,twin
DEMO_NE_WTG06,2026-01-06T18:10:00Z,9.967686087644893,1497.6841280866424,1497.6841280866424,1497.6841280866424,2.0,9.992280426955475,32.49614021347774,44.98456085391095,46.98456085391095,operando,ok,true,twin
DEMO_NE_WTG01,2026-01-06T18:20:00Z,10.465759595181893,1974.1391123993383,1974.1391123993383,1974.1391123993383,2.0,11.580463707997794,33.2902318539989,48.16092741599559,50.16092741599559,operando,ok,true,twin
DEMO_NE_WTG02,2026-01-06T18:20:00Z,10.465759595181893,1926.004058985443,1926.004058985443,1926.004058985443,2.0,11.420013529951476,33.21000676497574,47.84002705990295,49.84002705990295,operando,ok,true,twin
DEMO_NE_WTG03,2026-01-06T18:20:00Z,10.465759595181893,1878.639149863926,1878.639149863926,1878.639149863926,2.0,11.26213049954642,33.13106524977321,47.52426099909284,49.52426099909284,operando,ok,true,twin
DEMO_NE_WTG04,2026-01-06T18:20:00Z,10.465759595181893,1832.0381741937222,1832.0381741937222,1832.0381741937222,2.0,11.106793913979075,33.05339695698954,47.21358782795815,49.21358782795815,operando,ok,true,twin
DEMO_NE_WTG05,2026-01-06T18:20:00Z,10.465759595181893,1786.1949211337615,1786.1949211337615,1786.1949211337615,2.0,10.953983070445872,32.976991535222936,46.907966140891745,48.907966140891745,operando,ok,true,twin
DEMO_NE_WTG06,2026-01-06T18:20:00Z,10.465759595181893,1741.103179842979,1741.103179842979,1741.103179842979,2.0,10.803677266143264,32.901838633071634,46.60735453228653,48.60735453228653,operando,ok,true,twin
DEMO_NE_WTG01,2026-01-06T18:30:00Z,9.971051421947138,1700.7769716574737,1700.7769716574737,1700.7769716574737,2.0,10.669256572191578,32.83462828609579,46.33851314438316,48.33851314438316,operando,ok,true,twin
DEMO_NE_WTG02,2026-01-06T18:30:00Z,9.971051421947138,1659.1502640517765,1659.1502640517765,1659.1502640517765,2.0,10.530500880172589,32.76525044008629,46.06100176034518,48.06100176034518,operando,ok,true,twin
DEMO_NE_WTG03,2026-01-06T18:30:00Z,9.971051421947138,1618.1895694449104,1618.1895694449104,1618.1895694449104,2.0,10.393965231483033,32.69698261574152,45.78793046296607,47.78793046296607,operando,ok,true,twin
DEMO_NE_WTG04,2026-01-06T18:30:00Z,9.971051421947138,1577.8895167643027,1577.8895167643027,1577.8895167643027,2.0,10.259631722547677,32.62981586127384,45.519263445095355,47.519263445095355,operando,ok,true,twin
DEMO_NE_WTG05,2026-01-06T18:30:00Z,9.971051421947138,1538.2447349373854,1538.2447349373854,1538.2447349373854,2.0,10.127482449791284,32.563741224895644,45.25496489958257,47.25496489958257,operando,ok,true,twin
DEMO_NE_WTG06,2026-01-06T18:30:00Z,9.971051421947138,1499.2498528915846,1499.2498528915846,1499.2498528915846,2.0,9.997499509638615,32.49874975481931,44.99499901927723,46.99499901927723,operando,ok,true,twin
DEMO_NE_WTG01,2026-01-06T18:40:00Z,10.168438960775672,1806.6801016486822,1806.6801016486822,1806.6801016486822,2.0,11.022267005495607,33.0111335027478,47.044534010991214,49.044534010991214,operando,ok,true,twin
DEMO_NE_WTG02,2026-01-06T18:40:00Z,10.168438960775672,1762.5319981017515,1762.5319981017515,1762.5319981017515,2.0,10.87510666033917,32.937553330169585,46.75021332067834,48.75021332067834,operando,ok,true,twin
DEMO_NE_WTG03,2026-01-06T18:40:00Z,10.168438960775672,1719.090249021153,1719.090249021153,1719.090249021153,2.0,10.730300830070512,32.86515041503525,46.46060166014102,48.46060166014102,operando,ok,true,twin
DEMO_NE_WTG04,2026-01-06T18:40:00Z,10.168438960775672,1676.3491579999006,1676.3491579999006,1676.3491579999006,2.0,10.587830526666334,32.79391526333317,46.17566105333267,48.17566105333267,operando,ok,true,twin
DEMO_NE_WTG05,2026-01-06T18:40:00Z,10.168438960775672,1634.3030286310072,1634.3030286310072,1634.3030286310072,2.0,10.447676762103356,32.72383838105168,45.89535352420671,47.89535352420671,operando,ok,true,twin
DEMO_NE_WTG06,2026-01-06T18:40:00Z,10.168438960775672,1592.9461645074864,1592.9461645074864,1592.9461645074864,2.0,10.309820548358289,32.654910274179144,45.61964109671658,47.61964109671658,operando,ok,true,twin
DEMO_NE_WTG01,2026-01-06T18:50:00Z,10.136938529809683,1789.5003380328903,1789.5003380328903,1789.5003380328903,2.0,10.9650011267763,32.98250056338815,46.9300022535526,48.9300022535526,operando,ok,true,twin
DEMO_NE_WTG02,2026-01-06T18:50:00Z,10.136938529809683,1745.7612590941633,1745.7612590941633,1745.7612590941633,2.0,10.819204196980543,32.909602098490275,46.638408393961086,48.638408393961086,operando,ok,true,twin
DEMO_NE_WTG03,2026-01-06T18:50:00Z,10.136938529809683,1702.7219903687744,1702.7219903687744,1702.7219903687744,2.0,10.675739967895915,32.837869983947954,46.35147993579183,48.35147993579183,operando,ok,true,twin
DEMO_NE_WTG04,2026-01-06T18:50:00Z,10.136938529809683,1660.3768882259697,1660.3768882259697,1660.3768882259697,2.0,10.534589627419898,32.76729481370995,46.069179254839796,48.069179254839796,operando,ok,true,twin
DEMO_NE_WTG05,2026-01-06T18:50:00Z,10.136938529809683,1618.720309034998,1618.720309034998,1618.720309034998,2.0,10.395734363449993,32.697867181724995,45.791468726899986,47.791468726899986,operando,ok,true,twin
DEMO_NE_WTG06,2026-01-06T18:50:00Z,10.136938529809683,1577.746609165105,1577.746609165105,1577.746609165105,2.0,10.259155363883682,32.62957768194184,45.518310727767364,47.518310727767364,operando,ok,true,twin
DEMO_NE_WTG01,2026-01-06T19:00:00Z,9.945538968752242,1687.39066880384,1687.39066880384,1687.39066880384,2.0,10.624635562679465,32.812317781339736,46.24927112535893,48.24927112535893,operando,ok,true,twin
DEMO_NE_WTG02,2026-01-06T19:00:00Z,9.945538968752242,1646.0826691502693,1646.0826691502693,1646.0826691502693,2.0,10.486942230500897,32.74347111525045,45.973884461001795,47.973884461001795,operando,ok,true,twin
DEMO_NE_WTG03,2026-01-06T19:00:00Z,9.945538968752242,1605.4355832779556,1605.4355832779556,1605.4355832779556,2.0,10.351451944259853,32.675725972129925,45.70290388851971,47.70290388851971,operando,ok,true,twin
DEMO_NE_WTG04,2026-01-06T19:00:00Z,9.945538968752242,1565.4440812370513,1565.4440812370513,1565.4440812370513,2.0,10.218146937456837,32.60907346872842,45.43629387491367,47.43629387491367,operando,ok,true,twin
DEMO_NE_WTG05,2026-01-06T19:00:00Z,9.945538968752242,1526.1028330777056,1526.1028330777056,1526.1028330777056,2.0,10.08700944359235,32.543504721796175,45.1740188871847,47.1740188871847,operando,ok,true,twin
DEMO_NE_WTG06,2026-01-06T19:00:00Z,9.945538968752242,1487.4065088500718,1487.4065088500718,1487.4065088500718,2.0,9.958021696166906,32.479010848083455,44.91604339233381,46.91604339233381,operando,ok,true,twin
DEMO_NE_WTG01,2026-01-06T19:10:00Z,10.007073955450482,1719.7948645758424,1719.7948645758424,1719.7948645758424,2.0,10.732649548586142,32.86632477429307,46.465299097172284,48.465299097172284,operando,ok,true,twin
DEMO_NE_WTG02,2026-01-06T19:10:00Z,10.007073955450482,1677.7153692383831,1677.7153692383831,1677.7153692383831,2.0,10.592384564127943,32.79619228206397,46.18476912825589,48.18476912825589,operando,ok,true,twin
DEMO_NE_WTG03,2026-01-06T19:10:00Z,10.007073955450482,1636.3091313476684,1636.3091313476684,1636.3091313476684,2.0,10.454363771158896,32.72718188557945,45.90872754231779,47.90872754231779,operando,ok,true,twin
DEMO_NE_WTG04,2026-01-06T19:10:00Z,10.007073955450482,1595.570721408161,1595.570721408161,1595.570721408161,2.0,10.318569071360537,32.65928453568027,45.63713814272107,47.63713814272107,operando,ok,true,twin
DEMO_NE_WTG05,2026-01-06T19:10:00Z,10.007073955450482,1555.4947099243211,1555.4947099243211,1555.4947099243211,2.0,10.184982366414403,32.5924911832072,45.369964732828805,47.369964732828805,operando,ok,true,twin
DEMO_NE_WTG06,2026-01-06T19:10:00Z,10.007073955450482,1516.0756674006107,1516.0756674006107,1516.0756674006107,2.0,10.053585558002034,32.52679277900102,45.10717111600407,47.10717111600407,operando,ok,true,twin
DEMO_NE_WTG01,2026-01-06T19:20:00Z,9.90868683733949,1668.175366198227,1668.175366198227,1668.175366198227,2.0,10.56058455399409,32.780292276997045,46.12116910798818,48.12116910798818,operando,ok,true,twin
DEMO_NE_WTG02,2026-01-06T19:20:00Z,9.90868683733949,1627.3248543073255,1627.3248543073255,1627.3248543073255,2.0,10.42441618102442,32.712208090512206,45.84883236204884,47.84883236204884,operando,ok,true,twin
DEMO_NE_WTG03,2026-01-06T19:20:00Z,9.90868683733949,1587.1279365508908,1587.1279365508908,1587.1279365508908,2.0,10.290426455169637,32.64521322758482,45.580852910339274,47.580852910339274,operando,ok,true,twin
DEMO_NE_WTG04,2026-01-06T19:20:00Z,9.90868683733949,1547.5793420084833,1547.5793420084833,1547.5793420084833,2.0,10.158597806694946,32.57929890334747,45.31719561338989,47.31719561338989,operando,ok,true,twin
DEMO_NE_WTG05,2026-01-06T19:20:00Z,9.90868683733949,1508.6737997596638,1508.6737997596638,1508.6737997596638,2.0,10.028912665865546,32.514456332932774,45.057825331731095,47.057825331731095,operando,ok,true,twin
DEMO_NE_WTG06,2026-01-06T19:20:00Z,9.90868683733949,1470.4060388839923,1470.4060388839923,1470.4060388839923,2.0,9.901353462946641,32.45067673147332,44.80270692589328,46.80270692589328,operando,ok,true,twin
DEMO_NE_WTG01,2026-01-06T19:30:00Z,10.139188809730324,1790.7240656782583,1790.7240656782583,1790.7240656782583,2.0,10.969080218927527,32.984540109463765,46.93816043785505,48.93816043785505,operando,ok,true,twin
DEMO_NE_WTG02,2026-01-06T19:30:00Z,10.139188809730324,1746.9558516052018,1746.9558516052018,1746.9558516052018,2.0,10.82318617201734,32.91159308600867,46.64637234403468,48.64637234403468,operando,ok,true,twin
DEMO_NE_WTG03,2026-01-06T19:30:00Z,10.139188809730324,1703.8879138976079,1703.8879138976079,1703.8879138976079,2.0,10.679626379658693,32.83981318982934,46.359252759317386,48.359252759317386,operando,ok,true,twin
DEMO_NE_WTG04,2026-01-06T19:30:00Z,10.139188809730324,1661.5146051654315,1661.5146051654315,1661.5146051654315,2.0,10.538382017218105,32.769191008609056,46.07676403443621,48.07676403443621,operando,ok,true,twin
DEMO_NE_WTG05,2026-01-06T19:30:00Z,10.139188809730324,1619.830278018629,1619.830278018629,1619.830278018629,2.0,10.399434260062097,32.69971713003105,45.798868520124195,47.798868520124195,operando,ok,true,twin
DEMO_NE_WTG06,2026-01-06T19:30:00Z,10.139188809730324,1578.8292850671578,1578.8292850671578,1578.8292850671578,2.0,10.262764283557193,32.631382141778595,45.525528567114385,47.525528567114385,operando,ok,true,twin
DEMO_NE_WTG01,2026-01-06T19:40:00Z,9.568061381393255,1497.239781866198,1497.239781866198,1497.239781866198,2.0,9.990799272887326,32.495399636443665,44.98159854577465,46.98159854577465,operando,ok,true,twin
DEMO_NE_WTG02,2026-01-06T19:40:00Z,9.568061381393255,1460.4589918860925,1460.4589918860925,1460.4589918860925,2.0,9.868196639620308,32.434098319810154,44.736393279240616,46.736393279240616,operando,ok,true,twin
DEMO_NE_WTG03,2026-01-06T19:40:00Z,9.568061381393255,1424.2666818901855,1424.2666818901855,1424.2666818901855,2.0,9.747555606300619,32.37377780315031,44.49511121260124,46.49511121260124,operando,ok,true,twin
DEMO_NE_WTG04,2026-01-06T19:40:00Z,9.568061381393255,1388.6581060721521,1388.6581060721521,1388.6581060721521,2.0,9.628860353573842,32.31443017678692,44.25772070714768,46.25772070714768,operando,ok,true,twin
DEMO_NE_WTG05,2026-01-06T19:40:00Z,9.568061381393255,1353.6285186256682,1353.6285186256682,1353.6285186256682,2.0,9.51209506208556,32.25604753104278,44.02419012417112,46.02419012417112,operando,ok,true,twin
DEMO_NE_WTG06,2026-01-06T19:40:00Z,9.568061381393255,1319.1731737444102,1319.1731737444102,1319.1731737444102,2.0,9.397243912481368,32.198621956240686,43.79448782496274,45.79448782496274,operando,ok,true,twin
DEMO_NE_WTG01,2026-01-06T19:50:00Z,9.86474359474219,1645.4487351974506,1645.4487351974506,1645.4487351974506,2.0,10.484829117324836,32.74241455866242,45.96965823464967,47.96965823464967,operando,ok,true,twin
DEMO_NE_WTG02,2026-01-06T19:50:00Z,9.86474359474219,1605.1393105734512,1605.1393105734512,1605.1393105734512,2.0,10.35046436857817,32.67523218428909,45.70092873715634,47.70092873715634,operando,ok,true,twin
DEMO_NE_WTG03,2026-01-06T19:50:00Z,9.86474359474219,1565.4748228738233,1565.4748228738233,1565.4748228738233,2.0,10.21824940957941,32.60912470478971,45.43649881915882,47.43649881915882,operando,ok,true,twin
DEMO_NE_WTG04,2026-01-06T19:50:00Z,9.86474359474219,1526.4500709943402,1526.4500709943402,1526.4500709943402,2.0,10.088166903314466,32.54408345165724,45.17633380662893,47.17633380662893,operando,ok,true,twin
DEMO_NE_WTG05,2026-01-06T19:50:00Z,9.86474359474219,1488.0598538307715,1488.0598538307715,1488.0598538307715,2.0,9.960199512769238,32.48009975638462,44.92039902553847,46.92039902553847,operando,ok,true,twin
DEMO_NE_WTG06,2026-01-06T19:50:00Z,9.86474359474219,1450.29897027889,1450.29897027889,1450.29897027889,2.0,9.834329900929633,32.417164950464816,44.66865980185926,46.66865980185926,operando,ok,true,twin
DEMO_NE_WTG01,2026-01-06T20:00:00Z,9.467080166831092,1448.8409266016572,1448.8409266016572,1448.8409266016572,2.0,9.829469755338858,32.41473487766943,44.65893951067771,46.65893951067771,operando,ok,true,twin
DEMO_NE_WTG02,2026-01-06T20:00:00Z,9.467080166831092,1413.2124413479041,1413.2124413479041,1413.2124413479041,2.0,9.710708137826348,32.35535406891317,44.421416275652696,46.421416275652696,operando,ok,true,twin
DEMO_NE_WTG03,2026-01-06T20:00:00Z,9.467080166831092,1378.153999599211,1378.153999599211,1378.153999599211,2.0,9.593846665330702,32.29692333266535,44.1876933306614,46.1876933306614,operando,ok,true,twin
DEMO_NE_WTG04,2026-01-06T20:00:00Z,9.467080166831092,1343.6610042305367,1343.6610042305367,1343.6610042305367,2.0,9.47887001410179,32.23943500705089,43.95774002820358,45.95774002820358,operando,ok,true,twin
DEMO_NE_WTG05,2026-01-06T20:00:00Z,9.467080166831092,1309.72885811684,1309.72885811684,1309.72885811684,2.0,9.365762860389466,32.18288143019473,43.73152572077893,45.73152572077893,operando,ok,true,twin
DEMO_NE_WTG06,2026-01-06T20:00:00Z,9.467080166831092,1276.3529641330817,1276.3529641330817,1276.3529641330817,2.0,9.254509880443607,32.1272549402218,43.50901976088721,45.50901976088721,operando,ok,true,twin
DEMO_NE_WTG01,2026-01-06T20:10:00Z,9.512022735253437,1470.2544565667602,1470.2544565667602,1470.2544565667602,2.0,9.900848188555866,32.450424094277935,44.80169637711173,46.80169637711173,operando,ok,true,twin
DEMO_NE_WTG02,2026-01-06T20:10:00Z,9.512022735253437,1434.1161470278705,1434.1161470278705,1434.1161470278705,2.0,9.780387156759568,32.39019357837979,44.56077431351913,46.56077431351913,operando,ok,true,twin
DEMO_NE_WTG03,2026-01-06T20:10:00Z,9.512022735253437,1398.5560380071831,1398.5560380071831,1398.5560380071831,2.0,9.661853460023945,32.330926730011974,44.32370692004789,46.32370692004789,operando,ok,true,twin
DEMO_NE_WTG04,2026-01-06T20:10:00Z,9.512022735253437,1363.5694665972933,1363.5694665972933,1363.5694665972933,2.0,9.54523155532431,32.27261577766215,44.09046311064862,46.09046311064862,operando,ok,true,twin
DEMO_NE_WTG05,2026-01-06T20:10:00Z,9.512022735253437,1329.1517698907965,1329.1517698907965,1329.1517698907965,2.0,9.430505899635989,32.215252949817994,43.86101179927198,45.86101179927198,operando,ok,true,twin
DEMO_NE_WTG06,2026-01-06T20:10:00Z,9.512022735253437,1295.2982849802868,1295.2982849802868,1295.2982849802868,2.0,9.31766094993429,32.15883047496715,43.63532189986858,45.63532189986858,operando,ok,true,twin
DEMO_NE_WTG01,2026-01-06T20:20:00Z,9.638634201031168,1531.6765934558302,1531.6765934558302,1531.6765934558302,2.0,10.105588644852768,32.55279432242639,45.21117728970553,47.21117728970553,operando,ok,true,twin
DEMO_NE_WTG02,2026-01-06T20:20:00Z,9.638634201031168,1494.075914233751,1494.075914233751,1494.075914233751,2.0,9.980253047445835,32.49012652372292,44.96050609489167,46.96050609489167,operando,ok,true,twin
DEMO_NE_WTG03,2026-01-06T20:20:00Z,9.638634201031168,1457.0768329416358,1457.0768329416358,1457.0768329416358,2.0,9.856922776472118,32.42846138823606,44.713845552944235,46.713845552944235,operando,ok,true,twin
DEMO_NE_WTG04,2026-01-06T20:20:00Z,9.638634201031168,1420.6744979832738,1420.6744979832738,1420.6744979832738,2.0,9.735581659944245,32.36779082997212,44.47116331988849,46.47116331988849,operando,ok,true,twin
DEMO_NE_WTG05,2026-01-06T20:20:00Z,9.638634201031168,1384.8640577624574,1384.8640577624574,1384.8640577624574,2.0,9.616213525874858,32.30810676293743,44.23242705174972,46.23242705174972,operando,ok,true,twin
DEMO_NE_WTG06,2026-01-06T20:20:00Z,9.638634201031168,1349.640660682975,1349.640660682975,1349.640660682975,2.0,9.498802202276583,32.24940110113829,43.997604404553165,45.997604404553165,operando,ok,true,twin
DEMO_NE_WTG01,2026-01-06T20:30:00Z,9.310559790879788,1375.837850482028,1375.837850482028,1375.837850482028,2.0,9.586126168273427,32.29306308413671,44.172252336546855,46.172252336546855,operando,ok,true,twin
DEMO_NE_WTG02,2026-01-06T20:30:00Z,9.310559790879788,1341.9474598421054,1341.9474598421054,1341.9474598421054,2.0,9.473158199473684,32.23657909973684,43.94631639894737,45.94631639894737,operando,ok,true,twin
DEMO_NE_WTG03,2026-01-06T20:30:00Z,9.310559790879788,1308.5993037914632,1308.5993037914632,1308.5993037914632,2.0,9.361997679304878,32.18099883965244,43.723995358609756,45.723995358609756,operando,ok,true,twin
DEMO_NE_WTG04,2026-01-06T20:30:00Z,9.310559790879788,1275.7890094705097,1275.7890094705097,1275.7890094705097,2.0,9.252630031568366,32.12631501578418,43.50526006313673,45.50526006313673,operando,ok,true,twin
DEMO_NE_WTG05,2026-01-06T20:30:00Z,9.310559790879788,1243.512204019654,1243.512204019654,1243.512204019654,2.0,9.145040680065513,32.07252034003275,43.290081360131026,45.290081360131026,operando,ok,true,twin
DEMO_NE_WTG06,2026-01-06T20:30:00Z,9.310559790879788,1211.7645145793053,1211.7645145793053,1211.7645145793053,2.0,9.039215048597683,32.01960752429884,43.078430097195366,45.078430097195366,operando,ok,true,twin
DEMO_NE_WTG01,2026-01-06T20:40:00Z,9.252758281043935,1349.4909213608867,1349.4909213608867,1349.4909213608867,2.0,9.498303071202955,32.24915153560148,43.99660614240591,45.99660614240591,operando,ok,true,twin
DEMO_NE_WTG02,2026-01-06T20:40:00Z,9.252758281043935,1316.2278118991078,1316.2278118991078,1316.2278118991078,2.0,9.387426039663692,32.19371301983185,43.77485207932739,45.77485207932739,operando,ok,true,twin
DEMO_NE_WTG03,2026-01-06T20:40:00Z,9.252758281043935,1283.496900743593,1283.496900743593,1283.496900743593,2.0,9.278323002478643,32.13916150123932,43.55664600495729,45.55664600495729,operando,ok,true,twin
DEMO_NE_WTG04,2026-01-06T20:40:00Z,9.252758281043935,1251.2938959725175,1251.2938959725175,1251.2938959725175,2.0,9.170979653241726,32.085489826620865,43.34195930648345,45.34195930648345,operando,ok,true,twin
DEMO_NE_WTG05,2026-01-06T20:40:00Z,9.252758281043935,1219.6145056640557,1219.6145056640557,1219.6145056640557,2.0,9.065381685546853,32.03269084277343,43.13076337109371,45.13076337109371,operando,ok,true,twin
DEMO_NE_WTG06,2026-01-06T20:40:00Z,9.252758281043935,1188.454437896383,1188.454437896383,1188.454437896383,2.0,8.961514792987943,31.98075739649397,42.92302958597589,44.92302958597589,operando,ok,true,twin
DEMO_NE_WTG01,2026-01-06T20:50:00Z,9.487505003847348,1458.547491007692,1458.547491007692,1458.547491007692,2.0,9.86182497002564,32.43091248501282,44.72364994005128,46.72364994005128,operando,ok,true,twin
DEMO_NE_WTG02,2026-01-06T20:50:00Z,9.487505003847348,1422.6879068987985,1422.6879068987985,1422.6879068987985,2.0,9.742293022995995,32.371146511498,44.48458604599199,46.48458604599199,operando,ok,true,twin
DEMO_NE_WTG03,2026-01-06T20:50:00Z,9.487505003847348,1387.4020637971319,1387.4020637971319,1387.4020637971319,2.0,9.62467354599044,32.31233677299522,44.24934709198088,46.24934709198088,operando,ok,true,twin
DEMO_NE_WTG04,2026-01-06T20:50:00Z,9.487505003847348,1352.6853347590836,1352.6853347590836,1352.6853347590836,2.0,9.508951115863614,32.254475557931805,44.01790223172723,46.01790223172723,operando,ok,true,twin
DEMO_NE_WTG05,2026-01-06T20:50:00Z,9.487505003847348,1318.5330928410483,1318.5330928410483,1318.5330928410483,2.0,9.395110309470162,32.19755515473508,43.790220618940324,45.790220618940324,operando,ok,true,twin
DEMO_NE_WTG06,2026-01-06T20:50:00Z,9.487505003847348,1284.9407110994196,1284.9407110994196,1284.9407110994196,2.0,9.283135703664733,32.14156785183236,43.56627140732947,45.56627140732947,operando,ok,true,twin
DEMO_NE_WTG01,2026-01-06T21:00:00Z,8.940772556819498,1212.8787241172392,1212.8787241172392,1212.8787241172392,2.0,9.042929080390797,32.021464540195396,43.0858581607816,45.0858581607816,operando,ok,true,twin
DEMO_NE_WTG02,2026-01-06T21:00:00Z,8.940772556819498,1182.8681477928824,1182.8681477928824,1182.8681477928824,2.0,8.942893825976276,31.97144691298814,42.88578765195255,44.88578765195255,operando,ok,true,twin
DEMO_NE_WTG03,2026-01-06T21:00:00Z,8.940772556819498,1153.3377303637183,1153.3377303637183,1153.3377303637183,2.0,8.844459101212394,31.922229550606197,42.68891820242479,44.68891820242479,operando,ok,true,twin
DEMO_NE_WTG04,2026-01-06T21:00:00Z,8.940772556819498,1124.2835995805906,1124.2835995805906,1124.2835995805906,2.0,8.747611998601968,31.873805999300984,42.49522399720394,44.49522399720394,operando,ok,true,twin
DEMO_NE_WTG05,2026-01-06T21:00:00Z,8.940772556819498,1095.7018831943453,1095.7018831943453,1095.7018831943453,2.0,8.652339610647818,31.826169805323907,42.304679221295636,44.304679221295636,operando,ok,true,twin
DEMO_NE_WTG06,2026-01-06T21:00:00Z,8.940772556819498,1067.5887089558282,1067.5887089558282,1067.5887089558282,2.0,8.55862902985276,31.77931451492638,42.11725805970552,44.11725805970552,operando,ok,true,twin
DEMO_NE_WTG01,2026-01-06T21:10:00Z,9.138747209527784,1298.479742836836,1298.479742836836,1298.479742836836,2.0,9.32826580945612,32.16413290472806,43.65653161891224,45.65653161891224,operando,ok,true,twin
DEMO_NE_WTG02,2026-01-06T21:10:00Z,9.138747209527784,1266.4311336310811,1266.4311336310811,1266.4311336310811,2.0,9.221437112103605,32.1107185560518,43.44287422420721,45.44287422420721,operando,ok,true,twin
DEMO_NE_WTG03,2026-01-06T21:10:00Z,9.138747209527784,1234.895291145378,1234.895291145378,1234.895291145378,2.0,9.116317637151258,32.05815881857563,43.23263527430252,45.23263527430252,operando,ok,true,twin
DEMO_NE_WTG04,2026-01-06T21:10:00Z,9.138747209527784,1203.8680801642406,1203.8680801642406,1203.8680801642406,2.0,9.012893600547468,32.006446800273736,43.025787201094936,45.025787201094936,operando,ok,true,twin
DEMO_NE_WTG05,2026-01-06T21:10:00Z,9.138747209527784,1173.3453654721857,1173.3453654721857,1173.3453654721857,2.0,8.911151218240619,31.95557560912031,42.82230243648124,44.82230243648124,operando,ok,true,twin
DEMO_NE_WTG06,2026-01-06T21:10:00Z,9.138747209527784,1143.3230118537285,1143.3230118537285,1143.3230118537285,2.0,8.811076706179096,31.905538353089547,42.62215341235819,44.62215341235819,operando,ok,true,twin
DEMO_NE_WTG01,2026-01-06T21:20:00Z,9.444120010631892,1437.9793857597224,1437.9793857597224,1437.9793857597224,2.0,9.793264619199075,32.39663230959954,44.58652923839815,46.58652923839815,operando,ok,true,twin
DEMO_NE_WTG02,2026-01-06T21:20:00Z,9.444120010631892,1402.6094976314428,1402.6094976314428,1402.6094976314428,2.0,9.675364992104809,32.3376824960524,44.35072998420962,46.35072998420962,operando,ok,true,twin
DEMO_NE_WTG03,2026-01-06T21:20:00Z,9.444120010631892,1367.8055155431932,1367.8055155431932,1367.8055155431932,2.0,9.55935171847731,32.27967585923866,44.11870343695462,46.11870343695462,operando,ok,true,twin
DEMO_NE_WTG04,2026-01-06T21:20:00Z,9.444120010631892,1333.5628757365864,1333.5628757365864,1333.5628757365864,2.0,9.445209585788621,32.22260479289431,43.89041917157724,45.89041917157724,operando,ok,true,twin
DEMO_NE_WTG05,2026-01-06T21:20:00Z,9.444120010631892,1299.877014453235,1299.877014453235,1299.877014453235,2.0,9.332923381510785,32.16646169075539,43.66584676302157,45.66584676302157,operando,ok,true,twin
DEMO_NE_WTG06,2026-01-06T21:20:00Z,9.444120010631892,1266.7433679347519,1266.7433679347519,1266.7433679347519,2.0,9.22247789311584,32.11123894655792,43.44495578623168,45.44495578623168,operando,ok,true,twin
DEMO_NE_WTG01,2026-01-06T21:30:00Z,9.369162040272656,1402.8858235245787,1402.8858235245787,1402.8858235245787,2.0,9.676286078415263,32.33814303920763,44.352572156830526,46.352572156830526,operando,ok,true,twin
DEMO_NE_WTG02,2026-01-06T21:30:00Z,9.369162040272656,1368.351460893897,1368.351460893897,1368.351460893897,2.0,9.56117153631299,32.28058576815649,44.12234307262598,46.12234307262598,operando,ok,true,twin
DEMO_NE_WTG03,2026-01-06T21:30:00Z,9.369162040272656,1334.3696361827704,1334.3696361827704,1334.3696361827704,2.0,9.4478987872759,32.22394939363795,43.8957975745518,45.8957975745518,operando,ok,true,twin
DEMO_NE_WTG04,2026-01-06T21:30:00Z,9.369162040272656,1300.9358934402353,1300.9358934402353,1300.9358934402353,2.0,9.336452978134119,32.16822648906706,43.67290595626824,45.67290595626824,operando,ok,true,twin
DEMO_NE_WTG05,2026-01-06T21:30:00Z,9.369162040272656,1268.0457767153262,1268.0457767153262,1268.0457767153262,2.0,9.226819255717754,32.11340962785888,43.45363851143551,45.45363851143551,operando,ok,true,twin
DEMO_NE_WTG06,2026-01-06T21:30:00Z,9.369162040272656,1235.6948300570793,1235.6948300570793,1235.6948300570793,2.0,9.11898276685693,32.059491383428465,43.23796553371386,45.23796553371386,operando,ok,true,twin
DEMO_NE_WTG01,2026-01-06T21:40:00Z,8.649447267440763,1093.6341489103359,1093.6341489103359,1093.6341489103359,2.0,8.645447163034452,31.822723581517227,42.29089432606891,44.29089432606891,operando,ok,true,twin
DEMO_NE_WTG02,2026-01-06T21:40:00Z,8.649447267440763,1066.4626084857273,1066.4626084857273,1066.4626084857273,2.0,8.554875361619091,31.777437680809545,42.10975072323818,44.10975072323818,operando,ok,true,twin
DEMO_NE_WTG03,2026-01-06T21:40:00Z,8.649447267440763,1039.7258033587668,1039.7258033587668,1039.7258033587668,2.0,8.465752677862556,31.732876338931277,41.931505355725115,43.931505355725115,operando,ok,true,twin
DEMO_NE_WTG04,2026-01-06T21:40:00Z,8.649447267440763,1013.420227599634,1013.420227599634,1013.420227599634,2.0,8.378067425332114,31.689033712666056,41.756134850664225,43.756134850664225,operando,ok,true,twin
DEMO_NE_WTG05,2026-01-06T21:40:00Z,8.649447267440763,987.5423752785091,987.5423752785091,987.5423752785091,2.0,8.29180791759503,31.645903958797515,41.58361583519006,43.58361583519006,operando,ok,true,twin
DEMO_NE_WTG06,2026-01-06T21:40:00Z,8.649447267440763,962.0887404655726,962.0887404655726,962.0887404655726,2.0,8.206962468218576,31.60348123410929,41.413924936437155,43.413924936437155,operando,ok,true,twin
DEMO_NE_WTG01,2026-01-06T21:50:00Z,8.673360977108,1103.1262428706768,1103.1262428706768,1103.1262428706768,2.0,8.67708747623559,31.838543738117796,42.354174952471176,44.354174952471176,operando,ok,true,twin
DEMO_NE_WTG02,2026-01-06T21:50:00Z,8.673360977108,1075.7287098131087,1075.7287098131087,1075.7287098131087,2.0,8.585762366043696,31.792881183021848,42.17152473208739,44.17152473208739,operando,ok,true,twin
DEMO_NE_WTG03,2026-01-06T21:50:00Z,8.673360977108,1048.7695278575559,1048.7695278575559,1048.7695278575559,2.0,8.495898426191854,31.747949213095925,41.99179685238371,43.99179685238371,operando,ok,true,twin
DEMO_NE_WTG04,2026-01-06T21:50:00Z,8.673360977108,1022.2451619144872,1022.2451619144872,1022.2451619144872,2.0,8.40748387304829,31.703741936524146,41.814967746096585,43.814967746096585,operando,ok,true,twin
DEMO_NE_WTG05,2026-01-06T21:50:00Z,8.673360977108,996.1520768943685,996.1520768943685,996.1520768943685,2.0,8.32050692298123,31.660253461490615,41.641013845962455,43.641013845962455,operando,ok,true,twin
DEMO_NE_WTG06,2026-01-06T21:50:00Z,8.673360977108,970.4867377076691,970.4867377076691,970.4867377076691,2.0,8.234955792358898,31.617477896179448,41.46991158471779,43.46991158471779,operando,ok,true,twin
DEMO_NE_WTG01,2026-01-06T22:00:00Z,8.635640290325282,1088.1775746566975,1088.1775746566975,1088.1775746566975,2.0,8.627258582188992,31.813629291094497,42.25451716437799,44.25451716437799,operando,ok,true,twin
DEMO_NE_WTG02,2026-01-06T22:00:00Z,8.635640290325282,1061.1359471456856,1061.1359471456856,1061.1359471456856,2.0,8.537119823818951,31.768559911909477,42.0742396476379,44.0742396476379,operando,ok,true,twin
DEMO_NE_WTG03,2026-01-06T22:00:00Z,8.635640290325282,1034.5269763704048,1034.5269763704048,1034.5269763704048,2.0,8.448423254568016,31.724211627284006,41.89684650913603,43.89684650913603,operando,ok,true,twin
DEMO_NE_WTG04,2026-01-06T22:00:00Z,8.635640290325282,1008.3471731636298,1008.3471731636298,1008.3471731636298,2.0,8.361157243878766,31.680578621939382,41.72231448775753,43.72231448775753,operando,ok,true,twin
DEMO_NE_WTG05,2026-01-06T22:00:00Z,8.635640290325282,982.5930483581386,982.5930483581386,982.5930483581386,2.0,8.275310161193795,31.637655080596897,41.55062032238759,43.55062032238759,operando,ok,true,twin
DEMO_NE_WTG06,2026-01-06T22:00:00Z,8.635640290325282,957.261112786706,957.261112786706,957.261112786706,2.0,8.190870375955686,31.59543518797784,41.38174075191137,43.38174075191137,operando,ok,true,twin
DEMO_NE_WTG01,2026-01-06T22:10:00Z,9.029128606074526,1250.6193736061796,1250.6193736061796,1250.6193736061796,2.0,9.168731245353932,32.08436562267696,43.337462490707864,45.337462490707864,operando,ok,true,twin
DEMO_NE_WTG02,2026-01-06T22:10:00Z,9.029128606074526,1219.7102485755772,1219.7102485755772,1219.7102485755772,2.0,9.065700828585257,32.03285041429263,43.131401657170514,45.131401657170514,operando,ok,true,twin
DEMO_NE_WTG03,2026-01-06T22:10:00Z,9.029128606074526,1189.2956589102962,1189.2956589102962,1189.2956589102962,2.0,8.96431886303432,31.98215943151716,42.928637726068644,44.928637726068644,operando,ok,true,twin
DEMO_NE_WTG04,2026-01-06T22:10:00Z,9.029128606074526,1159.371616421905,1159.371616421905,1159.371616421905,2.0,8.864572054739684,31.93228602736984,42.729144109479364,44.729144109479364,operando,ok,true,twin
DEMO_NE_WTG05,2026-01-06T22:10:00Z,9.029128606074526,1129.9341329219747,1129.9341329219747,1129.9341329219747,2.0,8.766447109739916,31.883223554869957,42.53289421947983,44.53289421947983,operando,ok,true,twin
DEMO_NE_WTG06,2026-01-06T22:10:00Z,9.029128606074526,1100.9792202220744,1100.9792202220744,1100.9792202220744,2.0,8.669930734073581,31.83496536703679,42.33986146814716,44.33986146814716,operando,ok,true,twin
DEMO_NE_WTG01,2026-01-06T22:20:00Z,8.918440158909489,1203.4568259006026,1203.4568259006026,1203.4568259006026,2.0,9.011522753002009,32.005761376501006,43.02304550600402,45.02304550600402,operando,ok,true,twin
DEMO_NE_WTG02,2026-01-06T22:20:00Z,8.918440158909489,1173.6705709529992,1173.6705709529992,1173.6705709529992,2.0,8.912235236509998,31.956117618255,42.82447047301999,44.82447047301999,operando,ok,true,twin
DEMO_NE_WTG03,2026-01-06T22:20:00Z,8.918440158909489,1144.360885835744,1144.360885835744,1144.360885835744,2.0,8.814536286119147,31.907268143059575,42.62907257223829,44.62907257223829,operando,ok,true,twin
DEMO_NE_WTG04,2026-01-06T22:20:00Z,8.918440158909489,1115.5239272437539,1115.5239272437539,1115.5239272437539,2.0,8.718413090812513,31.859206545406256,42.43682618162502,44.43682618162502,operando,ok,true,twin
DEMO_NE_WTG05,2026-01-06T22:20:00Z,8.918440158909489,1087.1558518719446,1087.1558518719446,1087.1558518719446,2.0,8.623852839573148,31.811926419786573,42.2477056791463,44.2477056791463,operando,ok,true,twin
DEMO_NE_WTG06,2026-01-06T22:20:00Z,8.918440158909489,1059.2528164152336,1059.2528164152336,1059.2528164152336,2.0,8.530842721384113,31.765421360692056,42.06168544276822,44.06168544276822,operando,ok,true,twin
DEMO_NE_WTG01,2026-01-06T22:30:00Z,8.843594642965092,1172.2225102599543,1172.2225102599543,1172.2225102599543,2.0,8.907408367533181,31.95370418376659,42.814816735066366,44.814816735066366,operando,ok,true,twin
DEMO_NE_WTG02,2026-01-06T22:30:00Z,8.843594642965092,1143.1798978910936,1143.1798978910936,1143.1798978910936,2.0,8.81059965963698,31.90529982981849,42.621199319273956,44.621199319273956,operando,ok,true,twin
DEMO_NE_WTG03,2026-01-06T22:30:00Z,8.843594642965092,1114.6019573271922,1114.6019573271922,1114.6019573271922,2.0,8.715339857757307,31.857669928878654,42.430679715514614,44.430679715514614,operando,ok,true,twin
DEMO_NE_WTG04,2026-01-06T22:30:00Z,8.843594642965092,1086.4849412149852,1086.4849412149852,1086.4849412149852,2.0,8.621616470716617,31.81080823535831,42.243232941433234,44.243232941433234,operando,ok,true,twin
DEMO_NE_WTG05,2026-01-06T22:30:00Z,8.843594642965092,1058.8251022012062,1058.8251022012062,1058.8251022012062,2.0,8.529417007337354,31.764708503668675,42.05883401467471,44.05883401467471,operando,ok,true,twin
DEMO_NE_WTG06,2026-01-06T22:30:00Z,8.843594642965092,1031.618692932589,1031.618692932589,1031.618692932589,2.0,8.438728976441963,31.719364488220982,41.87745795288393,43.87745795288393,operando,ok,true,twin
DEMO_NE_WTG01,2026-01-06T22:40:00Z,8.413467060083438,1002.7500529733595,1002.7500529733595,1002.7500529733595,2.0,8.342500176577865,31.671250088288932,41.68500035315573,43.68500035315573,operando,ok,true,twin
DEMO_NE_WTG02,2026-01-06T22:40:00Z,8.413467060083438,977.7423276374757,977.7423276374757,977.7423276374757,2.0,8.259141092124919,31.62957054606246,41.51828218424984,43.51828218424984,operando,ok,true,twin
DEMO_NE_WTG03,2026-01-06T22:40:00Z,8.413467060083438,953.134717302343,953.134717302343,953.134717302343,2.0,8.177115724341144,31.58855786217057,41.354231448682285,43.354231448682285,operando,ok,true,twin
DEMO_NE_WTG04,2026-01-06T22:40:00Z,8.413467060083438,928.9239952340833,928.9239952340833,928.9239952340833,2.0,8.096413317446943,31.548206658723473,41.19282663489389,43.19282663489389,operando,ok,true,twin
DEMO_NE_WTG05,2026-01-06T22:40:00Z,8.413467060083438,905.1069346988198,905.1069346988198,905.1069346988198,2.0,8.017023115662733,31.508511557831365,41.03404623132546,43.03404623132546,operando,ok,true,twin
DEMO_NE_WTG06,2026-01-06T22:40:00Z,8.413467060083438,881.6803089626761,881.6803089626761,881.6803089626761,2.0,7.93893436320892,31.46946718160446,40.877868726417844,42.877868726417844,operando,ok,true,twin
DEMO_NE_WTG01,2026-01-06T22:50:00Z,8.19247543895529,922.136751230852,922.136751230852,922.136751230852,2.0,8.073789170769507,31.536894585384754,41.14757834153902,43.14757834153902,operando,ok,true,twin
DEMO_NE_WTG02,2026-01-06T22:50:00Z,8.19247543895529,899.0483086568647,899.0483086568647,899.0483086568647,2.0,7.996827695522882,31.49841384776144,40.99365539104576,42.99365539104576,operando,ok,true,twin
DEMO_NE_WTG03,2026-01-06T22:50:00Z,8.19247543895529,876.3292732198214,876.3292732198214,876.3292732198214,2.0,7.921097577399404,31.460548788699704,40.84219515479881,42.84219515479881,operando,ok,true,twin
DEMO_NE_WTG04,2026-01-06T22:50:00Z,8.19247543895529,853.9766658299086,853.9766658299086,853.9766658299086,2.0,7.8465888860996955,31.423294443049848,40.69317777219939,42.69317777219939,operando,ok,true,twin
DEMO_NE_WTG05,2026-01-06T22:50:00Z,8.19247543895529,831.9875073973118,831.9875073973118,831.9875073973118,2.0,7.773291691324372,31.386645845662187,40.54658338264875,42.54658338264875,operando,ok,true,twin
DEMO_NE_WTG06,2026-01-06T22:50:00Z,8.19247543895529,810.3588188322171,810.3588188322171,810.3588188322171,2.0,7.701196062774057,31.35059803138703,40.40239212554812,42.40239212554812,operando,ok,true,twin
DEMO_NE_WTG01,2026-01-06T23:00:00Z,8.59362909157358,1071.681604519214,1071.681604519214,1071.681604519214,2.0,8.572272015064048,31.786136007532022,42.144544030128095,44.144544030128095,operando,ok,true,twin
DEMO_NE_WTG02,2026-01-06T23:00:00Z,8.59362909157358,1045.0327215111724,1045.0327215111724,1045.0327215111724,2.0,8.483442405037241,31.741721202518622,41.96688481007448,43.96688481007448,operando,ok,true,twin
DEMO_NE_WTG03,2026-01-06T23:00:00Z,8.59362909157358,1018.8102114619486,1018.8102114619486,1018.8102114619486,2.0,8.396034038206496,31.698017019103247,41.79206807641299,43.79206807641299,operando,ok,true,twin
DEMO_NE_WTG04,2026-01-06T23:00:00Z,8.59362909157358,993.010635879939,993.010635879939,993.010635879939,2.0,8.31003545293313,31.655017726466564,41.62007090586626,43.62007090586626,operando,ok,true,twin
DEMO_NE_WTG05,2026-01-06T23:00:00Z,8.59362909157358,967.6305562735406,967.6305562735406,967.6305562735406,2.0,8.22543518757847,31.612717593789235,41.45087037515694,43.45087037515694,operando,ok,true,twin
DEMO_NE_WTG06,2026-01-06T23:00:00Z,8.59362909157358,942.6665341511496,942.6665341511496,942.6665341511496,2.0,8.142221780503831,31.571110890251916,41.28444356100766,43.28444356100766,operando,ok,true,twin
DEMO_NE_WTG01,2026-01-06T23:10:00Z,8.431278088403895,1009.4349735227457,1009.4349735227457,1009.4349735227457,2.0,8.364783245075818,31.68239162253791,41.72956649015164,43.72956649015164,operando,ok,true,twin
DEMO_NE_WTG02,2026-01-06T23:10:00Z,8.431278088403895,984.2680901757428,984.2680901757428,984.2680901757428,2.0,8.280893633919142,31.64044681695957,41.561787267838284,43.561787267838284,operando,ok,true,twin
DEMO_NE_WTG03,2026-01-06T23:10:00Z,8.431278088403895,959.5038683029054,959.5038683029054,959.5038683029054,2.0,8.198346227676351,31.599173113838177,41.3966924553527,43.3966924553527,operando,ok,true,twin
DEMO_NE_WTG04,2026-01-06T23:10:00Z,8.431278088403895,935.1390606342807,935.1390606342807,935.1390606342807,2.0,8.11713020211427,31.558565101057134,41.234260404228536,43.234260404228536,operando,ok,true,twin
DEMO_NE_WTG05,2026-01-06T23:10:00Z,8.431278088403895,911.1704198999164,911.1704198999164,911.1704198999164,2.0,8.037234732999721,31.51861736649986,41.07446946599944,43.07446946599944,operando,ok,true,twin
DEMO_NE_WTG06,2026-01-06T23:10:00Z,8.431278088403895,887.5946988298577,887.5946988298577,887.5946988298577,2.0,7.958648996099527,31.479324498049763,40.91729799219905,42.91729799219905,operando,ok,true,twin
DEMO_NE_WTG01,2026-01-06T23:20:00Z,8.29674019235453,959.6359084925634,959.6359084925634,959.6359084925634,2.0,8.198786361641877,31.59939318082094,41.39757272328376,43.39757272328376,operando,ok,true,twin
DEMO_NE_WTG02,2026-01-06T23:20:00Z,8.29674019235453,935.6546667829205,935.6546667829205,935.6546667829205,2.0,8.118848889276402,31.5594244446382,41.2376977785528,43.2376977785528,operando,ok,true,twin
DEMO_NE_WTG03,2026-01-06T23:20:00Z,8.29674019235453,912.0571166891998,912.0571166891998,912.0571166891998,2.0,8.040190388964,31.520095194482,41.080380777928,43.080380777928,operando,ok,true,twin
DEMO_NE_WTG04,2026-01-06T23:20:00Z,8.29674019235453,888.8401639241749,888.8401639241749,888.8401639241749,2.0,7.962800546413916,31.481400273206958,40.92560109282783,42.92560109282783,operando,ok,true,twin
DEMO_NE_WTG05,2026-01-06T23:20:00Z,8.29674019235453,866.0007142006216,866.0007142006216,866.0007142006216,2.0,7.886669047335406,31.4433345236677,40.77333809467081,42.77333809467081,operando,ok,true,twin
DEMO_NE_WTG06,2026-01-06T23:20:00Z,8.29674019235453,843.5356732313146,843.5356732313146,843.5356732313146,2.0,7.811785577437716,31.40589278871886,40.62357115487543,42.62357115487543,operando,ok,true,twin
DEMO_NE_WTG01,2026-01-06T23:30:00Z,8.4905013095214,1031.8667702333753,1031.8667702333753,1031.8667702333753,2.0,8.439555900777917,31.71977795038896,41.87911180155584,43.87911180155584,operando,ok,true,twin
DEMO_NE_WTG02,2026-01-06T23:30:00Z,8.4905013095214,1006.1658191852061,1006.1658191852061,1006.1658191852061,2.0,8.353886063950688,31.676943031975345,41.70777212790137,43.70777212790137,operando,ok,true,twin
DEMO_NE_WTG03,2026-01-06T23:30:00Z,8.4905013095214,980.8760745106591,980.8760745106591,980.8760745106591,2.0,8.26958691503553,31.634793457517766,41.539173830071064,43.539173830071064,operando,ok,true,twin
DEMO_NE_WTG04,2026-01-06T23:30:00Z,8.4905013095214,955.9942200293036,955.9942200293036,955.9942200293036,2.0,8.186647400097678,31.59332370004884,41.37329480019535,43.37329480019535,operando,ok,true,twin
DEMO_NE_WTG05,2026-01-06T23:30:00Z,8.4905013095214,931.5169395607059,931.5169395607059,931.5169395607059,2.0,8.105056465202352,31.552528232601176,41.210112930404705,43.210112930404705,operando,ok,true,twin
DEMO_NE_WTG06,2026-01-06T23:30:00Z,8.4905013095214,907.440916924433,907.440916924433,907.440916924433,2.0,8.024803056414777,31.512401528207388,41.04960611282955,43.04960611282955,operando,ok,true,twin
DEMO_NE_WTG01,2026-01-06T23:40:00Z,8.189332377438324,921.0210324478172,921.0210324478172,921.0210324478172,2.0,8.07007010815939,31.535035054079696,41.140140216318784,43.140140216318784,operando,ok,true,twin
DEMO_NE_WTG02,2026-01-06T23:40:00Z,8.189332377438324,897.9591534778646,897.9591534778646,897.9591534778646,2.0,7.993197178259548,31.496598589129775,40.9863943565191,42.9863943565191,operando,ok,true,twin
DEMO_NE_WTG03,2026-01-06T23:40:00Z,8.189332377438324,875.2662566363309,875.2662566363309,875.2662566363309,2.0,7.91755418878777,31.458777094393884,40.83510837757554,42.83510837757554,operando,ok,true,twin
DEMO_NE_WTG04,2026-01-06T23:40:00Z,8.189332377438324,852.9393662608917,852.9393662608917,852.9393662608917,2.0,7.843131220869639,31.42156561043482,40.68626244173928,42.68626244173928,operando,ok,true,twin
DEMO_NE_WTG05,2026-01-06T23:40:00Z,8.189332377438324,830.97550668922,830.97550668922,830.97550668922,2.0,7.7699183556307325,31.384959177815368,40.539836711261465,42.539836711261465,operando,ok,true,twin
DEMO_NE_WTG06,2026-01-06T23:40:00Z,8.189332377438324,809.37170225899,809.37170225899,809.37170225899,2.0,7.697905674196633,31.348952837098317,40.395811348393266,42.395811348393266,operando,ok,true,twin
DEMO_NE_WTG01,2026-01-06T23:50:00Z,7.670503532506954,748.3360416661249,748.3360416661249,748.3360416661249,2.0,7.494453472220416,31.247226736110207,39.988906944440835,41.988906944440835,operando,ok,true,twin
DEMO_NE_WTG02,2026-01-06T23:50:00Z,7.670503532506954,729.3855353714179,729.3855353714179,729.3855353714179,2.0,7.431285117904727,31.215642558952364,39.86257023580945,41.86257023580945,operando,ok,true,twin
DEMO_NE_WTG03,2026-01-06T23:50:00Z,7.670503532506954,710.7382306569618,710.7382306569618,710.7382306569618,2.0,7.369127435523206,31.184563717761602,39.738254871046415,41.738254871046415,operando,ok,true,twin
DEMO_NE_WTG04,2026-01-06T23:50:00Z,7.670503532506954,692.3916823487228,692.3916823487228,692.3916823487228,2.0,7.307972274495743,31.15398613724787,39.615944548991486,41.615944548991486,operando,ok,true,twin
DEMO_NE_WTG05,2026-01-06T23:50:00Z,7.670503532506954,674.3434452726667,674.3434452726667,674.3434452726667,2.0,7.247811484242222,31.12390574212111,39.49562296848445,41.49562296848445,operando,ok,true,twin
DEMO_NE_WTG06,2026-01-06T23:50:00Z,7.670503532506954,656.5910742547588,656.5910742547588,656.5910742547588,2.0,7.1886369141825295,31.094318457091266,39.37727382836506,41.37727382836506,operando,ok,true,twin
DEMO_NE_WTG01,2026-01-07T00:00:00Z,8.171972894580824,914.874204651727,914.874204651727,914.874204651727,2.0,8.049580682172424,31.524790341086213,41.099161364344845,43.099161364344845,operando,ok,true,twin
DEMO_NE_WTG02,2026-01-07T00:00:00Z,8.171972894580824,891.9586725051191,891.9586725051191,891.9586725051191,2.0,7.973195575017064,31.486597787508533,40.94639115003413,42.94639115003413,operando,ok,true,twin
DEMO_NE_WTG03,2026-01-07T00:00:00Z,8.171972894580824,869.4097809881126,869.4097809881126,869.4097809881126,2.0,7.898032603293709,31.449016301646854,40.796065206587414,42.796065206587414,operando,ok,true,twin
DEMO_NE_WTG04,2026-01-07T00:00:00Z,8.171972894580824,847.2245733214359,847.2245733214359,847.2245733214359,2.0,7.824081911071453,31.412040955535726,40.648163822142905,42.648163822142905,operando,ok,true,twin
DEMO_NE_WTG05,2026-01-07T00:00:00Z,8.171972894580824,825.400092725818,825.400092725818,825.400092725818,2.0,7.751333642419393,31.3756668212097,40.502667284838786,42.502667284838786,operando,ok,true,twin
DEMO_NE_WTG06,2026-01-07T00:00:00Z,8.171972894580824,803.9333824219885,803.9333824219885,803.9333824219885,2.0,7.679777941406629,31.339888970703313,40.359555882813254,42.359555882813254,operando,ok,true,twin
DEMO_NE_WTG01,2026-01-07T00:10:00Z,7.746155792350385,772.1200006424253,772.1200006424253,772.1200006424253,2.0,7.573733335474751,31.286866667737375,40.147466670949505,42.147466670949505,operando,ok,true,twin
DEMO_NE_WTG02,2026-01-07T00:10:00Z,7.746155792350385,752.6032336750235,752.6032336750235,752.6032336750235,2.0,7.5086774455834115,31.254338722791704,40.017354891166825,42.017354891166825,operando,ok,true,twin
DEMO_NE_WTG03,2026-01-07T00:10:00Z,7.746155792350385,733.3987282637977,733.3987282637977,733.3987282637977,2.0,7.4446624275459925,31.222331213772996,39.889324855091985,41.889324855091985,operando,ok,true,twin
DEMO_NE_WTG04,2026-01-07T00:10:00Z,7.746155792350385,714.5039661703919,714.5039661703919,714.5039661703919,2.0,7.38167988723464,31.19083994361732,39.76335977446928,41.76335977446928,operando,ok,true,twin
DEMO_NE_WTG05,2026-01-07T00:10:00Z,7.746155792350385,695.9164291564497,695.9164291564497,695.9164291564497,2.0,7.319721430521499,31.15986071526075,39.639442861042994,41.639442861042994,operando,ok,true,twin
DEMO_NE_WTG06,2026-01-07T00:10:00Z,7.746155792350385,677.6335989836149,677.6335989836149,677.6335989836149,2.0,7.258778663278717,31.12938933163936,39.51755732655743,41.51755732655743,operando,ok,true,twin
DEMO_NE_WTG01,2026-01-07T00:20:00Z,7.939292158679477,834.9776390461703,834.9776390461703,834.9776390461703,2.0,7.783258796820569,31.391629398410284,40.56651759364114,42.56651759364114,operando,ok,true,twin
DEMO_NE_WTG02,2026-01-07T00:20:00Z,7.939292158679477,813.9643252405414,813.9643252405414,813.9643252405414,2.0,7.713214417468471,31.356607208734236,40.42642883493694,42.42642883493694,operando,ok,true,twin
DEMO_NE_WTG03,2026-01-07T00:20:00Z,7.939292158679477,793.2872172255703,793.2872172255703,793.2872172255703,2.0,7.644290724085234,31.32214536204262,40.28858144817047,42.28858144817047,operando,ok,true,twin
DEMO_NE_WTG04,2026-01-07T00:20:00Z,7.939292158679477,772.9436036642356,772.9436036642356,772.9436036642356,2.0,7.576478678880786,31.28823933944039,40.15295735776157,42.15295735776157,operando,ok,true,twin
DEMO_NE_WTG05,2026-01-07T00:20:00Z,7.939292158679477,752.9307732195165,752.9307732195165,752.9307732195165,2.0,7.509769244065055,31.254884622032527,40.01953848813011,42.01953848813011,operando,ok,true,twin
DEMO_NE_WTG06,2026-01-07T00:20:00Z,7.939292158679477,733.2460145543907,733.2460145543907,733.2460145543907,2.0,7.444153381847969,31.222076690923984,39.88830676369594,41.88830676369594,operando,ok,true,twin
DEMO_NE_WTG01,2026-01-07T00:30:00Z,8.07235657343415,880.1031610045052,880.1031610045052,880.1031610045052,2.0,7.933677203348351,31.466838601674176,40.8673544066967,42.8673544066967,operando,ok,true,twin
DEMO_NE_WTG02,2026-01-07T00:30:00Z,8.07235657343415,858.0154756678246,858.0154756678246,858.0154756678246,2.0,7.860051585559416,31.43002579277971,40.72010317111883,42.72010317111883,operando,ok,true,twin
DEMO_NE_WTG03,2026-01-07T00:30:00Z,8.07235657343415,836.281185696631,836.281185696631,836.281185696631,2.0,7.787603952322103,31.39380197616105,40.57520790464421,42.57520790464421,operando,ok,true,twin
DEMO_NE_WTG04,2026-01-07T00:30:00Z,8.07235657343415,814.8974411282987,814.8974411282987,814.8974411282987,2.0,7.716324803760996,31.3581624018805,40.432649607521995,42.432649607521995,operando,ok,true,twin
DEMO_NE_WTG05,2026-01-07T00:30:00Z,8.07235657343415,793.8613920002033,793.8613920002033,793.8613920002033,2.0,7.646204640000677,31.323102320000338,40.29240928000136,42.29240928000136,operando,ok,true,twin
DEMO_NE_WTG06,2026-01-07T00:30:00Z,8.07235657343415,773.17018834972,773.17018834972,773.17018834972,2.0,7.577233961165733,31.288616980582866,40.15446792233146,42.15446792233146,operando,ok,true,twin
DEMO_NE_WTG01,2026-01-07T00:40:00Z,7.451264843608241,682.0181070640366,682.0181070640366,682.0181070640366,2.0,7.273393690213455,31.136696845106727,39.54678738042691,41.54678738042691,operando,ok,true,twin
DEMO_NE_WTG02,2026-01-07T00:40:00Z,7.451264843608241,664.6465321111185,664.6465321111185,664.6465321111185,2.0,7.215488440370395,31.107744220185197,39.43097688074079,41.43097688074079,operando,ok,true,twin
DEMO_NE_WTG03,2026-01-07T00:40:00Z,7.451264843608241,647.5528963802595,647.5528963802595,647.5528963802595,2.0,7.158509654600865,31.07925482730043,39.31701930920173,41.31701930920173,operando,ok,true,twin
DEMO_NE_WTG04,2026-01-07T00:40:00Z,7.451264843608241,630.7349584261206,630.7349584261206,630.7349584261206,2.0,7.102449861420402,31.0512249307102,39.20489972284081,41.20489972284081,operando,ok,true,twin
DEMO_NE_WTG05,2026-01-07T00:40:00Z,7.451264843608241,614.1904768033622,614.1904768033622,614.1904768033622,2.0,7.04730158934454,31.02365079467227,39.094603178689084,41.094603178689084,operando,ok,true,twin
DEMO_NE_WTG06,2026-01-07T00:40:00Z,7.451264843608241,597.9172100666455,597.9172100666455,597.9172100666455,2.0,6.993057366888818,30.99652868344441,38.98611473377764,40.98611473377764,operando,ok,true,twin
DEMO_NE_WTG01,2026-01-07T00:50:00Z,7.382296716346751,661.944720691219,661.944720691219,661.944720691219,2.0,7.206482402304063,31.10324120115203,39.41296480460812,41.41296480460812,operando,ok,true,twin
DEMO_NE_WTG02,2026-01-07T00:50:00Z,7.382296716346751,645.051063198639,645.051063198639,645.051063198639,2.0,7.1501702106621305,31.075085105331066,39.30034042132426,41.30034042132426,operando,ok,true,twin
DEMO_NE_WTG03,2026-01-07T00:50:00Z,7.382296716346751,628.4276984131935,628.4276984131935,628.4276984131935,2.0,7.094758994710645,31.047379497355323,39.18951798942129,41.18951798942129,operando,ok,true,twin
DEMO_NE_WTG04,2026-01-07T00:50:00Z,7.382296716346751,612.072446554987,612.072446554987,612.072446554987,2.0,7.040241488516623,31.02012074425831,39.08048297703325,41.08048297703325,operando,ok,true,twin
DEMO_NE_WTG05,2026-01-07T00:50:00Z,7.382296716346751,595.9831278441226,595.9831278441226,595.9831278441226,2.0,6.986610426147075,30.993305213073537,38.97322085229415,40.97322085229415,operando,ok,true,twin
DEMO_NE_WTG06,2026-01-07T00:50:00Z,7.382296716346751,580.1575625007044,580.1575625007044,580.1575625007044,2.0,6.933858541669015,30.96692927083451,38.86771708333803,40.86771708333803,operando,ok,true,twin
DEMO_NE_WTG01,2026-01-07T01:00:00Z,7.3228436563794626,644.9390747807684,644.9390747807684,644.9390747807684,2.0,7.1497969159358945,31.074898457967947,39.29959383187179,41.29959383187179,operando,ok,true,twin
DEMO_NE_WTG02,2026-01-07T01:00:00Z,7.3228436563794626,628.4502964129148,628.4502964129148,628.4502964129148,2.0,7.094834321376382,31.04741716068819,39.189668642752764,41.189668642752764,operando,ok,true,twin
DEMO_NE_WTG03,2026-01-07T01:00:00Z,7.3228436563794626,612.2253328255108,612.2253328255108,612.2253328255108,2.0,7.04075110941837,31.020375554709183,39.08150221883674,41.08150221883674,operando,ok,true,twin
DEMO_NE_WTG04,2026-01-07T01:00:00Z,7.3228436563794626,596.2620564800044,596.2620564800044,596.2620564800044,2.0,6.987540188266681,30.99377009413334,38.97508037653336,40.97508037653336,operando,ok,true,twin
DEMO_NE_WTG05,2026-01-07T01:00:00Z,7.3228436563794626,580.5583398378433,580.5583398378433,580.5583398378433,2.0,6.935194466126144,30.96759723306307,38.87038893225229,40.87038893225229,operando,ok,true,twin
DEMO_NE_WTG06,2026-01-07T01:00:00Z,7.3228436563794626,565.1120553604759,565.1120553604759,565.1120553604759,2.0,6.883706851201587,30.941853425600794,38.767413702403175,40.767413702403175,operando,ok,true,twin
DEMO_NE_WTG01,2026-01-07T01:10:00Z,7.583885076042161,721.6746432827861,721.6746432827861,721.6746432827861,2.0,7.405582144275954,31.202791072137977,39.81116428855191,41.81116428855191,operando,ok,true,twin
DEMO_NE_WTG02,2026-01-07T01:10:00Z,7.583885076042161,703.3589052114255,703.3589052114255,703.3589052114255,2.0,7.3445296840380845,31.172264842019043,39.68905936807617,41.68905936807617,operando,ok,true,twin
DEMO_NE_WTG03,2026-01-07T01:10:00Z,7.583885076042161,685.3362126471525,685.3362126471525,685.3362126471525,2.0,7.284454042157176,31.142227021078586,39.56890808431435,41.56890808431435,operando,ok,true,twin
DEMO_NE_WTG04,2026-01-07T01:10:00Z,7.583885076042161,667.6042023197493,667.6042023197493,667.6042023197493,2.0,7.225347341065831,31.112673670532917,39.45069468213166,41.45069468213166,operando,ok,true,twin
DEMO_NE_WTG05,2026-01-07T01:10:00Z,7.583885076042161,650.160510958997,650.160510958997,650.160510958997,2.0,7.167201703196657,31.083600851598327,39.334403406393314,41.334403406393314,operando,ok,true,twin
DEMO_NE_WTG06,2026-01-07T01:10:00Z,7.583885076042161,633.0027752946769,633.0027752946769,633.0027752946769,2.0,7.110009250982256,31.05500462549113,39.22001850196451,41.22001850196451,operando,ok,true,twin
DEMO_NE_WTG01,2026-01-07T01:20:00Z,7.338368195318109,649.3531203902204,649.3531203902204,649.3531203902204,2.0,7.164510401300735,31.082255200650366,39.32902080260147,41.32902080260147,operando,ok,true,twin
DEMO_NE_WTG02,2026-01-07T01:20:00Z,7.338368195318109,632.7592501645058,632.7592501645058,632.7592501645058,2.0,7.109197500548353,31.054598750274177,39.21839500109671,41.21839500109671,operando,ok,true,twin
DEMO_NE_WTG03,2026-01-07T01:20:00Z,7.338368195318109,616.4308761528065,616.4308761528065,616.4308761528065,2.0,7.054769587176022,31.02738479358801,39.109539174352044,41.109539174352044,operando,ok,true,twin
DEMO_NE_WTG04,2026-01-07T01:20:00Z,7.338368195318109,600.3658572566226,600.3658572566226,600.3658572566226,2.0,7.001219524188742,31.00060976209437,39.00243904837748,41.00243904837748,operando,ok,true,twin
DEMO_NE_WTG05,2026-01-07T01:20:00Z,7.338368195318109,584.5620523774538,584.5620523774538,584.5620523774538,2.0,6.948540174591513,30.974270087295757,38.89708034918303,40.89708034918303,operando,ok,true,twin
DEMO_NE_WTG06,2026-01-07T01:20:00Z,7.338368195318109,569.0173204168,569.0173204168,569.0173204168,2.0,6.896724401389333,30.948362200694667,38.79344880277867,40.79344880277867,operando,ok,true,twin
DEMO_NE_WTG01,2026-01-07T01:30:00Z,7.524680200426058,703.7980668104142,703.7980668104142,703.7980668104142,2.0,7.345993556034713,31.172996778017357,39.69198711206943,41.69198711206943,operando,ok,true,twin
DEMO_NE_WTG02,2026-01-07T01:30:00Z,7.524680200426058,685.9079434245149,685.9079434245149,685.9079434245149,2.0,7.28635981141505,31.143179905707523,39.5727196228301,41.5727196228301,operando,ok,true,twin
DEMO_NE_WTG03,2026-01-07T01:30:00Z,7.524680200426058,668.3040558571811,668.3040558571811,668.3040558571811,2.0,7.227680186190604,31.113840093095302,39.45536037238121,41.45536037238121,operando,ok,true,twin
DEMO_NE_WTG04,2026-01-07T01:30:00Z,7.524680200426058,650.9840957550371,650.9840957550371,650.9840957550371,2.0,7.169946985850123,31.084973492925062,39.33989397170025,41.33989397170025,operando,ok,true,twin
DEMO_NE_WTG05,2026-01-07T01:30:00Z,7.524680200426058,633.9457547647074,633.9457547647074,633.9457547647074,2.0,7.1131525158823585,31.056576257941177,39.22630503176472,41.22630503176472,operando,ok,true,twin
DEMO_NE_WTG06,2026-01-07T01:30:00Z,7.524680200426058,617.1867245328166,617.1867245328166,617.1867245328166,2.0,7.057289081776055,31.028644540888028,39.11457816355211,41.11457816355211,operando,ok,true,twin
DEMO_NE_WTG01,2026-01-07T01:40:00Z,7.559770055705874,714.3594193413624,714.3594193413624,714.3594193413624,2.0,7.381198064471208,31.190599032235603,39.76239612894241,41.76239612894241,operando,ok,true,twin
DEMO_NE_WTG02,2026-01-07T01:40:00Z,7.559770055705874,696.2178458669939,696.2178458669939,696.2178458669939,2.0,7.32072615288998,31.16036307644499,39.64145230577996,41.64145230577996,operando,ok,true,twin
DEMO_NE_WTG03,2026-01-07T01:40:00Z,7.559770055705874,678.3665313260875,678.3665313260875,678.3665313260875,2.0,7.261221771086959,31.13061088554348,39.52244354217392,41.52244354217392,operando,ok,true,twin
DEMO_NE_WTG04,2026-01-07T01:40:00Z,7.559770055705874,660.803134920793,660.803134920793,660.803134920793,2.0,7.2026771164026435,31.10133855820132,39.40535423280529,41.40535423280529,operando,ok,true,twin
DEMO_NE_WTG05,2026-01-07T01:40:00Z,7.559770055705874,643.52531585326,643.52531585326,643.52531585326,2.0,7.145084386177533,31.072542193088765,39.29016877235507,41.29016877235507,operando,ok,true,twin
DEMO_NE_WTG06,2026-01-07T01:40:00Z,7.559770055705874,626.5307333256377,626.5307333256377,626.5307333256377,2.0,7.088435777752126,31.044217888876062,39.17687155550425,41.17687155550425,operando,ok,true,twin
DEMO_NE_WTG01,2026-01-07T01:50:00Z,7.158752660747313,599.4178000568811,599.4178000568811,599.4178000568811,2.0,6.998059333522937,30.99902966676147,38.99611866704588,40.99611866704588,operando,ok,true,twin
DEMO_NE_WTG02,2026-01-07T01:50:00Z,7.158752660747313,584.0128155045466,584.0128155045466,584.0128155045466,2.0,6.946709385015155,30.973354692507577,38.89341877003031,40.89341877003031,operando,ok,true,twin
DEMO_NE_WTG03,2026-01-07T01:50:00Z,7.158752660747313,568.8543054045234,568.8543054045234,568.8543054045234,2.0,6.896181018015078,30.94809050900754,38.792362036030156,40.792362036030156,operando,ok,true,twin
DEMO_NE_WTG04,2026-01-07T01:50:00Z,7.158752660747313,553.9402820596159,553.9402820596159,553.9402820596159,2.0,6.846467606865386,30.923233803432694,38.69293521373077,40.69293521373077,operando,ok,true,twin
DEMO_NE_WTG05,2026-01-07T01:50:00Z,7.158752660747313,539.2687577726279,539.2687577726279,539.2687577726279,2.0,6.797562525908759,30.89878126295438,38.59512505181752,40.59512505181752,operando,ok,true,twin
DEMO_NE_WTG06,2026-01-07T01:50:00Z,7.158752660747313,524.8377448463627,524.8377448463627,524.8377448463627,2.0,6.749459149487875,30.874729574743938,38.49891829897575,40.49891829897575,operando,ok,true,twin
DEMO_NE_WTG01,2026-01-07T02:00:00Z,7.421723384786011,673.3742578570426,673.3742578570426,673.3742578570426,2.0,7.2445808595234755,31.122290429761737,39.48916171904695,41.48916171904695,operando,ok,true,twin
DEMO_NE_WTG02,2026-01-07T02:00:00Z,7.421723384786011,656.2084800916955,656.2084800916955,656.2084800916955,2.0,7.1873616003056515,31.093680800152825,39.37472320061131,41.37472320061131,operando,ok,true,twin
DEMO_NE_WTG03,2026-01-07T02:00:00Z,7.421723384786011,639.3173488642167,639.3173488642167,639.3173488642167,2.0,7.131057829547389,31.065528914773694,39.262115659094775,41.262115659094775,operando,ok,true,twin
DEMO_NE_WTG04,2026-01-07T02:00:00Z,7.421723384786011,622.6986492831719,622.6986492831719,622.6986492831719,2.0,7.07566216427724,31.03783108213862,39.15132432855448,41.15132432855448,operando,ok,true,twin
DEMO_NE_WTG05,2026-01-07T02:00:00Z,7.421723384786011,606.3501664571264,606.3501664571264,606.3501664571264,2.0,7.021167221523754,31.010583610761877,39.04233444304751,41.04233444304751,operando,ok,true,twin
DEMO_NE_WTG06,2026-01-07T02:00:00Z,7.421723384786011,590.2696854946465,590.2696854946465,590.2696854946465,2.0,6.967565618315488,30.983782809157745,38.93513123663098,40.93513123663098,operando,ok,true,twin
DEMO_NE_WTG01,2026-01-07T02:10:00Z,7.12687031473831,590.8112804106776,590.8112804106776,590.8112804106776,2.0,6.969370934702258,30.984685467351127,38.93874186940452,40.93874186940452,operando,ok,true,twin
DEMO_NE_WTG02,2026-01-07T02:10:00Z,7.12687031473831,575.6112042846179,575.6112042846179,575.6112042846179,2.0,6.91870401428206,30.959352007141028,38.83740802856412,40.83740802856412,operando,ok,true,twin
DEMO_NE_WTG03,2026-01-07T02:10:00Z,7.12687031473831,560.654324146554,560.654324146554,560.654324146554,2.0,6.86884774715518,30.93442387357759,38.73769549431036,40.73769549431036,operando,ok,true,twin
DEMO_NE_WTG04,2026-01-07T02:10:00Z,7.12687031473831,545.9386787385181,545.9386787385181,545.9386787385181,2.0,6.8197955957950604,30.90989779789753,38.63959119159012,40.63959119159012,operando,ok,true,twin
DEMO_NE_WTG05,2026-01-07T02:10:00Z,7.12687031473831,531.4623068025422,531.4623068025422,531.4623068025422,2.0,6.771541022675141,30.88577051133757,38.54308204535028,40.54308204535028,operando,ok,true,twin
DEMO_NE_WTG06,2026-01-07T02:10:00Z,7.12687031473831,517.2232470806593,517.2232470806593,517.2232470806593,2.0,6.724077490268865,30.86203874513443,38.44815498053773,40.44815498053773,operando,ok,true,twin
DEMO_NE_WTG01,2026-01-07T02:20:00Z,7.25124905854226,624.8238445397423,624.8238445397423,624.8238445397423,2.0,7.082746148465807,31.041373074232904,39.16549229693162,41.16549229693162,operando,ok,true,twin
DEMO_NE_WTG02,2026-01-07T02:20:00Z,7.25124905854226,608.8139798724651,608.8139798724651,608.8139798724651,2.0,7.029379932908217,31.014689966454107,39.058759865816434,41.058759865816434,operando,ok,true,twin
DEMO_NE_WTG03,2026-01-07T02:20:00Z,7.25124905854226,593.060267531212,593.060267531212,593.060267531212,2.0,6.976867558437374,30.98843377921869,38.953735116874746,40.953735116874746,operando,ok,true,twin
DEMO_NE_WTG04,2026-01-07T02:20:00Z,7.25124905854226,577.5606417714185,577.5606417714185,577.5606417714185,2.0,6.925202139238062,30.96260106961903,38.85040427847612,40.85040427847612,operando,ok,true,twin
DEMO_NE_WTG05,2026-01-07T02:20:00Z,7.25124905854226,562.3130368485198,562.3130368485198,562.3130368485198,2.0,6.8743767894950665,30.937188394747533,38.74875357899013,40.74875357899013,operando,ok,true,twin
DEMO_NE_WTG06,2026-01-07T02:20:00Z,7.25124905854226,547.3153870179516,547.3153870179516,547.3153870179516,2.0,6.824384623393172,30.912192311696586,38.648769246786344,40.648769246786344,operando,ok,true,twin
DEMO_NE_WTG01,2026-01-07T02:30:00Z,7.513140338486339,700.3462423803206,700.3462423803206,700.3462423803206,2.0,7.334487474601069,31.167243737300534,39.66897494920214,41.66897494920214,operando,ok,true,twin
DEMO_NE_WTG02,2026-01-07T02:30:00Z,7.513140338486339,682.5383017977871,682.5383017977871,682.5383017977871,2.0,7.2751276726592895,31.137563836329644,39.55025534531858,41.55025534531858,operando,ok,true,twin
DEMO_NE_WTG03,2026-01-07T02:30:00Z,7.513140338486339,665.0152821372427,665.0152821372427,665.0152821372427,2.0,7.216717607124142,31.108358803562073,39.433435214248284,41.433435214248284,operando,ok,true,twin
DEMO_NE_WTG04,2026-01-07T02:30:00Z,7.513140338486339,647.7748856493159,647.7748856493159,647.7748856493159,2.0,7.159249618831053,31.079624809415527,39.31849923766211,41.31849923766211,operando,ok,true,twin
DEMO_NE_WTG05,2026-01-07T02:30:00Z,7.513140338486339,630.8148145846365,630.8148145846365,630.8148145846365,2.0,7.102716048615456,31.051358024307728,39.20543209723091,41.20543209723091,operando,ok,true,twin
DEMO_NE_WTG06,2026-01-07T02:30:00Z,7.513140338486339,614.1327711938333,614.1327711938333,614.1327711938333,2.0,7.047109237312778,31.023554618656387,39.094218474625556,41.094218474625556,operando,ok,true,twin
DEMO_NE_WTG01,2026-01-07T02:40:00Z,7.444795143970356,680.1191935924237,680.1191935924237,680.1191935924237,2.0,7.267063978641412,31.133531989320705,39.53412795728283,41.53412795728283,operando,ok,true,twin
DEMO_NE_WTG02,2026-01-07T02:40:00Z,7.444795143970356,662.7928289436817,662.7928289436817,662.7928289436817,2.0,7.209309429812272,31.104654714906136,39.418618859624544,41.418618859624544,operando,ok,true,twin
DEMO_NE_WTG03,2026-01-07T02:40:00Z,7.444795143970356,645.7436801676877,645.7436801676877,645.7436801676877,2.0,7.152478933892292,31.076239466946145,39.30495786778459,41.30495786778459,operando,ok,true,twin
DEMO_NE_WTG04,2026-01-07T02:40:00Z,7.444795143970356,628.9695116525645,628.9695116525645,628.9695116525645,2.0,7.096565038841882,31.04828251942094,39.19313007768376,41.19313007768376,operando,ok,true,twin
DEMO_NE_WTG05,2026-01-07T02:40:00Z,7.444795143970356,612.4680877864361,612.4680877864361,612.4680877864361,2.0,7.041560292621453,31.020780146310727,39.08312058524291,41.08312058524291,operando,ok,true,twin
DEMO_NE_WTG06,2026-01-07T02:40:00Z,7.444795143970356,596.2371729574246,596.2371729574246,596.2371729574246,2.0,6.9874572431914155,30.993728621595707,38.97491448638283,40.97491448638283,operando,ok,true,twin
DEMO_NE_WTG01,2026-01-07T02:50:00Z,6.8932901111269285,530.0732949526672,530.0732949526672,530.0732949526672,2.0,6.766910983175557,30.883455491587778,38.53382196635111,40.53382196635111,operando,ok,true,twin
DEMO_NE_WTG02,2026-01-07T02:50:00Z,6.8932901111269285,516.3192998822406,516.3192998822406,516.3192998822406,2.0,6.721064332940802,30.8605321664704,38.442128665881604,40.442128665881604,operando,ok,true,twin
DEMO_NE_WTG03,2026-01-07T02:50:00Z,6.8932901111269285,502.7853640004849,502.7853640004849,502.7853640004849,2.0,6.67595121333495,30.837975606667474,38.3519024266699,40.3519024266699,operando,ok,true,twin
DEMO_NE_WTG04,2026-01-07T02:50:00Z,6.8932901111269285,489.4697126365239,489.4697126365239,489.4697126365239,2.0,6.631565708788413,30.815782854394207,38.26313141757683,40.26313141757683,operando,ok,true,twin
DEMO_NE_WTG05,2026-01-07T02:50:00Z,6.8932901111269285,476.3705711194815,476.3705711194815,476.3705711194815,2.0,6.587901903731605,30.793950951865803,38.17580380746321,40.17580380746321,operando,ok,true,twin
DEMO_NE_WTG06,2026-01-07T02:50:00Z,6.8932901111269285,463.48616477848105,463.48616477848105,463.48616477848105,2.0,6.544953882594937,30.77247694129747,38.08990776518987,40.08990776518987,operando,ok,true,twin
